t_ms,V_mV
0.0,-76.0000
0.1,-75.9940
0.2,-75.9880
0.3,-75.9820
0.4,-75.9760
0.5,-75.9700
0.6,-75.9640
0.7,-75.9580
0.8,-75.9521
0.9,-75.9461
1.0,-75.9401
1.1,-75.9341
1.2,-75.9281
1.3,-75.9222
1.4,-75.9162
1.5,-75.9102
1.6,-75.9043
1.7,-75.8983
1.8,-75.8923
1.9,-75.8864
2.0,-75.8804
2.1,-75.8744
2.2,-75.8685
2.3,-75.8625
2.4,-75.8566
2.5,-75.8506
2.6,-75.8447
2.7,-75.8387
2.8,-75.8328
2.9,-75.8268
3.0,-75.8209
3.1,-75.8150
3.2,-75.8090
3.3,-75.8031
3.4,-75.7972
3.5,-75.7912
3.6,-75.7853
3.7,-75.7794
3.8,-75.7734
3.9,-75.7675
4.0,-75.7616
4.1,-75.7557
4.2,-75.7498
4.3,-75.7438
4.4,-75.7379
4.5,-75.7320
4.6,-75.7261
4.7,-75.7202
4.8,-75.7143
4.9,-75.7084
5.0,-75.7025
5.1,-75.6966
5.2,-75.6907
5.3,-75.6848
5.4,-75.6789
5.5,-75.6730
5.6,-75.6671
5.7,-75.6612
5.8,-75.6553
5.9,-75.6495
6.0,-75.6436
6.1,-75.6377
6.2,-75.6318
6.3,-75.6259
6.4,-75.6201
6.5,-75.6142
6.6,-75.6083
6.7,-75.6025
6.8,-75.5966
6.9,-75.5907
7.0,-75.5849
7.1,-75.5790
7.2,-75.5731
7.3,-75.5673
7.4,-75.5614
7.5,-75.5556
7.6,-75.5497
7.7,-75.5439
7.8,-75.5380
7.9,-75.5322
8.0,-75.5263
8.1,-75.5205
8.2,-75.5147
8.3,-75.5088
8.4,-75.5030
8.5,-75.4972
8.6,-75.4913
8.7,-75.4855
8.8,-75.4797
8.9,-75.4738
9.0,-75.4680
9.1,-75.4622
9.2,-75.4564
9.3,-75.4506
9.4,-75.4447
9.5,-75.4389
9.6,-75.4331
9.7,-75.4273
9.8,-75.4215
9.9,-75.4157
10.0,-75.4099
10.1,-75.4041
10.2,-75.3983
10.3,-75.3925
10.4,-75.3867
10.5,-75.3809
10.6,-75.3751
10.7,-75.3693
10.8,-75.3635
10.9,-75.3577
11.0,-75.3520
11.1,-75.3462
11.2,-75.3404
11.3,-75.3346
11.4,-75.3288
11.5,-75.3231
11.6,-75.3173
11.7,-75.3115
11.8,-75.3057
11.9,-75.3000
12.0,-75.2942
12.1,-75.2884
12.2,-75.2827
12.3,-75.2769
12.4,-75.2712
12.5,-75.2654
12.6,-75.2597
12.7,-75.2539
12.8,-75.2482
12.9,-75.2424
13.0,-75.2367
13.1,-75.2309
13.2,-75.2252
13.3,-75.2194
13.4,-75.2137
13.5,-75.2080
13.6,-75.2022
13.7,-75.1965
13.8,-75.1908
13.9,-75.1850
14.0,-75.1793
14.1,-75.1736
14.2,-75.1678
14.3,-75.1621
14.4,-75.1564
14.5,-75.1507
14.6,-75.1450
14.7,-75.1393
14.8,-75.1335
14.9,-75.1278
15.0,-75.1221
15.1,-75.1164
15.2,-75.1107
15.3,-75.1050
15.4,-75.0993
15.5,-75.0936
15.6,-75.0879
15.7,-75.0822
15.8,-75.0765
15.9,-75.0708
16.0,-75.0652
16.1,-75.0595
16.2,-75.0538
16.3,-75.0481
16.4,-75.0424
16.5,-75.0367
16.6,-75.0311
16.7,-75.0254
16.8,-75.0197
16.9,-75.0140
17.0,-75.0084
17.1,-75.0027
17.2,-74.9970
17.3,-74.9914
17.4,-74.9857
17.5,-74.9800
17.6,-74.9744
17.7,-74.9687
17.8,-74.9631
17.9,-74.9574
18.0,-74.9518
18.1,-74.9461
18.2,-74.9405
18.3,-74.9348
18.4,-74.9292
18.5,-74.9235
18.6,-74.9179
18.7,-74.9123
18.8,-74.9066
18.9,-74.9010
19.0,-74.8953
19.1,-74.8897
19.2,-74.8841
19.3,-74.8785
19.4,-74.8728
19.5,-74.8672
19.6,-74.8616
19.7,-74.8560
19.8,-74.8504
19.9,-74.8447
20.0,-74.8391
20.1,-74.8335
20.2,-74.8279
20.3,-74.8223
20.4,-74.8167
20.5,-74.8111
20.6,-74.8055
20.7,-74.7999
20.8,-74.7943
20.9,-74.7887
21.0,-74.7831
21.1,-74.7775
21.2,-74.7719
21.3,-74.7663
21.4,-74.7607
21.5,-74.7551
21.6,-74.7496
21.7,-74.7440
21.8,-74.7384
21.9,-74.7328
22.0,-74.7272
22.1,-74.7217
22.2,-74.7161
22.3,-74.7105
22.4,-74.7050
22.5,-74.6994
22.6,-74.6938
22.7,-74.6883
22.8,-74.6827
22.9,-74.6771
23.0,-74.6716
23.1,-74.6660
23.2,-74.6605
23.3,-74.6549
23.4,-74.6494
23.5,-74.6438
23.6,-74.6383
23.7,-74.6327
23.8,-74.6272
23.9,-74.6216
24.0,-74.6161
24.1,-74.6106
24.2,-74.6050
24.3,-74.5995
24.4,-74.5940
24.5,-74.5884
24.6,-74.5829
24.7,-74.5774
24.8,-74.5718
24.9,-74.5663
25.0,-74.5608
25.1,-74.5553
25.2,-74.5498
25.3,-74.5442
25.4,-74.5387
25.5,-74.5332
25.6,-74.5277
25.7,-74.5222
25.8,-74.5167
25.9,-74.5112
26.0,-74.5057
26.1,-74.5002
26.2,-74.4947
26.3,-74.4892
26.4,-74.4837
26.5,-74.4782
26.6,-74.4727
26.7,-74.4672
26.8,-74.4617
26.9,-74.4562
27.0,-74.4508
27.1,-74.4453
27.2,-74.4398
27.3,-74.4343
27.4,-74.4288
27.5,-74.4234
27.6,-74.4179
27.7,-74.4124
27.8,-74.4070
27.9,-74.4015
28.0,-74.3960
28.1,-74.3906
28.2,-74.3851
28.3,-74.3796
28.4,-74.3742
28.5,-74.3687
28.6,-74.3633
28.7,-74.3578
28.8,-74.3524
28.9,-74.3469
29.0,-74.3415
29.1,-74.3360
29.2,-74.3306
29.3,-74.3251
29.4,-74.3197
29.5,-74.3142
29.6,-74.3088
29.7,-74.3034
29.8,-74.2979
29.9,-74.2925
30.0,-74.2871
30.1,-74.2816
30.2,-74.2762
30.3,-74.2708
30.4,-74.2654
30.5,-74.2600
30.6,-74.2545
30.7,-74.2491
30.8,-74.2437
30.9,-74.2383
31.0,-74.2329
31.1,-74.2275
31.2,-74.2221
31.3,-74.2166
31.4,-74.2112
31.5,-74.2058
31.6,-74.2004
31.7,-74.1950
31.8,-74.1896
31.9,-74.1842
32.0,-74.1789
32.1,-74.1735
32.2,-74.1681
32.3,-74.1627
32.4,-74.1573
32.5,-74.1519
32.6,-74.1465
32.7,-74.1411
32.8,-74.1358
32.9,-74.1304
33.0,-74.1250
33.1,-74.1196
33.2,-74.1143
33.3,-74.1089
33.4,-74.1035
33.5,-74.0982
33.6,-74.0928
33.7,-74.0874
33.8,-74.0821
33.9,-74.0767
34.0,-74.0714
34.1,-74.0660
34.2,-74.0606
34.3,-74.0553
34.4,-74.0499
34.5,-74.0446
34.6,-74.0392
34.7,-74.0339
34.8,-74.0286
34.9,-74.0232
35.0,-74.0179
35.1,-74.0125
35.2,-74.0072
35.3,-74.0019
35.4,-73.9965
35.5,-73.9912
35.6,-73.9859
35.7,-73.9805
35.8,-73.9752
35.9,-73.9699
36.0,-73.9646
36.1,-73.9592
36.2,-73.9539
36.3,-73.9486
36.4,-73.9433
36.5,-73.9380
36.6,-73.9327
36.7,-73.9274
36.8,-73.9221
36.9,-73.9167
37.0,-73.9114
37.1,-73.9061
37.2,-73.9008
37.3,-73.8955
37.4,-73.8902
37.5,-73.8849
37.6,-73.8797
37.7,-73.8744
37.8,-73.8691
37.9,-73.8638
38.0,-73.8585
38.1,-73.8532
38.2,-73.8479
38.3,-73.8426
38.4,-73.8374
38.5,-73.8321
38.6,-73.8268
38.7,-73.8215
38.8,-73.8163
38.9,-73.8110
39.0,-73.8057
39.1,-73.8005
39.2,-73.7952
39.3,-73.7899
39.4,-73.7847
39.5,-73.7794
39.6,-73.7741
39.7,-73.7689
39.8,-73.7636
39.9,-73.7584
40.0,-73.7531
40.1,-73.7479
40.2,-73.7426
40.3,-73.7374
40.4,-73.7321
40.5,-73.7269
40.6,-73.7216
40.7,-73.7164
40.8,-73.7112
40.9,-73.7059
41.0,-73.7007
41.1,-73.6955
41.2,-73.6902
41.3,-73.6850
41.4,-73.6798
41.5,-73.6746
41.6,-73.6693
41.7,-73.6641
41.8,-73.6589
41.9,-73.6537
42.0,-73.6484
42.1,-73.6432
42.2,-73.6380
42.3,-73.6328
42.4,-73.6276
42.5,-73.6224
42.6,-73.6172
42.7,-73.6120
42.8,-73.6068
42.9,-73.6016
43.0,-73.5964
43.1,-73.5912
43.2,-73.5860
43.3,-73.5808
43.4,-73.5756
43.5,-73.5704
43.6,-73.5652
43.7,-73.5600
43.8,-73.5548
43.9,-73.5497
44.0,-73.5445
44.1,-73.5393
44.2,-73.5341
44.3,-73.5289
44.4,-73.5238
44.5,-73.5186
44.6,-73.5134
44.7,-73.5082
44.8,-73.5031
44.9,-73.4979
45.0,-73.4927
45.1,-73.4876
45.2,-73.4824
45.3,-73.4773
45.4,-73.4721
45.5,-73.4669
45.6,-73.4618
45.7,-73.4566
45.8,-73.4515
45.9,-73.4463
46.0,-73.4412
46.1,-73.4360
46.2,-73.4309
46.3,-73.4258
46.4,-73.4206
46.5,-73.4155
46.6,-73.4103
46.7,-73.4052
46.8,-73.4001
46.9,-73.3949
47.0,-73.3898
47.1,-73.3847
47.2,-73.3795
47.3,-73.3744
47.4,-73.3693
47.5,-73.3642
47.6,-73.3591
47.7,-73.3539
47.8,-73.3488
47.9,-73.3437
48.0,-73.3386
48.1,-73.3335
48.2,-73.3284
48.3,-73.3233
48.4,-73.3182
48.5,-73.3130
48.6,-73.3079
48.7,-73.3028
48.8,-73.2977
48.9,-73.2926
49.0,-73.2875
49.1,-73.2824
49.2,-73.2774
49.3,-73.2723
49.4,-73.2672
49.5,-73.2621
49.6,-73.2570
49.7,-73.2519
49.8,-73.2468
49.9,-73.2418
50.0,-73.2367
50.1,-73.2316
50.2,-73.2265
50.3,-73.2214
50.4,-73.2164
50.5,-73.2113
50.6,-73.2062
50.7,-73.2012
50.8,-73.1961
50.9,-73.1910
51.0,-73.1860
51.1,-73.1809
51.2,-73.1758
51.3,-73.1708
51.4,-73.1657
51.5,-73.1607
51.6,-73.1556
51.7,-73.1506
51.8,-73.1455
51.9,-73.1405
52.0,-73.1354
52.1,-73.1304
52.2,-73.1253
52.3,-73.1203
52.4,-73.1153
52.5,-73.1102
52.6,-73.1052
52.7,-73.1002
52.8,-73.0951
52.9,-73.0901
53.0,-73.0851
53.1,-73.0800
53.2,-73.0750
53.3,-73.0700
53.4,-73.0650
53.5,-73.0599
53.6,-73.0549
53.7,-73.0499
53.8,-73.0449
53.9,-73.0399
54.0,-73.0349
54.1,-73.0299
54.2,-73.0248
54.3,-73.0198
54.4,-73.0148
54.5,-73.0098
54.6,-73.0048
54.7,-72.9998
54.8,-72.9948
54.9,-72.9898
55.0,-72.9848
55.1,-72.9798
55.2,-72.9748
55.3,-72.9699
55.4,-72.9649
55.5,-72.9599
55.6,-72.9549
55.7,-72.9499
55.8,-72.9449
55.9,-72.9399
56.0,-72.9350
56.1,-72.9300
56.2,-72.9250
56.3,-72.9200
56.4,-72.9151
56.5,-72.9101
56.6,-72.9051
56.7,-72.9002
56.8,-72.8952
56.9,-72.8902
57.0,-72.8853
57.1,-72.8803
57.2,-72.8753
57.3,-72.8704
57.4,-72.8654
57.5,-72.8605
57.6,-72.8555
57.7,-72.8506
57.8,-72.8456
57.9,-72.8407
58.0,-72.8357
58.1,-72.8308
58.2,-72.8258
58.3,-72.8209
58.4,-72.8160
58.5,-72.8110
58.6,-72.8061
58.7,-72.8012
58.8,-72.7962
58.9,-72.7913
59.0,-72.7864
59.1,-72.7814
59.2,-72.7765
59.3,-72.7716
59.4,-72.7667
59.5,-72.7617
59.6,-72.7568
59.7,-72.7519
59.8,-72.7470
59.9,-72.7421
60.0,-72.7372
60.1,-72.7322
60.2,-72.7273
60.3,-72.7224
60.4,-72.7175
60.5,-72.7126
60.6,-72.7077
60.7,-72.7028
60.8,-72.6979
60.9,-72.6930
61.0,-72.6881
61.1,-72.6832
61.2,-72.6783
61.3,-72.6734
61.4,-72.6685
61.5,-72.6637
61.6,-72.6588
61.7,-72.6539
61.8,-72.6490
61.9,-72.6441
62.0,-72.6392
62.1,-72.6344
62.2,-72.6295
62.3,-72.6246
62.4,-72.6197
62.5,-72.6149
62.6,-72.6100
62.7,-72.6051
62.8,-72.6002
62.9,-72.5954
63.0,-72.5905
63.1,-72.5857
63.2,-72.5808
63.3,-72.5759
63.4,-72.5711
63.5,-72.5662
63.6,-72.5614
63.7,-72.5565
63.8,-72.5517
63.9,-72.5468
64.0,-72.5420
64.1,-72.5371
64.2,-72.5323
64.3,-72.5274
64.4,-72.5226
64.5,-72.5177
64.6,-72.5129
64.7,-72.5081
64.8,-72.5032
64.9,-72.4984
65.0,-72.4936
65.1,-72.4887
65.2,-72.4839
65.3,-72.4791
65.4,-72.4743
65.5,-72.4694
65.6,-72.4646
65.7,-72.4598
65.8,-72.4550
65.9,-72.4502
66.0,-72.4453
66.1,-72.4405
66.2,-72.4357
66.3,-72.4309
66.4,-72.4261
66.5,-72.4213
66.6,-72.4165
66.7,-72.4117
66.8,-72.4069
66.9,-72.4021
67.0,-72.3973
67.1,-72.3925
67.2,-72.3877
67.3,-72.3829
67.4,-72.3781
67.5,-72.3733
67.6,-72.3685
67.7,-72.3637
67.8,-72.3589
67.9,-72.3541
68.0,-72.3494
68.1,-72.3446
68.2,-72.3398
68.3,-72.3350
68.4,-72.3302
68.5,-72.3255
68.6,-72.3207
68.7,-72.3159
68.8,-72.3111
68.9,-72.3064
69.0,-72.3016
69.1,-72.2968
69.2,-72.2921
69.3,-72.2873
69.4,-72.2825
69.5,-72.2778
69.6,-72.2730
69.7,-72.2683
69.8,-72.2635
69.9,-72.2588
70.0,-72.2540
70.1,-72.2493
70.2,-72.2445
70.3,-72.2398
70.4,-72.2350
70.5,-72.2303
70.6,-72.2255
70.7,-72.2208
70.8,-72.2161
70.9,-72.2113
71.0,-72.2066
71.1,-72.2018
71.2,-72.1971
71.3,-72.1924
71.4,-72.1876
71.5,-72.1829
71.6,-72.1782
71.7,-72.1735
71.8,-72.1687
71.9,-72.1640
72.0,-72.1593
72.1,-72.1546
72.2,-72.1499
72.3,-72.1451
72.4,-72.1404
72.5,-72.1357
72.6,-72.1310
72.7,-72.1263
72.8,-72.1216
72.9,-72.1169
73.0,-72.1122
73.1,-72.1075
73.2,-72.1028
73.3,-72.0981
73.4,-72.0934
73.5,-72.0887
73.6,-72.0840
73.7,-72.0793
73.8,-72.0746
73.9,-72.0699
74.0,-72.0652
74.1,-72.0605
74.2,-72.0558
74.3,-72.0512
74.4,-72.0465
74.5,-72.0418
74.6,-72.0371
74.7,-72.0324
74.8,-72.0278
74.9,-72.0231
75.0,-72.0184
75.1,-72.0137
75.2,-72.0091
75.3,-72.0044
75.4,-71.9997
75.5,-71.9951
75.6,-71.9904
75.7,-71.9857
75.8,-71.9811
75.9,-71.9764
76.0,-71.9718
76.1,-71.9671
76.2,-71.9625
76.3,-71.9578
76.4,-71.9531
76.5,-71.9485
76.6,-71.9438
76.7,-71.9392
76.8,-71.9346
76.9,-71.9299
77.0,-71.9253
77.1,-71.9206
77.2,-71.9160
77.3,-71.9114
77.4,-71.9067
77.5,-71.9021
77.6,-71.8974
77.7,-71.8928
77.8,-71.8882
77.9,-71.8836
78.0,-71.8789
78.1,-71.8743
78.2,-71.8697
78.3,-71.8651
78.4,-71.8604
78.5,-71.8558
78.6,-71.8512
78.7,-71.8466
78.8,-71.8420
78.9,-71.8374
79.0,-71.8327
79.1,-71.8281
79.2,-71.8235
79.3,-71.8189
79.4,-71.8143
79.5,-71.8097
79.6,-71.8051
79.7,-71.8005
79.8,-71.7959
79.9,-71.7913
80.0,-71.7867
80.1,-71.7821
80.2,-71.7775
80.3,-71.7729
80.4,-71.7683
80.5,-71.7638
80.6,-71.7592
80.7,-71.7546
80.8,-71.7500
80.9,-71.7454
81.0,-71.7408
81.1,-71.7363
81.2,-71.7317
81.3,-71.7271
81.4,-71.7225
81.5,-71.7179
81.6,-71.7134
81.7,-71.7088
81.8,-71.7042
81.9,-71.6997
82.0,-71.6951
82.1,-71.6905
82.2,-71.6860
82.3,-71.6814
82.4,-71.6769
82.5,-71.6723
82.6,-71.6677
82.7,-71.6632
82.8,-71.6586
82.9,-71.6541
83.0,-71.6495
83.1,-71.6450
83.2,-71.6404
83.3,-71.6359
83.4,-71.6313
83.5,-71.6268
83.6,-71.6223
83.7,-71.6177
83.8,-71.6132
83.9,-71.6086
84.0,-71.6041
84.1,-71.5996
84.2,-71.5950
84.3,-71.5905
84.4,-71.5860
84.5,-71.5815
84.6,-71.5769
84.7,-71.5724
84.8,-71.5679
84.9,-71.5634
85.0,-71.5588
85.1,-71.5543
85.2,-71.5498
85.3,-71.5453
85.4,-71.5408
85.5,-71.5363
85.6,-71.5317
85.7,-71.5272
85.8,-71.5227
85.9,-71.5182
86.0,-71.5137
86.1,-71.5092
86.2,-71.5047
86.3,-71.5002
86.4,-71.4957
86.5,-71.4912
86.6,-71.4867
86.7,-71.4822
86.8,-71.4777
86.9,-71.4732
87.0,-71.4687
87.1,-71.4643
87.2,-71.4598
87.3,-71.4553
87.4,-71.4508
87.5,-71.4463
87.6,-71.4418
87.7,-71.4374
87.8,-71.4329
87.9,-71.4284
88.0,-71.4239
88.1,-71.4194
88.2,-71.4150
88.3,-71.4105
88.4,-71.4060
88.5,-71.4016
88.6,-71.3971
88.7,-71.3926
88.8,-71.3882
88.9,-71.3837
89.0,-71.3793
89.1,-71.3748
89.2,-71.3703
89.3,-71.3659
89.4,-71.3614
89.5,-71.3570
89.6,-71.3525
89.7,-71.3481
89.8,-71.3436
89.9,-71.3392
90.0,-71.3347
90.1,-71.3303
90.2,-71.3258
90.3,-71.3214
90.4,-71.3170
90.5,-71.3125
90.6,-71.3081
90.7,-71.3036
90.8,-71.2992
90.9,-71.2948
91.0,-71.2904
91.1,-71.2859
91.2,-71.2815
91.3,-71.2771
91.4,-71.2726
91.5,-71.2682
91.6,-71.2638
91.7,-71.2594
91.8,-71.2550
91.9,-71.2505
92.0,-71.2461
92.1,-71.2417
92.2,-71.2373
92.3,-71.2329
92.4,-71.2285
92.5,-71.2241
92.6,-71.2197
92.7,-71.2153
92.8,-71.2108
92.9,-71.2064
93.0,-71.2020
93.1,-71.1976
93.2,-71.1932
93.3,-71.1888
93.4,-71.1845
93.5,-71.1801
93.6,-71.1757
93.7,-71.1713
93.8,-71.1669
93.9,-71.1625
94.0,-71.1581
94.1,-71.1537
94.2,-71.1493
94.3,-71.1450
94.4,-71.1406
94.5,-71.1362
94.6,-71.1318
94.7,-71.1274
94.8,-71.1231
94.9,-71.1187
95.0,-71.1143
95.1,-71.1100
95.2,-71.1056
95.3,-71.1012
95.4,-71.0969
95.5,-71.0925
95.6,-71.0881
95.7,-71.0838
95.8,-71.0794
95.9,-71.0750
96.0,-71.0707
96.1,-71.0663
96.2,-71.0620
96.3,-71.0576
96.4,-71.0533
96.5,-71.0489
96.6,-71.0446
96.7,-71.0402
96.8,-71.0359
96.9,-71.0315
97.0,-71.0272
97.1,-71.0228
97.2,-71.0185
97.3,-71.0142
97.4,-71.0098
97.5,-71.0055
97.6,-71.0012
97.7,-70.9968
97.8,-70.9925
97.9,-70.9882
98.0,-70.9838
98.1,-70.9795
98.2,-70.9752
98.3,-70.9709
98.4,-70.9665
98.5,-70.9622
98.6,-70.9579
98.7,-70.9536
98.8,-70.9493
98.9,-70.9449
99.0,-70.9406
99.1,-70.9363
99.2,-70.9320
99.3,-70.9277
99.4,-70.9234
99.5,-70.9191
99.6,-70.9148
99.7,-70.9105
99.8,-70.9062
99.9,-70.9019
100.0,-70.8976
100.1,-70.8933
100.2,-70.8890
100.3,-70.8847
100.4,-70.8804
100.5,-70.8761
100.6,-70.8718
100.7,-70.8675
100.8,-70.8632
100.9,-70.8589
101.0,-70.8546
101.1,-70.8504
101.2,-70.8461
101.3,-70.8418
101.4,-70.8375
101.5,-70.8332
101.6,-70.8290
101.7,-70.8247
101.8,-70.8204
101.9,-70.8161
102.0,-70.8119
102.1,-70.8076
102.2,-70.8033
102.3,-70.7991
102.4,-70.7948
102.5,-70.7905
102.6,-70.7863
102.7,-70.7820
102.8,-70.7777
102.9,-70.7735
103.0,-70.7692
103.1,-70.7650
103.2,-70.7607
103.3,-70.7565
103.4,-70.7522
103.5,-70.7480
103.6,-70.7437
103.7,-70.7395
103.8,-70.7352
103.9,-70.7310
104.0,-70.7267
104.1,-70.7225
104.2,-70.7183
104.3,-70.7140
104.4,-70.7098
104.5,-70.7055
104.6,-70.7013
104.7,-70.6971
104.8,-70.6928
104.9,-70.6886
105.0,-70.6844
105.1,-70.6802
105.2,-70.6759
105.3,-70.6717
105.4,-70.6675
105.5,-70.6633
105.6,-70.6590
105.7,-70.6548
105.8,-70.6506
105.9,-70.6464
106.0,-70.6422
106.1,-70.6380
106.2,-70.6337
106.3,-70.6295
106.4,-70.6253
106.5,-70.6211
106.6,-70.6169
106.7,-70.6127
106.8,-70.6085
106.9,-70.6043
107.0,-70.6001
107.1,-70.5959
107.2,-70.5917
107.3,-70.5875
107.4,-70.5833
107.5,-70.5791
107.6,-70.5749
107.7,-70.5707
107.8,-70.5665
107.9,-70.5624
108.0,-70.5582
108.1,-70.5540
108.2,-70.5498
108.3,-70.5456
108.4,-70.5414
108.5,-70.5373
108.6,-70.5331
108.7,-70.5289
108.8,-70.5247
108.9,-70.5206
109.0,-70.5164
109.1,-70.5122
109.2,-70.5080
109.3,-70.5039
109.4,-70.4997
109.5,-70.4955
109.6,-70.4914
109.7,-70.4872
109.8,-70.4831
109.9,-70.4789
110.0,-70.4747
110.1,-70.4706
110.2,-70.4664
110.3,-70.4623
110.4,-70.4581
110.5,-70.4540
110.6,-70.4498
110.7,-70.4457
110.8,-70.4415
110.9,-70.4374
111.0,-70.4332
111.1,-70.4291
111.2,-70.4249
111.3,-70.4208
111.4,-70.4167
111.5,-70.4125
111.6,-70.4084
111.7,-70.4042
111.8,-70.4001
111.9,-70.3960
112.0,-70.3918
112.1,-70.3877
112.2,-70.3836
112.3,-70.3795
112.4,-70.3753
112.5,-70.3712
112.6,-70.3671
112.7,-70.3630
112.8,-70.3588
112.9,-70.3547
113.0,-70.3506
113.1,-70.3465
113.2,-70.3424
113.3,-70.3383
113.4,-70.3341
113.5,-70.3300
113.6,-70.3259
113.7,-70.3218
113.8,-70.3177
113.9,-70.3136
114.0,-70.3095
114.1,-70.3054
114.2,-70.3013
114.3,-70.2972
114.4,-70.2931
114.5,-70.2890
114.6,-70.2849
114.7,-70.2808
114.8,-70.2767
114.9,-70.2726
115.0,-70.2685
115.1,-70.2645
115.2,-70.2604
115.3,-70.2563
115.4,-70.2522
115.5,-70.2481
115.6,-70.2440
115.7,-70.2399
115.8,-70.2359
115.9,-70.2318
116.0,-70.2277
116.1,-70.2236
116.2,-70.2196
116.3,-70.2155
116.4,-70.2114
116.5,-70.2074
116.6,-70.2033
116.7,-70.1992
116.8,-70.1952
116.9,-70.1911
117.0,-70.1870
117.1,-70.1830
117.2,-70.1789
117.3,-70.1748
117.4,-70.1708
117.5,-70.1667
117.6,-70.1627
117.7,-70.1586
117.8,-70.1546
117.9,-70.1505
118.0,-70.1465
118.1,-70.1424
118.2,-70.1384
118.3,-70.1343
118.4,-70.1303
118.5,-70.1262
118.6,-70.1222
118.7,-70.1182
118.8,-70.1141
118.9,-70.1101
119.0,-70.1060
119.1,-70.1020
119.2,-70.0980
119.3,-70.0939
119.4,-70.0899
119.5,-70.0859
119.6,-70.0819
119.7,-70.0778
119.8,-70.0738
119.9,-70.0698
120.0,-70.0658
120.1,-70.0617
120.2,-70.0577
120.3,-70.0537
120.4,-70.0497
120.5,-70.0457
120.6,-70.0417
120.7,-70.0376
120.8,-70.0336
120.9,-70.0296
121.0,-70.0256
121.1,-70.0216
121.2,-70.0176
121.3,-70.0136
121.4,-70.0096
121.5,-70.0056
121.6,-70.0016
121.7,-69.9976
121.8,-69.9936
121.9,-69.9896
122.0,-69.9856
122.1,-69.9816
122.2,-69.9776
122.3,-69.9736
122.4,-69.9696
122.5,-69.9656
122.6,-69.9616
122.7,-69.9577
122.8,-69.9537
122.9,-69.9497
123.0,-69.9457
123.1,-69.9417
123.2,-69.9377
123.3,-69.9338
123.4,-69.9298
123.5,-69.9258
123.6,-69.9218
123.7,-69.9179
123.8,-69.9139
123.9,-69.9099
124.0,-69.9060
124.1,-69.9020
124.2,-69.8980
124.3,-69.8941
124.4,-69.8901
124.5,-69.8861
124.6,-69.8822
124.7,-69.8782
124.8,-69.8742
124.9,-69.8703
125.0,-69.8663
125.1,-69.8624
125.2,-69.8584
125.3,-69.8545
125.4,-69.8505
125.5,-69.8466
125.6,-69.8426
125.7,-69.8387
125.8,-69.8347
125.9,-69.8308
126.0,-69.8268
126.1,-69.8229
126.2,-69.8190
126.3,-69.8150
126.4,-69.8111
126.5,-69.8071
126.6,-69.8032
126.7,-69.7993
126.8,-69.7953
126.9,-69.7914
127.0,-69.7875
127.1,-69.7836
127.2,-69.7796
127.3,-69.7757
127.4,-69.7718
127.5,-69.7679
127.6,-69.7639
127.7,-69.7600
127.8,-69.7561
127.9,-69.7522
128.0,-69.7483
128.1,-69.7443
128.2,-69.7404
128.3,-69.7365
128.4,-69.7326
128.5,-69.7287
128.6,-69.7248
128.7,-69.7209
128.8,-69.7170
128.9,-69.7131
129.0,-69.7092
129.1,-69.7053
129.2,-69.7014
129.3,-69.6975
129.4,-69.6936
129.5,-69.6897
129.6,-69.6858
129.7,-69.6819
129.8,-69.6780
129.9,-69.6741
130.0,-69.6702
130.1,-69.6663
130.2,-69.6624
130.3,-69.6585
130.4,-69.6546
130.5,-69.6508
130.6,-69.6469
130.7,-69.6430
130.8,-69.6391
130.9,-69.6352
131.0,-69.6314
131.1,-69.6275
131.2,-69.6236
131.3,-69.6197
131.4,-69.6159
131.5,-69.6120
131.6,-69.6081
131.7,-69.6043
131.8,-69.6004
131.9,-69.5965
132.0,-69.5927
132.1,-69.5888
132.2,-69.5849
132.3,-69.5811
132.4,-69.5772
132.5,-69.5734
132.6,-69.5695
132.7,-69.5656
132.8,-69.5618
132.9,-69.5579
133.0,-69.5541
133.1,-69.5502
133.2,-69.5464
133.3,-69.5425
133.4,-69.5387
133.5,-69.5348
133.6,-69.5310
133.7,-69.5271
133.8,-69.5233
133.9,-69.5195
134.0,-69.5156
134.1,-69.5118
134.2,-69.5080
134.3,-69.5041
134.4,-69.5003
134.5,-69.4965
134.6,-69.4926
134.7,-69.4888
134.8,-69.4850
134.9,-69.4811
135.0,-69.4773
135.1,-69.4735
135.2,-69.4697
135.3,-69.4658
135.4,-69.4620
135.5,-69.4582
135.6,-69.4544
135.7,-69.4506
135.8,-69.4467
135.9,-69.4429
136.0,-69.4391
136.1,-69.4353
136.2,-69.4315
136.3,-69.4277
136.4,-69.4239
136.5,-69.4201
136.6,-69.4163
136.7,-69.4125
136.8,-69.4086
136.9,-69.4048
137.0,-69.4010
137.1,-69.3972
137.2,-69.3934
137.3,-69.3897
137.4,-69.3859
137.5,-69.3821
137.6,-69.3783
137.7,-69.3745
137.8,-69.3707
137.9,-69.3669
138.0,-69.3631
138.1,-69.3593
138.2,-69.3555
138.3,-69.3517
138.4,-69.3480
138.5,-69.3442
138.6,-69.3404
138.7,-69.3366
138.8,-69.3328
138.9,-69.3291
139.0,-69.3253
139.1,-69.3215
139.2,-69.3177
139.3,-69.3140
139.4,-69.3102
139.5,-69.3064
139.6,-69.3027
139.7,-69.2989
139.8,-69.2951
139.9,-69.2914
140.0,-69.2876
140.1,-69.2838
140.2,-69.2801
140.3,-69.2763
140.4,-69.2726
140.5,-69.2688
140.6,-69.2651
140.7,-69.2613
140.8,-69.2575
140.9,-69.2538
141.0,-69.2500
141.1,-69.2463
141.2,-69.2425
141.3,-69.2388
141.4,-69.2351
141.5,-69.2313
141.6,-69.2276
141.7,-69.2238
141.8,-69.2201
141.9,-69.2163
142.0,-69.2126
142.1,-69.2089
142.2,-69.2051
142.3,-69.2014
142.4,-69.1977
142.5,-69.1939
142.6,-69.1902
142.7,-69.1865
142.8,-69.1827
142.9,-69.1790
143.0,-69.1753
143.1,-69.1716
143.2,-69.1678
143.3,-69.1641
143.4,-69.1604
143.5,-69.1567
143.6,-69.1530
143.7,-69.1492
143.8,-69.1455
143.9,-69.1418
144.0,-69.1381
144.1,-69.1344
144.2,-69.1307
144.3,-69.1270
144.4,-69.1233
144.5,-69.1196
144.6,-69.1158
144.7,-69.1121
144.8,-69.1084
144.9,-69.1047
145.0,-69.1010
145.1,-69.0973
145.2,-69.0936
145.3,-69.0899
145.4,-69.0862
145.5,-69.0825
145.6,-69.0789
145.7,-69.0752
145.8,-69.0715
145.9,-69.0678
146.0,-69.0641
146.1,-69.0604
146.2,-69.0567
146.3,-69.0530
146.4,-69.0494
146.5,-69.0457
146.6,-69.0420
146.7,-69.0383
146.8,-69.0346
146.9,-69.0310
147.0,-69.0273
147.1,-69.0236
147.2,-69.0199
147.3,-69.0163
147.4,-69.0126
147.5,-69.0089
147.6,-69.0052
147.7,-69.0016
147.8,-68.9979
147.9,-68.9942
148.0,-68.9906
148.1,-68.9869
148.2,-68.9833
148.3,-68.9796
148.4,-68.9759
148.5,-68.9723
148.6,-68.9686
148.7,-68.9650
148.8,-68.9613
148.9,-68.9577
149.0,-68.9540
149.1,-68.9504
149.2,-68.9467
149.3,-68.9431
149.4,-68.9394
149.5,-68.9358
149.6,-68.9321
149.7,-68.9285
149.8,-68.9248
149.9,-68.9212
150.0,-68.9176
150.1,-68.9139
150.2,-68.9103
150.3,-68.9066
150.4,-68.9030
150.5,-68.8994
150.6,-68.8957
150.7,-68.8921
150.8,-68.8885
150.9,-68.8848
151.0,-68.8812
151.1,-68.8776
151.2,-68.8740
151.3,-68.8703
151.4,-68.8667
151.5,-68.8631
151.6,-68.8595
151.7,-68.8559
151.8,-68.8522
151.9,-68.8486
152.0,-68.8450
152.1,-68.8414
152.2,-68.8378
152.3,-68.8342
152.4,-68.8306
152.5,-68.8270
152.6,-68.8233
152.7,-68.8197
152.8,-68.8161
152.9,-68.8125
153.0,-68.8089
153.1,-68.8053
153.2,-68.8017
153.3,-68.7981
153.4,-68.7945
153.5,-68.7909
153.6,-68.7873
153.7,-68.7837
153.8,-68.7801
153.9,-68.7765
154.0,-68.7730
154.1,-68.7694
154.2,-68.7658
154.3,-68.7622
154.4,-68.7586
154.5,-68.7550
154.6,-68.7514
154.7,-68.7478
154.8,-68.7443
154.9,-68.7407
155.0,-68.7371
155.1,-68.7335
155.2,-68.7299
155.3,-68.7264
155.4,-68.7228
155.5,-68.7192
155.6,-68.7156
155.7,-68.7121
155.8,-68.7085
155.9,-68.7049
156.0,-68.7014
156.1,-68.6978
156.2,-68.6942
156.3,-68.6907
156.4,-68.6871
156.5,-68.6835
156.6,-68.6800
156.7,-68.6764
156.8,-68.6729
156.9,-68.6693
157.0,-68.6658
157.1,-68.6622
157.2,-68.6586
157.3,-68.6551
157.4,-68.6515
157.5,-68.6480
157.6,-68.6444
157.7,-68.6409
157.8,-68.6374
157.9,-68.6338
158.0,-68.6303
158.1,-68.6267
158.2,-68.6232
158.3,-68.6196
158.4,-68.6161
158.5,-68.6126
158.6,-68.6090
158.7,-68.6055
158.8,-68.6020
158.9,-68.5984
159.0,-68.5949
159.1,-68.5914
159.2,-68.5878
159.3,-68.5843
159.4,-68.5808
159.5,-68.5772
159.6,-68.5737
159.7,-68.5702
159.8,-68.5667
159.9,-68.5632
160.0,-68.5596
160.1,-68.5561
160.2,-68.5526
160.3,-68.5491
160.4,-68.5456
160.5,-68.5420
160.6,-68.5385
160.7,-68.5350
160.8,-68.5315
160.9,-68.5280
161.0,-68.5245
161.1,-68.5210
161.2,-68.5175
161.3,-68.5140
161.4,-68.5105
161.5,-68.5070
161.6,-68.5035
161.7,-68.5000
161.8,-68.4965
161.9,-68.4930
162.0,-68.4895
162.1,-68.4860
162.2,-68.4825
162.3,-68.4790
162.4,-68.4755
162.5,-68.4720
162.6,-68.4685
162.7,-68.4650
162.8,-68.4615
162.9,-68.4580
163.0,-68.4546
163.1,-68.4511
163.2,-68.4476
163.3,-68.4441
163.4,-68.4406
163.5,-68.4372
163.6,-68.4337
163.7,-68.4302
163.8,-68.4267
163.9,-68.4232
164.0,-68.4198
164.1,-68.4163
164.2,-68.4128
164.3,-68.4094
164.4,-68.4059
164.5,-68.4024
164.6,-68.3990
164.7,-68.3955
164.8,-68.3920
164.9,-68.3886
165.0,-68.3851
165.1,-68.3816
165.2,-68.3782
165.3,-68.3747
165.4,-68.3713
165.5,-68.3678
165.6,-68.3643
165.7,-68.3609
165.8,-68.3574
165.9,-68.3540
166.0,-68.3505
166.1,-68.3471
166.2,-68.3436
166.3,-68.3402
166.4,-68.3367
166.5,-68.3333
166.6,-68.3299
166.7,-68.3264
166.8,-68.3230
166.9,-68.3195
167.0,-68.3161
167.1,-68.3127
167.2,-68.3092
167.3,-68.3058
167.4,-68.3023
167.5,-68.2989
167.6,-68.2955
167.7,-68.2921
167.8,-68.2886
167.9,-68.2852
168.0,-68.2818
168.1,-68.2783
168.2,-68.2749
168.3,-68.2715
168.4,-68.2681
168.5,-68.2646
168.6,-68.2612
168.7,-68.2578
168.8,-68.2544
168.9,-68.2510
169.0,-68.2475
169.1,-68.2441
169.2,-68.2407
169.3,-68.2373
169.4,-68.2339
169.5,-68.2305
169.6,-68.2271
169.7,-68.2237
169.8,-68.2203
169.9,-68.2169
170.0,-68.2134
170.1,-68.2100
170.2,-68.2066
170.3,-68.2032
170.4,-68.1998
170.5,-68.1964
170.6,-68.1930
170.7,-68.1896
170.8,-68.1862
170.9,-68.1829
171.0,-68.1795
171.1,-68.1761
171.2,-68.1727
171.3,-68.1693
171.4,-68.1659
171.5,-68.1625
171.6,-68.1591
171.7,-68.1557
171.8,-68.1523
171.9,-68.1490
172.0,-68.1456
172.1,-68.1422
172.2,-68.1388
172.3,-68.1354
172.4,-68.1321
172.5,-68.1287
172.6,-68.1253
172.7,-68.1219
172.8,-68.1186
172.9,-68.1152
173.0,-68.1118
173.1,-68.1085
173.2,-68.1051
173.3,-68.1017
173.4,-68.0983
173.5,-68.0950
173.6,-68.0916
173.7,-68.0883
173.8,-68.0849
173.9,-68.0815
174.0,-68.0782
174.1,-68.0748
174.2,-68.0715
174.3,-68.0681
174.4,-68.0647
174.5,-68.0614
174.6,-68.0580
174.7,-68.0547
174.8,-68.0513
174.9,-68.0480
175.0,-68.0446
175.1,-68.0413
175.2,-68.0379
175.3,-68.0346
175.4,-68.0312
175.5,-68.0279
175.6,-68.0246
175.7,-68.0212
175.8,-68.0179
175.9,-68.0145
176.0,-68.0112
176.1,-68.0079
176.2,-68.0045
176.3,-68.0012
176.4,-67.9979
176.5,-67.9945
176.6,-67.9912
176.7,-67.9879
176.8,-67.9845
176.9,-67.9812
177.0,-67.9779
177.1,-67.9746
177.2,-67.9712
177.3,-67.9679
177.4,-67.9646
177.5,-67.9613
177.6,-67.9580
177.7,-67.9546
177.8,-67.9513
177.9,-67.9480
178.0,-67.9447
178.1,-67.9414
178.2,-67.9381
178.3,-67.9347
178.4,-67.9314
178.5,-67.9281
178.6,-67.9248
178.7,-67.9215
178.8,-67.9182
178.9,-67.9149
179.0,-67.9116
179.1,-67.9083
179.2,-67.9050
179.3,-67.9017
179.4,-67.8984
179.5,-67.8951
179.6,-67.8918
179.7,-67.8885
179.8,-67.8852
179.9,-67.8819
180.0,-67.8786
180.1,-67.8753
180.2,-67.8720
180.3,-67.8687
180.4,-67.8654
180.5,-67.8622
180.6,-67.8589
180.7,-67.8556
180.8,-67.8523
180.9,-67.8490
181.0,-67.8457
181.1,-67.8425
181.2,-67.8392
181.3,-67.8359
181.4,-67.8326
181.5,-67.8293
181.6,-67.8261
181.7,-67.8228
181.8,-67.8195
181.9,-67.8162
182.0,-67.8130
182.1,-67.8097
182.2,-67.8064
182.3,-67.8032
182.4,-67.7999
182.5,-67.7966
182.6,-67.7934
182.7,-67.7901
182.8,-67.7868
182.9,-67.7836
183.0,-67.7803
183.1,-67.7771
183.2,-67.7738
183.3,-67.7705
183.4,-67.7673
183.5,-67.7640
183.6,-67.7608
183.7,-67.7575
183.8,-67.7543
183.9,-67.7510
184.0,-67.7478
184.1,-67.7445
184.2,-67.7413
184.3,-67.7380
184.4,-67.7348
184.5,-67.7315
184.6,-67.7283
184.7,-67.7251
184.8,-67.7218
184.9,-67.7186
185.0,-67.7153
185.1,-67.7121
185.2,-67.7089
185.3,-67.7056
185.4,-67.7024
185.5,-67.6992
185.6,-67.6959
185.7,-67.6927
185.8,-67.6895
185.9,-67.6862
186.0,-67.6830
186.1,-67.6798
186.2,-67.6765
186.3,-67.6733
186.4,-67.6701
186.5,-67.6669
186.6,-67.6637
186.7,-67.6604
186.8,-67.6572
186.9,-67.6540
187.0,-67.6508
187.1,-67.6476
187.2,-67.6443
187.3,-67.6411
187.4,-67.6379
187.5,-67.6347
187.6,-67.6315
187.7,-67.6283
187.8,-67.6251
187.9,-67.6219
188.0,-67.6187
188.1,-67.6155
188.2,-67.6123
188.3,-67.6090
188.4,-67.6058
188.5,-67.6026
188.6,-67.5994
188.7,-67.5962
188.8,-67.5930
188.9,-67.5898
189.0,-67.5867
189.1,-67.5835
189.2,-67.5803
189.3,-67.5771
189.4,-67.5739
189.5,-67.5707
189.6,-67.5675
189.7,-67.5643
189.8,-67.5611
189.9,-67.5579
190.0,-67.5548
190.1,-67.5516
190.2,-67.5484
190.3,-67.5452
190.4,-67.5420
190.5,-67.5388
190.6,-67.5357
190.7,-67.5325
190.8,-67.5293
190.9,-67.5261
191.0,-67.5230
191.1,-67.5198
191.2,-67.5166
191.3,-67.5134
191.4,-67.5103
191.5,-67.5071
191.6,-67.5039
191.7,-67.5008
191.8,-67.4976
191.9,-67.4944
192.0,-67.4913
192.1,-67.4881
192.2,-67.4849
192.3,-67.4818
192.4,-67.4786
192.5,-67.4755
192.6,-67.4723
192.7,-67.4691
192.8,-67.4660
192.9,-67.4628
193.0,-67.4597
193.1,-67.4565
193.2,-67.4534
193.3,-67.4502
193.4,-67.4471
193.5,-67.4439
193.6,-67.4408
193.7,-67.4376
193.8,-67.4345
193.9,-67.4313
194.0,-67.4282
194.1,-67.4251
194.2,-67.4219
194.3,-67.4188
194.4,-67.4156
194.5,-67.4125
194.6,-67.4094
194.7,-67.4062
194.8,-67.4031
194.9,-67.4000
195.0,-67.3968
195.1,-67.3937
195.2,-67.3906
195.3,-67.3874
195.4,-67.3843
195.5,-67.3812
195.6,-67.3780
195.7,-67.3749
195.8,-67.3718
195.9,-67.3687
196.0,-67.3656
196.1,-67.3624
196.2,-67.3593
196.3,-67.3562
196.4,-67.3531
196.5,-67.3500
196.6,-67.3468
196.7,-67.3437
196.8,-67.3406
196.9,-67.3375
197.0,-67.3344
197.1,-67.3313
197.2,-67.3282
197.3,-67.3251
197.4,-67.3219
197.5,-67.3188
197.6,-67.3157
197.7,-67.3126
197.8,-67.3095
197.9,-67.3064
198.0,-67.3033
198.1,-67.3002
198.2,-67.2971
198.3,-67.2940
198.4,-67.2909
198.5,-67.2878
198.6,-67.2847
198.7,-67.2816
198.8,-67.2785
198.9,-67.2755
199.0,-67.2724
199.1,-67.2693
199.2,-67.2662
199.3,-67.2631
199.4,-67.2600
199.5,-67.2569
199.6,-67.2538
199.7,-67.2508
199.8,-67.2477
199.9,-67.2446
200.0,-67.2415
200.1,-67.2384
200.2,-67.2353
200.3,-67.2323
200.4,-67.2292
200.5,-67.2261
200.6,-67.2230
200.7,-67.2200
200.8,-67.2169
200.9,-67.2138
201.0,-67.2108
201.1,-67.2077
201.2,-67.2046
201.3,-67.2015
201.4,-67.1985
201.5,-67.1954
201.6,-67.1924
201.7,-67.1893
201.8,-67.1862
201.9,-67.1832
202.0,-67.1801
202.1,-67.1770
202.2,-67.1740
202.3,-67.1709
202.4,-67.1679
202.5,-67.1648
202.6,-67.1618
202.7,-67.1587
202.8,-67.1557
202.9,-67.1526
203.0,-67.1496
203.1,-67.1465
203.2,-67.1435
203.3,-67.1404
203.4,-67.1374
203.5,-67.1343
203.6,-67.1313
203.7,-67.1282
203.8,-67.1252
203.9,-67.1221
204.0,-67.1191
204.1,-67.1161
204.2,-67.1130
204.3,-67.1100
204.4,-67.1070
204.5,-67.1039
204.6,-67.1009
204.7,-67.0979
204.8,-67.0948
204.9,-67.0918
205.0,-67.0888
205.1,-67.0857
205.2,-67.0827
205.3,-67.0797
205.4,-67.0766
205.5,-67.0736
205.6,-67.0706
205.7,-67.0676
205.8,-67.0646
205.9,-67.0615
206.0,-67.0585
206.1,-67.0555
206.2,-67.0525
206.3,-67.0495
206.4,-67.0464
206.5,-67.0434
206.6,-67.0404
206.7,-67.0374
206.8,-67.0344
206.9,-67.0314
207.0,-67.0284
207.1,-67.0254
207.2,-67.0224
207.3,-67.0193
207.4,-67.0163
207.5,-67.0133
207.6,-67.0103
207.7,-67.0073
207.8,-67.0043
207.9,-67.0013
208.0,-66.9983
208.1,-66.9953
208.2,-66.9923
208.3,-66.9893
208.4,-66.9863
208.5,-66.9833
208.6,-66.9803
208.7,-66.9774
208.8,-66.9744
208.9,-66.9714
209.0,-66.9684
209.1,-66.9654
209.2,-66.9624
209.3,-66.9594
209.4,-66.9564
209.5,-66.9534
209.6,-66.9505
209.7,-66.9475
209.8,-66.9445
209.9,-66.9415
210.0,-66.9385
210.1,-66.9356
210.2,-66.9326
210.3,-66.9296
210.4,-66.9266
210.5,-66.9237
210.6,-66.9207
210.7,-66.9177
210.8,-66.9147
210.9,-66.9118
211.0,-66.9088
211.1,-66.9058
211.2,-66.9029
211.3,-66.8999
211.4,-66.8969
211.5,-66.8940
211.6,-66.8910
211.7,-66.8880
211.8,-66.8851
211.9,-66.8821
212.0,-66.8791
212.1,-66.8762
212.2,-66.8732
212.3,-66.8703
212.4,-66.8673
212.5,-66.8644
212.6,-66.8614
212.7,-66.8584
212.8,-66.8555
212.9,-66.8525
213.0,-66.8496
213.1,-66.8466
213.2,-66.8437
213.3,-66.8408
213.4,-66.8378
213.5,-66.8349
213.6,-66.8319
213.7,-66.8290
213.8,-66.8260
213.9,-66.8231
214.0,-66.8201
214.1,-66.8172
214.2,-66.8143
214.3,-66.8113
214.4,-66.8084
214.5,-66.8055
214.6,-66.8025
214.7,-66.7996
214.8,-66.7967
214.9,-66.7937
215.0,-66.7908
215.1,-66.7879
215.2,-66.7849
215.3,-66.7820
215.4,-66.7791
215.5,-66.7762
215.6,-66.7732
215.7,-66.7703
215.8,-66.7674
215.9,-66.7645
216.0,-66.7615
216.1,-66.7586
216.2,-66.7557
216.3,-66.7528
216.4,-66.7499
216.5,-66.7470
216.6,-66.7440
216.7,-66.7411
216.8,-66.7382
216.9,-66.7353
217.0,-66.7324
217.1,-66.7295
217.2,-66.7266
217.3,-66.7237
217.4,-66.7207
217.5,-66.7178
217.6,-66.7149
217.7,-66.7120
217.8,-66.7091
217.9,-66.7062
218.0,-66.7033
218.1,-66.7004
218.2,-66.6975
218.3,-66.6946
218.4,-66.6917
218.5,-66.6888
218.6,-66.6859
218.7,-66.6830
218.8,-66.6801
218.9,-66.6773
219.0,-66.6744
219.1,-66.6715
219.2,-66.6686
219.3,-66.6657
219.4,-66.6628
219.5,-66.6599
219.6,-66.6570
219.7,-66.6541
219.8,-66.6513
219.9,-66.6484
220.0,-66.6455
220.1,-66.6426
220.2,-66.6397
220.3,-66.6369
220.4,-66.6340
220.5,-66.6311
220.6,-66.6282
220.7,-66.6253
220.8,-66.6225
220.9,-66.6196
221.0,-66.6167
221.1,-66.6139
221.2,-66.6110
221.3,-66.6081
221.4,-66.6052
221.5,-66.6024
221.6,-66.5995
221.7,-66.5966
221.8,-66.5938
221.9,-66.5909
222.0,-66.5881
222.1,-66.5852
222.2,-66.5823
222.3,-66.5795
222.4,-66.5766
222.5,-66.5737
222.6,-66.5709
222.7,-66.5680
222.8,-66.5652
222.9,-66.5623
223.0,-66.5595
223.1,-66.5566
223.2,-66.5538
223.3,-66.5509
223.4,-66.5481
223.5,-66.5452
223.6,-66.5424
223.7,-66.5395
223.8,-66.5367
223.9,-66.5338
224.0,-66.5310
224.1,-66.5281
224.2,-66.5253
224.3,-66.5225
224.4,-66.5196
224.5,-66.5168
224.6,-66.5139
224.7,-66.5111
224.8,-66.5083
224.9,-66.5054
225.0,-66.5026
225.1,-66.4998
225.2,-66.4969
225.3,-66.4941
225.4,-66.4913
225.5,-66.4884
225.6,-66.4856
225.7,-66.4828
225.8,-66.4800
225.9,-66.4771
226.0,-66.4743
226.1,-66.4715
226.2,-66.4687
226.3,-66.4658
226.4,-66.4630
226.5,-66.4602
226.6,-66.4574
226.7,-66.4546
226.8,-66.4517
226.9,-66.4489
227.0,-66.4461
227.1,-66.4433
227.2,-66.4405
227.3,-66.4377
227.4,-66.4348
227.5,-66.4320
227.6,-66.4292
227.7,-66.4264
227.8,-66.4236
227.9,-66.4208
228.0,-66.4180
228.1,-66.4152
228.2,-66.4124
228.3,-66.4096
228.4,-66.4068
228.5,-66.4040
228.6,-66.4012
228.7,-66.3984
228.8,-66.3956
228.9,-66.3928
229.0,-66.3900
229.1,-66.3872
229.2,-66.3844
229.3,-66.3816
229.4,-66.3788
229.5,-66.3760
229.6,-66.3732
229.7,-66.3704
229.8,-66.3676
229.9,-66.3649
230.0,-66.3621
230.1,-66.3593
230.2,-66.3565
230.3,-66.3537
230.4,-66.3509
230.5,-66.3481
230.6,-66.3454
230.7,-66.3426
230.8,-66.3398
230.9,-66.3370
231.0,-66.3342
231.1,-66.3315
231.2,-66.3287
231.3,-66.3259
231.4,-66.3231
231.5,-66.3204
231.6,-66.3176
231.7,-66.3148
231.8,-66.3120
231.9,-66.3093
232.0,-66.3065
232.1,-66.3037
232.2,-66.3010
232.3,-66.2982
232.4,-66.2954
232.5,-66.2927
232.6,-66.2899
232.7,-66.2871
232.8,-66.2844
232.9,-66.2816
233.0,-66.2789
233.1,-66.2761
233.2,-66.2733
233.3,-66.2706
233.4,-66.2678
233.5,-66.2651
233.6,-66.2623
233.7,-66.2596
233.8,-66.2568
233.9,-66.2541
234.0,-66.2513
234.1,-66.2486
234.2,-66.2458
234.3,-66.2431
234.4,-66.2403
234.5,-66.2376
234.6,-66.2348
234.7,-66.2321
234.8,-66.2293
234.9,-66.2266
235.0,-66.2238
235.1,-66.2211
235.2,-66.2184
235.3,-66.2156
235.4,-66.2129
235.5,-66.2102
235.6,-66.2074
235.7,-66.2047
235.8,-66.2019
235.9,-66.1992
236.0,-66.1965
236.1,-66.1938
236.2,-66.1910
236.3,-66.1883
236.4,-66.1856
236.5,-66.1828
236.6,-66.1801
236.7,-66.1774
236.8,-66.1747
236.9,-66.1719
237.0,-66.1692
237.1,-66.1665
237.2,-66.1638
237.3,-66.1610
237.4,-66.1583
237.5,-66.1556
237.6,-66.1529
237.7,-66.1502
237.8,-66.1475
237.9,-66.1447
238.0,-66.1420
238.1,-66.1393
238.2,-66.1366
238.3,-66.1339
238.4,-66.1312
238.5,-66.1285
238.6,-66.1258
238.7,-66.1230
238.8,-66.1203
238.9,-66.1176
239.0,-66.1149
239.1,-66.1122
239.2,-66.1095
239.3,-66.1068
239.4,-66.1041
239.5,-66.1014
239.6,-66.0987
239.7,-66.0960
239.8,-66.0933
239.9,-66.0906
240.0,-66.0879
240.1,-66.0852
240.2,-66.0825
240.3,-66.0798
240.4,-66.0771
240.5,-66.0745
240.6,-66.0718
240.7,-66.0691
240.8,-66.0664
240.9,-66.0637
241.0,-66.0610
241.1,-66.0583
241.2,-66.0556
241.3,-66.0529
241.4,-66.0503
241.5,-66.0476
241.6,-66.0449
241.7,-66.0422
241.8,-66.0395
241.9,-66.0369
242.0,-66.0342
242.1,-66.0315
242.2,-66.0288
242.3,-66.0262
242.4,-66.0235
242.5,-66.0208
242.6,-66.0181
242.7,-66.0155
242.8,-66.0128
242.9,-66.0101
243.0,-66.0074
243.1,-66.0048
243.2,-66.0021
243.3,-65.9994
243.4,-65.9968
243.5,-65.9941
243.6,-65.9914
243.7,-65.9888
243.8,-65.9861
243.9,-65.9835
244.0,-65.9808
244.1,-65.9781
244.2,-65.9755
244.3,-65.9728
244.4,-65.9702
244.5,-65.9675
244.6,-65.9649
244.7,-65.9622
244.8,-65.9595
244.9,-65.9569
245.0,-65.9542
245.1,-65.9516
245.2,-65.9489
245.3,-65.9463
245.4,-65.9436
245.5,-65.9410
245.6,-65.9383
245.7,-65.9357
245.8,-65.9331
245.9,-65.9304
246.0,-65.9278
246.1,-65.9251
246.2,-65.9225
246.3,-65.9198
246.4,-65.9172
246.5,-65.9146
246.6,-65.9119
246.7,-65.9093
246.8,-65.9067
246.9,-65.9040
247.0,-65.9014
247.1,-65.8988
247.2,-65.8961
247.3,-65.8935
247.4,-65.8909
247.5,-65.8882
247.6,-65.8856
247.7,-65.8830
247.8,-65.8803
247.9,-65.8777
248.0,-65.8751
248.1,-65.8725
248.2,-65.8698
248.3,-65.8672
248.4,-65.8646
248.5,-65.8620
248.6,-65.8594
248.7,-65.8567
248.8,-65.8541
248.9,-65.8515
249.0,-65.8489
249.1,-65.8463
249.2,-65.8437
249.3,-65.8410
249.4,-65.8384
249.5,-65.8358
249.6,-65.8332
249.7,-65.8306
249.8,-65.8280
249.9,-65.8254
250.0,-65.8228
250.1,-65.8202
250.2,-65.8176
250.3,-65.8149
250.4,-65.8123
250.5,-65.8097
250.6,-65.8071
250.7,-65.8045
250.8,-65.8019
250.9,-65.7993
251.0,-65.7967
251.1,-65.7941
251.2,-65.7915
251.3,-65.7889
251.4,-65.7863
251.5,-65.7838
251.6,-65.7812
251.7,-65.7786
251.8,-65.7760
251.9,-65.7734
252.0,-65.7708
252.1,-65.7682
252.2,-65.7656
252.3,-65.7630
252.4,-65.7604
252.5,-65.7578
252.6,-65.7553
252.7,-65.7527
252.8,-65.7501
252.9,-65.7475
253.0,-65.7449
253.1,-65.7423
253.2,-65.7398
253.3,-65.7372
253.4,-65.7346
253.5,-65.7320
253.6,-65.7295
253.7,-65.7269
253.8,-65.7243
253.9,-65.7217
254.0,-65.7192
254.1,-65.7166
254.2,-65.7140
254.3,-65.7114
254.4,-65.7089
254.5,-65.7063
254.6,-65.7037
254.7,-65.7012
254.8,-65.6986
254.9,-65.6960
255.0,-65.6935
255.1,-65.6909
255.2,-65.6883
255.3,-65.6858
255.4,-65.6832
255.5,-65.6807
255.6,-65.6781
255.7,-65.6755
255.8,-65.6730
255.9,-65.6704
256.0,-65.6679
256.1,-65.6653
256.2,-65.6628
256.3,-65.6602
256.4,-65.6576
256.5,-65.6551
256.6,-65.6525
256.7,-65.6500
256.8,-65.6474
256.9,-65.6449
257.0,-65.6423
257.1,-65.6398
257.2,-65.6373
257.3,-65.6347
257.4,-65.6322
257.5,-65.6296
257.6,-65.6271
257.7,-65.6245
257.8,-65.6220
257.9,-65.6195
258.0,-65.6169
258.1,-65.6144
258.2,-65.6118
258.3,-65.6093
258.4,-65.6068
258.5,-65.6042
258.6,-65.6017
258.7,-65.5992
258.8,-65.5966
258.9,-65.5941
259.0,-65.5916
259.1,-65.5890
259.2,-65.5865
259.3,-65.5840
259.4,-65.5815
259.5,-65.5789
259.6,-65.5764
259.7,-65.5739
259.8,-65.5714
259.9,-65.5688
260.0,-65.5663
260.1,-65.5638
260.2,-65.5613
260.3,-65.5587
260.4,-65.5562
260.5,-65.5537
260.6,-65.5512
260.7,-65.5487
260.8,-65.5462
260.9,-65.5436
261.0,-65.5411
261.1,-65.5386
261.2,-65.5361
261.3,-65.5336
261.4,-65.5311
261.5,-65.5286
261.6,-65.5261
261.7,-65.5236
261.8,-65.5210
261.9,-65.5185
262.0,-65.5160
262.1,-65.5135
262.2,-65.5110
262.3,-65.5085
262.4,-65.5060
262.5,-65.5035
262.6,-65.5010
262.7,-65.4985
262.8,-65.4960
262.9,-65.4935
263.0,-65.4910
263.1,-65.4885
263.2,-65.4860
263.3,-65.4835
263.4,-65.4810
263.5,-65.4785
263.6,-65.4761
263.7,-65.4736
263.8,-65.4711
263.9,-65.4686
264.0,-65.4661
264.1,-65.4636
264.2,-65.4611
264.3,-65.4586
264.4,-65.4561
264.5,-65.4537
264.6,-65.4512
264.7,-65.4487
264.8,-65.4462
264.9,-65.4437
265.0,-65.4412
265.1,-65.4388
265.2,-65.4363
265.3,-65.4338
265.4,-65.4313
265.5,-65.4289
265.6,-65.4264
265.7,-65.4239
265.8,-65.4214
265.9,-65.4190
266.0,-65.4165
266.1,-65.4140
266.2,-65.4115
266.3,-65.4091
266.4,-65.4066
266.5,-65.4041
266.6,-65.4017
266.7,-65.3992
266.8,-65.3967
266.9,-65.3943
267.0,-65.3918
267.1,-65.3893
267.2,-65.3869
267.3,-65.3844
267.4,-65.3820
267.5,-65.3795
267.6,-65.3770
267.7,-65.3746
267.8,-65.3721
267.9,-65.3697
268.0,-65.3672
268.1,-65.3647
268.2,-65.3623
268.3,-65.3598
268.4,-65.3574
268.5,-65.3549
268.6,-65.3525
268.7,-65.3500
268.8,-65.3476
268.9,-65.3451
269.0,-65.3427
269.1,-65.3402
269.2,-65.3378
269.3,-65.3353
269.4,-65.3329
269.5,-65.3305
269.6,-65.3280
269.7,-65.3256
269.8,-65.3231
269.9,-65.3207
270.0,-65.3183
270.1,-65.3158
270.2,-65.3134
270.3,-65.3109
270.4,-65.3085
270.5,-65.3061
270.6,-65.3036
270.7,-65.3012
270.8,-65.2988
270.9,-65.2963
271.0,-65.2939
271.1,-65.2915
271.2,-65.2890
271.3,-65.2866
271.4,-65.2842
271.5,-65.2818
271.6,-65.2793
271.7,-65.2769
271.8,-65.2745
271.9,-65.2721
272.0,-65.2696
272.1,-65.2672
272.2,-65.2648
272.3,-65.2624
272.4,-65.2599
272.5,-65.2575
272.6,-65.2551
272.7,-65.2527
272.8,-65.2503
272.9,-65.2479
273.0,-65.2454
273.1,-65.2430
273.2,-65.2406
273.3,-65.2382
273.4,-65.2358
273.5,-65.2334
273.6,-65.2310
273.7,-65.2285
273.8,-65.2261
273.9,-65.2237
274.0,-65.2213
274.1,-65.2189
274.2,-65.2165
274.3,-65.2141
274.4,-65.2117
274.5,-65.2093
274.6,-65.2069
274.7,-65.2045
274.8,-65.2021
274.9,-65.1997
275.0,-65.1973
275.1,-65.1949
275.2,-65.1925
275.3,-65.1901
275.4,-65.1877
275.5,-65.1853
275.6,-65.1829
275.7,-65.1805
275.8,-65.1781
275.9,-65.1757
276.0,-65.1733
276.1,-65.1710
276.2,-65.1686
276.3,-65.1662
276.4,-65.1638
276.5,-65.1614
276.6,-65.1590
276.7,-65.1566
276.8,-65.1542
276.9,-65.1519
277.0,-65.1495
277.1,-65.1471
277.2,-65.1447
277.3,-65.1423
277.4,-65.1399
277.5,-65.1376
277.6,-65.1352
277.7,-65.1328
277.8,-65.1304
277.9,-65.1281
278.0,-65.1257
278.1,-65.1233
278.2,-65.1209
278.3,-65.1186
278.4,-65.1162
278.5,-65.1138
278.6,-65.1114
278.7,-65.1091
278.8,-65.1067
278.9,-65.1043
279.0,-65.1020
279.1,-65.0996
279.2,-65.0972
279.3,-65.0949
279.4,-65.0925
279.5,-65.0901
279.6,-65.0878
279.7,-65.0854
279.8,-65.0831
279.9,-65.0807
280.0,-65.0783
280.1,-65.0760
280.2,-65.0736
280.3,-65.0713
280.4,-65.0689
280.5,-65.0665
280.6,-65.0642
280.7,-65.0618
280.8,-65.0595
280.9,-65.0571
281.0,-65.0548
281.1,-65.0524
281.2,-65.0501
281.3,-65.0477
281.4,-65.0454
281.5,-65.0430
281.6,-65.0407
281.7,-65.0383
281.8,-65.0360
281.9,-65.0336
282.0,-65.0313
282.1,-65.0290
282.2,-65.0266
282.3,-65.0243
282.4,-65.0219
282.5,-65.0196
282.6,-65.0173
282.7,-65.0149
282.8,-65.0126
282.9,-65.0102
283.0,-65.0079
283.1,-65.0056
283.2,-65.0032
283.3,-65.0009
283.4,-64.9986
283.5,-64.9962
283.6,-64.9939
283.7,-64.9916
283.8,-64.9892
283.9,-64.9869
284.0,-64.9846
284.1,-64.9823
284.2,-64.9799
284.3,-64.9776
284.4,-64.9753
284.5,-64.9730
284.6,-64.9706
284.7,-64.9683
284.8,-64.9660
284.9,-64.9637
285.0,-64.9613
285.1,-64.9590
285.2,-64.9567
285.3,-64.9544
285.4,-64.9521
285.5,-64.9497
285.6,-64.9474
285.7,-64.9451
285.8,-64.9428
285.9,-64.9405
286.0,-64.9382
286.1,-64.9359
286.2,-64.9335
286.3,-64.9312
286.4,-64.9289
286.5,-64.9266
286.6,-64.9243
286.7,-64.9220
286.8,-64.9197
286.9,-64.9174
287.0,-64.9151
287.1,-64.9128
287.2,-64.9105
287.3,-64.9082
287.4,-64.9059
287.5,-64.9036
287.6,-64.9013
287.7,-64.8990
287.8,-64.8967
287.9,-64.8944
288.0,-64.8921
288.1,-64.8898
288.2,-64.8875
288.3,-64.8852
288.4,-64.8829
288.5,-64.8806
288.6,-64.8783
288.7,-64.8760
288.8,-64.8737
288.9,-64.8714
289.0,-64.8691
289.1,-64.8668
289.2,-64.8646
289.3,-64.8623
289.4,-64.8600
289.5,-64.8577
289.6,-64.8554
289.7,-64.8531
289.8,-64.8508
289.9,-64.8486
290.0,-64.8463
290.1,-64.8440
290.2,-64.8417
290.3,-64.8394
290.4,-64.8372
290.5,-64.8349
290.6,-64.8326
290.7,-64.8303
290.8,-64.8280
290.9,-64.8258
291.0,-64.8235
291.1,-64.8212
291.2,-64.8189
291.3,-64.8167
291.4,-64.8144
291.5,-64.8121
291.6,-64.8099
291.7,-64.8076
291.8,-64.8053
291.9,-64.8031
292.0,-64.8008
292.1,-64.7985
292.2,-64.7963
292.3,-64.7940
292.4,-64.7917
292.5,-64.7895
292.6,-64.7872
292.7,-64.7849
292.8,-64.7827
292.9,-64.7804
293.0,-64.7782
293.1,-64.7759
293.2,-64.7736
293.3,-64.7714
293.4,-64.7691
293.5,-64.7669
293.6,-64.7646
293.7,-64.7624
293.8,-64.7601
293.9,-64.7579
294.0,-64.7556
294.1,-64.7533
294.2,-64.7511
294.3,-64.7488
294.4,-64.7466
294.5,-64.7443
294.6,-64.7421
294.7,-64.7399
294.8,-64.7376
294.9,-64.7354
295.0,-64.7331
295.1,-64.7309
295.2,-64.7286
295.3,-64.7264
295.4,-64.7241
295.5,-64.7219
295.6,-64.7197
295.7,-64.7174
295.8,-64.7152
295.9,-64.7129
296.0,-64.7107
296.1,-64.7085
296.2,-64.7062
296.3,-64.7040
296.4,-64.7018
296.5,-64.6995
296.6,-64.6973
296.7,-64.6951
296.8,-64.6928
296.9,-64.6906
297.0,-64.6884
297.1,-64.6862
297.2,-64.6839
297.3,-64.6817
297.4,-64.6795
297.5,-64.6772
297.6,-64.6750
297.7,-64.6728
297.8,-64.6706
297.9,-64.6683
298.0,-64.6661
298.1,-64.6639
298.2,-64.6617
298.3,-64.6595
298.4,-64.6572
298.5,-64.6550
298.6,-64.6528
298.7,-64.6506
298.8,-64.6484
298.9,-64.6462
299.0,-64.6439
299.1,-64.6417
299.2,-64.6395
299.3,-64.6373
299.4,-64.6351
299.5,-64.6329
299.6,-64.6307
299.7,-64.6285
299.8,-64.6262
299.9,-64.6240
300.0,-64.6218
300.1,-64.6196
300.2,-64.6174
300.3,-64.6152
300.4,-64.6130
300.5,-64.6108
300.6,-64.6086
300.7,-64.6064
300.8,-64.6042
300.9,-64.6020
301.0,-64.5998
301.1,-64.5976
301.2,-64.5954
301.3,-64.5932
301.4,-64.5910
301.5,-64.5888
301.6,-64.5866
301.7,-64.5844
301.8,-64.5822
301.9,-64.5800
302.0,-64.5778
302.1,-64.5756
302.2,-64.5734
302.3,-64.5713
302.4,-64.5691
302.5,-64.5669
302.6,-64.5647
302.7,-64.5625
302.8,-64.5603
302.9,-64.5581
303.0,-64.5559
303.1,-64.5538
303.2,-64.5516
303.3,-64.5494
303.4,-64.5472
303.5,-64.5450
303.6,-64.5428
303.7,-64.5407
303.8,-64.5385
303.9,-64.5363
304.0,-64.5341
304.1,-64.5319
304.2,-64.5298
304.3,-64.5276
304.4,-64.5254
304.5,-64.5232
304.6,-64.5211
304.7,-64.5189
304.8,-64.5167
304.9,-64.5146
305.0,-64.5124
305.1,-64.5102
305.2,-64.5080
305.3,-64.5059
305.4,-64.5037
305.5,-64.5015
305.6,-64.4994
305.7,-64.4972
305.8,-64.4950
305.9,-64.4929
306.0,-64.4907
306.1,-64.4885
306.2,-64.4864
306.3,-64.4842
306.4,-64.4821
306.5,-64.4799
306.6,-64.4777
306.7,-64.4756
306.8,-64.4734
306.9,-64.4713
307.0,-64.4691
307.1,-64.4670
307.2,-64.4648
307.3,-64.4626
307.4,-64.4605
307.5,-64.4583
307.6,-64.4562
307.7,-64.4540
307.8,-64.4519
307.9,-64.4497
308.0,-64.4476
308.1,-64.4454
308.2,-64.4433
308.3,-64.4411
308.4,-64.4390
308.5,-64.4368
308.6,-64.4347
308.7,-64.4326
308.8,-64.4304
308.9,-64.4283
309.0,-64.4261
309.1,-64.4240
309.2,-64.4218
309.3,-64.4197
309.4,-64.4176
309.5,-64.4154
309.6,-64.4133
309.7,-64.4111
309.8,-64.4090
309.9,-64.4069
310.0,-64.4047
310.1,-64.4026
310.2,-64.4005
310.3,-64.3983
310.4,-64.3962
310.5,-64.3941
310.6,-64.3919
310.7,-64.3898
310.8,-64.3877
310.9,-64.3856
311.0,-64.3834
311.1,-64.3813
311.2,-64.3792
311.3,-64.3770
311.4,-64.3749
311.5,-64.3728
311.6,-64.3707
311.7,-64.3685
311.8,-64.3664
311.9,-64.3643
312.0,-64.3622
312.1,-64.3601
312.2,-64.3579
312.3,-64.3558
312.4,-64.3537
312.5,-64.3516
312.6,-64.3495
312.7,-64.3474
312.8,-64.3452
312.9,-64.3431
313.0,-64.3410
313.1,-64.3389
313.2,-64.3368
313.3,-64.3347
313.4,-64.3326
313.5,-64.3305
313.6,-64.3283
313.7,-64.3262
313.8,-64.3241
313.9,-64.3220
314.0,-64.3199
314.1,-64.3178
314.2,-64.3157
314.3,-64.3136
314.4,-64.3115
314.5,-64.3094
314.6,-64.3073
314.7,-64.3052
314.8,-64.3031
314.9,-64.3010
315.0,-64.2989
315.1,-64.2968
315.2,-64.2947
315.3,-64.2926
315.4,-64.2905
315.5,-64.2884
315.6,-64.2863
315.7,-64.2842
315.8,-64.2821
315.9,-64.2800
316.0,-64.2779
316.1,-64.2758
316.2,-64.2737
316.3,-64.2716
316.4,-64.2696
316.5,-64.2675
316.6,-64.2654
316.7,-64.2633
316.8,-64.2612
316.9,-64.2591
317.0,-64.2570
317.1,-64.2549
317.2,-64.2529
317.3,-64.2508
317.4,-64.2487
317.5,-64.2466
317.6,-64.2445
317.7,-64.2424
317.8,-64.2404
317.9,-64.2383
318.0,-64.2362
318.1,-64.2341
318.2,-64.2320
318.3,-64.2300
318.4,-64.2279
318.5,-64.2258
318.6,-64.2237
318.7,-64.2217
318.8,-64.2196
318.9,-64.2175
319.0,-64.2155
319.1,-64.2134
319.2,-64.2113
319.3,-64.2092
319.4,-64.2072
319.5,-64.2051
319.6,-64.2030
319.7,-64.2010
319.8,-64.1989
319.9,-64.1968
320.0,-64.1948
320.1,-64.1927
320.2,-64.1906
320.3,-64.1886
320.4,-64.1865
320.5,-64.1845
320.6,-64.1824
320.7,-64.1803
320.8,-64.1783
320.9,-64.1762
321.0,-64.1742
321.1,-64.1721
321.2,-64.1700
321.3,-64.1680
321.4,-64.1659
321.5,-64.1639
321.6,-64.1618
321.7,-64.1598
321.8,-64.1577
321.9,-64.1557
322.0,-64.1536
322.1,-64.1516
322.2,-64.1495
322.3,-64.1475
322.4,-64.1454
322.5,-64.1434
322.6,-64.1413
322.7,-64.1393
322.8,-64.1372
322.9,-64.1352
323.0,-64.1331
323.1,-64.1311
323.2,-64.1290
323.3,-64.1270
323.4,-64.1250
323.5,-64.1229
323.6,-64.1209
323.7,-64.1188
323.8,-64.1168
323.9,-64.1148
324.0,-64.1127
324.1,-64.1107
324.2,-64.1086
324.3,-64.1066
324.4,-64.1046
324.5,-64.1025
324.6,-64.1005
324.7,-64.0985
324.8,-64.0964
324.9,-64.0944
325.0,-64.0924
325.1,-64.0903
325.2,-64.0883
325.3,-64.0863
325.4,-64.0843
325.5,-64.0822
325.6,-64.0802
325.7,-64.0782
325.8,-64.0762
325.9,-64.0741
326.0,-64.0721
326.1,-64.0701
326.2,-64.0681
326.3,-64.0660
326.4,-64.0640
326.5,-64.0620
326.6,-64.0600
326.7,-64.0580
326.8,-64.0559
326.9,-64.0539
327.0,-64.0519
327.1,-64.0499
327.2,-64.0479
327.3,-64.0458
327.4,-64.0438
327.5,-64.0418
327.6,-64.0398
327.7,-64.0378
327.8,-64.0358
327.9,-64.0338
328.0,-64.0318
328.1,-64.0297
328.2,-64.0277
328.3,-64.0257
328.4,-64.0237
328.5,-64.0217
328.6,-64.0197
328.7,-64.0177
328.8,-64.0157
328.9,-64.0137
329.0,-64.0117
329.1,-64.0097
329.2,-64.0077
329.3,-64.0057
329.4,-64.0037
329.5,-64.0017
329.6,-63.9997
329.7,-63.9977
329.8,-63.9957
329.9,-63.9937
330.0,-63.9917
330.1,-63.9897
330.2,-63.9877
330.3,-63.9857
330.4,-63.9837
330.5,-63.9817
330.6,-63.9797
330.7,-63.9777
330.8,-63.9757
330.9,-63.9737
331.0,-63.9717
331.1,-63.9698
331.2,-63.9678
331.3,-63.9658
331.4,-63.9638
331.5,-63.9618
331.6,-63.9598
331.7,-63.9578
331.8,-63.9558
331.9,-63.9539
332.0,-63.9519
332.1,-63.9499
332.2,-63.9479
332.3,-63.9459
332.4,-63.9439
332.5,-63.9420
332.6,-63.9400
332.7,-63.9380
332.8,-63.9360
332.9,-63.9340
333.0,-63.9321
333.1,-63.9301
333.2,-63.9281
333.3,-63.9261
333.4,-63.9242
333.5,-63.9222
333.6,-63.9202
333.7,-63.9182
333.8,-63.9163
333.9,-63.9143
334.0,-63.9123
334.1,-63.9104
334.2,-63.9084
334.3,-63.9064
334.4,-63.9044
334.5,-63.9025
334.6,-63.9005
334.7,-63.8985
334.8,-63.8966
334.9,-63.8946
335.0,-63.8926
335.1,-63.8907
335.2,-63.8887
335.3,-63.8868
335.4,-63.8848
335.5,-63.8828
335.6,-63.8809
335.7,-63.8789
335.8,-63.8770
335.9,-63.8750
336.0,-63.8730
336.1,-63.8711
336.2,-63.8691
336.3,-63.8672
336.4,-63.8652
336.5,-63.8633
336.6,-63.8613
336.7,-63.8593
336.8,-63.8574
336.9,-63.8554
337.0,-63.8535
337.1,-63.8515
337.2,-63.8496
337.3,-63.8476
337.4,-63.8457
337.5,-63.8437
337.6,-63.8418
337.7,-63.8398
337.8,-63.8379
337.9,-63.8360
338.0,-63.8340
338.1,-63.8321
338.2,-63.8301
338.3,-63.8282
338.4,-63.8262
338.5,-63.8243
338.6,-63.8224
338.7,-63.8204
338.8,-63.8185
338.9,-63.8165
339.0,-63.8146
339.1,-63.8127
339.2,-63.8107
339.3,-63.8088
339.4,-63.8069
339.5,-63.8049
339.6,-63.8030
339.7,-63.8010
339.8,-63.7991
339.9,-63.7972
340.0,-63.7952
340.1,-63.7933
340.2,-63.7914
340.3,-63.7895
340.4,-63.7875
340.5,-63.7856
340.6,-63.7837
340.7,-63.7817
340.8,-63.7798
340.9,-63.7779
341.0,-63.7760
341.1,-63.7740
341.2,-63.7721
341.3,-63.7702
341.4,-63.7683
341.5,-63.7663
341.6,-63.7644
341.7,-63.7625
341.8,-63.7606
341.9,-63.7587
342.0,-63.7567
342.1,-63.7548
342.2,-63.7529
342.3,-63.7510
342.4,-63.7491
342.5,-63.7472
342.6,-63.7452
342.7,-63.7433
342.8,-63.7414
342.9,-63.7395
343.0,-63.7376
343.1,-63.7357
343.2,-63.7338
343.3,-63.7319
343.4,-63.7299
343.5,-63.7280
343.6,-63.7261
343.7,-63.7242
343.8,-63.7223
343.9,-63.7204
344.0,-63.7185
344.1,-63.7166
344.2,-63.7147
344.3,-63.7128
344.4,-63.7109
344.5,-63.7090
344.6,-63.7071
344.7,-63.7052
344.8,-63.7033
344.9,-63.7014
345.0,-63.6995
345.1,-63.6976
345.2,-63.6957
345.3,-63.6938
345.4,-63.6919
345.5,-63.6900
345.6,-63.6881
345.7,-63.6862
345.8,-63.6843
345.9,-63.6824
346.0,-63.6805
346.1,-63.6786
346.2,-63.6767
346.3,-63.6748
346.4,-63.6729
346.5,-63.6710
346.6,-63.6691
346.7,-63.6673
346.8,-63.6654
346.9,-63.6635
347.0,-63.6616
347.1,-63.6597
347.2,-63.6578
347.3,-63.6559
347.4,-63.6540
347.5,-63.6522
347.6,-63.6503
347.7,-63.6484
347.8,-63.6465
347.9,-63.6446
348.0,-63.6428
348.1,-63.6409
348.2,-63.6390
348.3,-63.6371
348.4,-63.6352
348.5,-63.6334
348.6,-63.6315
348.7,-63.6296
348.8,-63.6277
348.9,-63.6258
349.0,-63.6240
349.1,-63.6221
349.2,-63.6202
349.3,-63.6184
349.4,-63.6165
349.5,-63.6146
349.6,-63.6127
349.7,-63.6109
349.8,-63.6090
349.9,-63.6071
350.0,-63.6053
350.1,-63.6034
350.2,-63.6015
350.3,-63.5997
350.4,-63.5978
350.5,-63.5959
350.6,-63.5941
350.7,-63.5922
350.8,-63.5903
350.9,-63.5885
351.0,-63.5866
351.1,-63.5847
351.2,-63.5829
351.3,-63.5810
351.4,-63.5792
351.5,-63.5773
351.6,-63.5754
351.7,-63.5736
351.8,-63.5717
351.9,-63.5699
352.0,-63.5680
352.1,-63.5662
352.2,-63.5643
352.3,-63.5624
352.4,-63.5606
352.5,-63.5587
352.6,-63.5569
352.7,-63.5550
352.8,-63.5532
352.9,-63.5513
353.0,-63.5495
353.1,-63.5476
353.2,-63.5458
353.3,-63.5439
353.4,-63.5421
353.5,-63.5402
353.6,-63.5384
353.7,-63.5366
353.8,-63.5347
353.9,-63.5329
354.0,-63.5310
354.1,-63.5292
354.2,-63.5273
354.3,-63.5255
354.4,-63.5236
354.5,-63.5218
354.6,-63.5200
354.7,-63.5181
354.8,-63.5163
354.9,-63.5144
355.0,-63.5126
355.1,-63.5108
355.2,-63.5089
355.3,-63.5071
355.4,-63.5053
355.5,-63.5034
355.6,-63.5016
355.7,-63.4998
355.8,-63.4979
355.9,-63.4961
356.0,-63.4943
356.1,-63.4924
356.2,-63.4906
356.3,-63.4888
356.4,-63.4869
356.5,-63.4851
356.6,-63.4833
356.7,-63.4815
356.8,-63.4796
356.9,-63.4778
357.0,-63.4760
357.1,-63.4742
357.2,-63.4723
357.3,-63.4705
357.4,-63.4687
357.5,-63.4669
357.6,-63.4650
357.7,-63.4632
357.8,-63.4614
357.9,-63.4596
358.0,-63.4578
358.1,-63.4559
358.2,-63.4541
358.3,-63.4523
358.4,-63.4505
358.5,-63.4487
358.6,-63.4469
358.7,-63.4450
358.8,-63.4432
358.9,-63.4414
359.0,-63.4396
359.1,-63.4378
359.2,-63.4360
359.3,-63.4342
359.4,-63.4323
359.5,-63.4305
359.6,-63.4287
359.7,-63.4269
359.8,-63.4251
359.9,-63.4233
360.0,-63.4215
360.1,-63.4197
360.2,-63.4179
360.3,-63.4161
360.4,-63.4143
360.5,-63.4125
360.6,-63.4107
360.7,-63.4089
360.8,-63.4071
360.9,-63.4053
361.0,-63.4035
361.1,-63.4017
361.2,-63.3999
361.3,-63.3981
361.4,-63.3963
361.5,-63.3945
361.6,-63.3927
361.7,-63.3909
361.8,-63.3891
361.9,-63.3873
362.0,-63.3855
362.1,-63.3837
362.2,-63.3819
362.3,-63.3801
362.4,-63.3783
362.5,-63.3765
362.6,-63.3747
362.7,-63.3729
362.8,-63.3711
362.9,-63.3693
363.0,-63.3676
363.1,-63.3658
363.2,-63.3640
363.3,-63.3622
363.4,-63.3604
363.5,-63.3586
363.6,-63.3568
363.7,-63.3550
363.8,-63.3533
363.9,-63.3515
364.0,-63.3497
364.1,-63.3479
364.2,-63.3461
364.3,-63.3443
364.4,-63.3426
364.5,-63.3408
364.6,-63.3390
364.7,-63.3372
364.8,-63.3354
364.9,-63.3337
365.0,-63.3319
365.1,-63.3301
365.2,-63.3283
365.3,-63.3266
365.4,-63.3248
365.5,-63.3230
365.6,-63.3212
365.7,-63.3195
365.8,-63.3177
365.9,-63.3159
366.0,-63.3141
366.1,-63.3124
366.2,-63.3106
366.3,-63.3088
366.4,-63.3071
366.5,-63.3053
366.6,-63.3035
366.7,-63.3018
366.8,-63.3000
366.9,-63.2982
367.0,-63.2965
367.1,-63.2947
367.2,-63.2929
367.3,-63.2912
367.4,-63.2894
367.5,-63.2876
367.6,-63.2859
367.7,-63.2841
367.8,-63.2824
367.9,-63.2806
368.0,-63.2788
368.1,-63.2771
368.2,-63.2753
368.3,-63.2736
368.4,-63.2718
368.5,-63.2700
368.6,-63.2683
368.7,-63.2665
368.8,-63.2648
368.9,-63.2630
369.0,-63.2613
369.1,-63.2595
369.2,-63.2578
369.3,-63.2560
369.4,-63.2543
369.5,-63.2525
369.6,-63.2508
369.7,-63.2490
369.8,-63.2473
369.9,-63.2455
370.0,-63.2438
370.1,-63.2420
370.2,-63.2403
370.3,-63.2385
370.4,-63.2368
370.5,-63.2350
370.6,-63.2333
370.7,-63.2315
370.8,-63.2298
370.9,-63.2281
371.0,-63.2263
371.1,-63.2246
371.2,-63.2228
371.3,-63.2211
371.4,-63.2193
371.5,-63.2176
371.6,-63.2159
371.7,-63.2141
371.8,-63.2124
371.9,-63.2107
372.0,-63.2089
372.1,-63.2072
372.2,-63.2054
372.3,-63.2037
372.4,-63.2020
372.5,-63.2002
372.6,-63.1985
372.7,-63.1968
372.8,-63.1950
372.9,-63.1933
373.0,-63.1916
373.1,-63.1899
373.2,-63.1881
373.3,-63.1864
373.4,-63.1847
373.5,-63.1829
373.6,-63.1812
373.7,-63.1795
373.8,-63.1778
373.9,-63.1760
374.0,-63.1743
374.1,-63.1726
374.2,-63.1709
374.3,-63.1691
374.4,-63.1674
374.5,-63.1657
374.6,-63.1640
374.7,-63.1622
374.8,-63.1605
374.9,-63.1588
375.0,-63.1571
375.1,-63.1554
375.2,-63.1536
375.3,-63.1519
375.4,-63.1502
375.5,-63.1485
375.6,-63.1468
375.7,-63.1451
375.8,-63.1434
375.9,-63.1416
376.0,-63.1399
376.1,-63.1382
376.2,-63.1365
376.3,-63.1348
376.4,-63.1331
376.5,-63.1314
376.6,-63.1297
376.7,-63.1279
376.8,-63.1262
376.9,-63.1245
377.0,-63.1228
377.1,-63.1211
377.2,-63.1194
377.3,-63.1177
377.4,-63.1160
377.5,-63.1143
377.6,-63.1126
377.7,-63.1109
377.8,-63.1092
377.9,-63.1075
378.0,-63.1058
378.1,-63.1041
378.2,-63.1024
378.3,-63.1007
378.4,-63.0990
378.5,-63.0973
378.6,-63.0956
378.7,-63.0939
378.8,-63.0922
378.9,-63.0905
379.0,-63.0888
379.1,-63.0871
379.2,-63.0854
379.3,-63.0837
379.4,-63.0820
379.5,-63.0803
379.6,-63.0786
379.7,-63.0769
379.8,-63.0752
379.9,-63.0735
380.0,-63.0718
380.1,-63.0702
380.2,-63.0685
380.3,-63.0668
380.4,-63.0651
380.5,-63.0634
380.6,-63.0617
380.7,-63.0600
380.8,-63.0583
380.9,-63.0567
381.0,-63.0550
381.1,-63.0533
381.2,-63.0516
381.3,-63.0499
381.4,-63.0482
381.5,-63.0466
381.6,-63.0449
381.7,-63.0432
381.8,-63.0415
381.9,-63.0398
382.0,-63.0381
382.1,-63.0365
382.2,-63.0348
382.3,-63.0331
382.4,-63.0314
382.5,-63.0298
382.6,-63.0281
382.7,-63.0264
382.8,-63.0247
382.9,-63.0231
383.0,-63.0214
383.1,-63.0197
383.2,-63.0180
383.3,-63.0164
383.4,-63.0147
383.5,-63.0130
383.6,-63.0113
383.7,-63.0097
383.8,-63.0080
383.9,-63.0063
384.0,-63.0047
384.1,-63.0030
384.2,-63.0013
384.3,-62.9997
384.4,-62.9980
384.5,-62.9963
384.6,-62.9947
384.7,-62.9930
384.8,-62.9913
384.9,-62.9897
385.0,-62.9880
385.1,-62.9864
385.2,-62.9847
385.3,-62.9830
385.4,-62.9814
385.5,-62.9797
385.6,-62.9781
385.7,-62.9764
385.8,-62.9747
385.9,-62.9731
386.0,-62.9714
386.1,-62.9698
386.2,-62.9681
386.3,-62.9664
386.4,-62.9648
386.5,-62.9631
386.6,-62.9615
386.7,-62.9598
386.8,-62.9582
386.9,-62.9565
387.0,-62.9549
387.1,-62.9532
387.2,-62.9516
387.3,-62.9499
387.4,-62.9483
387.5,-62.9466
387.6,-62.9450
387.7,-62.9433
387.8,-62.9417
387.9,-62.9400
388.0,-62.9384
388.1,-62.9367
388.2,-62.9351
388.3,-62.9334
388.4,-62.9318
388.5,-62.9302
388.6,-62.9285
388.7,-62.9269
388.8,-62.9252
388.9,-62.9236
389.0,-62.9220
389.1,-62.9203
389.2,-62.9187
389.3,-62.9170
389.4,-62.9154
389.5,-62.9138
389.6,-62.9121
389.7,-62.9105
389.8,-62.9088
389.9,-62.9072
390.0,-62.9056
390.1,-62.9039
390.2,-62.9023
390.3,-62.9007
390.4,-62.8990
390.5,-62.8974
390.6,-62.8958
390.7,-62.8941
390.8,-62.8925
390.9,-62.8909
391.0,-62.8892
391.1,-62.8876
391.2,-62.8860
391.3,-62.8844
391.4,-62.8827
391.5,-62.8811
391.6,-62.8795
391.7,-62.8779
391.8,-62.8762
391.9,-62.8746
392.0,-62.8730
392.1,-62.8714
392.2,-62.8697
392.3,-62.8681
392.4,-62.8665
392.5,-62.8649
392.6,-62.8632
392.7,-62.8616
392.8,-62.8600
392.9,-62.8584
393.0,-62.8568
393.1,-62.8551
393.2,-62.8535
393.3,-62.8519
393.4,-62.8503
393.5,-62.8487
393.6,-62.8471
393.7,-62.8454
393.8,-62.8438
393.9,-62.8422
394.0,-62.8406
394.1,-62.8390
394.2,-62.8374
394.3,-62.8358
394.4,-62.8341
394.5,-62.8325
394.6,-62.8309
394.7,-62.8293
394.8,-62.8277
394.9,-62.8261
395.0,-62.8245
395.1,-62.8229
395.2,-62.8213
395.3,-62.8197
395.4,-62.8181
395.5,-62.8165
395.6,-62.8149
395.7,-62.8132
395.8,-62.8116
395.9,-62.8100
396.0,-62.8084
396.1,-62.8068
396.2,-62.8052
396.3,-62.8036
396.4,-62.8020
396.5,-62.8004
396.6,-62.7988
396.7,-62.7972
396.8,-62.7956
396.9,-62.7940
397.0,-62.7924
397.1,-62.7908
397.2,-62.7892
397.3,-62.7876
397.4,-62.7860
397.5,-62.7845
397.6,-62.7829
397.7,-62.7813
397.8,-62.7797
397.9,-62.7781
398.0,-62.7765
398.1,-62.7749
398.2,-62.7733
398.3,-62.7717
398.4,-62.7701
398.5,-62.7685
398.6,-62.7669
398.7,-62.7654
398.8,-62.7638
398.9,-62.7622
399.0,-62.7606
399.1,-62.7590
399.2,-62.7574
399.3,-62.7558
399.4,-62.7542
399.5,-62.7527
399.6,-62.7511
399.7,-62.7495
399.8,-62.7479
399.9,-62.7463
400.0,-62.7447
400.1,-62.7432
400.2,-62.7416
400.3,-62.7400
400.4,-62.7384
400.5,-62.7368
400.6,-62.7353
400.7,-62.7337
400.8,-62.7321
400.9,-62.7305
401.0,-62.7290
401.1,-62.7274
401.2,-62.7258
401.3,-62.7242
401.4,-62.7227
401.5,-62.7211
401.6,-62.7195
401.7,-62.7179
401.8,-62.7164
401.9,-62.7148
402.0,-62.7132
402.1,-62.7117
402.2,-62.7101
402.3,-62.7085
402.4,-62.7069
402.5,-62.7054
402.6,-62.7038
402.7,-62.7022
402.8,-62.7007
402.9,-62.6991
403.0,-62.6975
403.1,-62.6960
403.2,-62.6944
403.3,-62.6928
403.4,-62.6913
403.5,-62.6897
403.6,-62.6882
403.7,-62.6866
403.8,-62.6850
403.9,-62.6835
404.0,-62.6819
404.1,-62.6803
404.2,-62.6788
404.3,-62.6772
404.4,-62.6757
404.5,-62.6741
404.6,-62.6726
404.7,-62.6710
404.8,-62.6694
404.9,-62.6679
405.0,-62.6663
405.1,-62.6648
405.2,-62.6632
405.3,-62.6617
405.4,-62.6601
405.5,-62.6586
405.6,-62.6570
405.7,-62.6554
405.8,-62.6539
405.9,-62.6523
406.0,-62.6508
406.1,-62.6492
406.2,-62.6477
406.3,-62.6461
406.4,-62.6446
406.5,-62.6431
406.6,-62.6415
406.7,-62.6400
406.8,-62.6384
406.9,-62.6369
407.0,-62.6353
407.1,-62.6338
407.2,-62.6322
407.3,-62.6307
407.4,-62.6291
407.5,-62.6276
407.6,-62.6261
407.7,-62.6245
407.8,-62.6230
407.9,-62.6214
408.0,-62.6199
408.1,-62.6184
408.2,-62.6168
408.3,-62.6153
408.4,-62.6137
408.5,-62.6122
408.6,-62.6107
408.7,-62.6091
408.8,-62.6076
408.9,-62.6061
409.0,-62.6045
409.1,-62.6030
409.2,-62.6015
409.3,-62.5999
409.4,-62.5984
409.5,-62.5969
409.6,-62.5953
409.7,-62.5938
409.8,-62.5923
409.9,-62.5907
410.0,-62.5892
410.1,-62.5877
410.2,-62.5861
410.3,-62.5846
410.4,-62.5831
410.5,-62.5816
410.6,-62.5800
410.7,-62.5785
410.8,-62.5770
410.9,-62.5755
411.0,-62.5739
411.1,-62.5724
411.2,-62.5709
411.3,-62.5694
411.4,-62.5678
411.5,-62.5663
411.6,-62.5648
411.7,-62.5633
411.8,-62.5617
411.9,-62.5602
412.0,-62.5587
412.1,-62.5572
412.2,-62.5557
412.3,-62.5541
412.4,-62.5526
412.5,-62.5511
412.6,-62.5496
412.7,-62.5481
412.8,-62.5466
412.9,-62.5450
413.0,-62.5435
413.1,-62.5420
413.2,-62.5405
413.3,-62.5390
413.4,-62.5375
413.5,-62.5360
413.6,-62.5345
413.7,-62.5329
413.8,-62.5314
413.9,-62.5299
414.0,-62.5284
414.1,-62.5269
414.2,-62.5254
414.3,-62.5239
414.4,-62.5224
414.5,-62.5209
414.6,-62.5194
414.7,-62.5179
414.8,-62.5164
414.9,-62.5148
415.0,-62.5133
415.1,-62.5118
415.2,-62.5103
415.3,-62.5088
415.4,-62.5073
415.5,-62.5058
415.6,-62.5043
415.7,-62.5028
415.8,-62.5013
415.9,-62.4998
416.0,-62.4983
416.1,-62.4968
416.2,-62.4953
416.3,-62.4938
416.4,-62.4923
416.5,-62.4908
416.6,-62.4893
416.7,-62.4878
416.8,-62.4863
416.9,-62.4849
417.0,-62.4834
417.1,-62.4819
417.2,-62.4804
417.3,-62.4789
417.4,-62.4774
417.5,-62.4759
417.6,-62.4744
417.7,-62.4729
417.8,-62.4714
417.9,-62.4699
418.0,-62.4684
418.1,-62.4669
418.2,-62.4655
418.3,-62.4640
418.4,-62.4625
418.5,-62.4610
418.6,-62.4595
418.7,-62.4580
418.8,-62.4565
418.9,-62.4551
419.0,-62.4536
419.1,-62.4521
419.2,-62.4506
419.3,-62.4491
419.4,-62.4476
419.5,-62.4461
419.6,-62.4447
419.7,-62.4432
419.8,-62.4417
419.9,-62.4402
420.0,-62.4387
420.1,-62.4373
420.2,-62.4358
420.3,-62.4343
420.4,-62.4328
420.5,-62.4314
420.6,-62.4299
420.7,-62.4284
420.8,-62.4269
420.9,-62.4254
421.0,-62.4240
421.1,-62.4225
421.2,-62.4210
421.3,-62.4196
421.4,-62.4181
421.5,-62.4166
421.6,-62.4151
421.7,-62.4137
421.8,-62.4122
421.9,-62.4107
422.0,-62.4093
422.1,-62.4078
422.2,-62.4063
422.3,-62.4048
422.4,-62.4034
422.5,-62.4019
422.6,-62.4004
422.7,-62.3990
422.8,-62.3975
422.9,-62.3960
423.0,-62.3946
423.1,-62.3931
423.2,-62.3917
423.3,-62.3902
423.4,-62.3887
423.5,-62.3873
423.6,-62.3858
423.7,-62.3843
423.8,-62.3829
423.9,-62.3814
424.0,-62.3800
424.1,-62.3785
424.2,-62.3770
424.3,-62.3756
424.4,-62.3741
424.5,-62.3727
424.6,-62.3712
424.7,-62.3697
424.8,-62.3683
424.9,-62.3668
425.0,-62.3654
425.1,-62.3639
425.2,-62.3625
425.3,-62.3610
425.4,-62.3596
425.5,-62.3581
425.6,-62.3567
425.7,-62.3552
425.8,-62.3538
425.9,-62.3523
426.0,-62.3509
426.1,-62.3494
426.2,-62.3480
426.3,-62.3465
426.4,-62.3451
426.5,-62.3436
426.6,-62.3422
426.7,-62.3407
426.8,-62.3393
426.9,-62.3378
427.0,-62.3364
427.1,-62.3349
427.2,-62.3335
427.3,-62.3320
427.4,-62.3306
427.5,-62.3292
427.6,-62.3277
427.7,-62.3263
427.8,-62.3248
427.9,-62.3234
428.0,-62.3219
428.1,-62.3205
428.2,-62.3191
428.3,-62.3176
428.4,-62.3162
428.5,-62.3147
428.6,-62.3133
428.7,-62.3119
428.8,-62.3104
428.9,-62.3090
429.0,-62.3076
429.1,-62.3061
429.2,-62.3047
429.3,-62.3033
429.4,-62.3018
429.5,-62.3004
429.6,-62.2990
429.7,-62.2975
429.8,-62.2961
429.9,-62.2947
430.0,-62.2932
430.1,-62.2918
430.2,-62.2904
430.3,-62.2889
430.4,-62.2875
430.5,-62.2861
430.6,-62.2846
430.7,-62.2832
430.8,-62.2818
430.9,-62.2804
431.0,-62.2789
431.1,-62.2775
431.2,-62.2761
431.3,-62.2747
431.4,-62.2732
431.5,-62.2718
431.6,-62.2704
431.7,-62.2690
431.8,-62.2675
431.9,-62.2661
432.0,-62.2647
432.1,-62.2633
432.2,-62.2619
432.3,-62.2604
432.4,-62.2590
432.5,-62.2576
432.6,-62.2562
432.7,-62.2548
432.8,-62.2533
432.9,-62.2519
433.0,-62.2505
433.1,-62.2491
433.2,-62.2477
433.3,-62.2463
433.4,-62.2448
433.5,-62.2434
433.6,-62.2420
433.7,-62.2406
433.8,-62.2392
433.9,-62.2378
434.0,-62.2364
434.1,-62.2350
434.2,-62.2335
434.3,-62.2321
434.4,-62.2307
434.5,-62.2293
434.6,-62.2279
434.7,-62.2265
434.8,-62.2251
434.9,-62.2237
435.0,-62.2223
435.1,-62.2209
435.2,-62.2195
435.3,-62.2180
435.4,-62.2166
435.5,-62.2152
435.6,-62.2138
435.7,-62.2124
435.8,-62.2110
435.9,-62.2096
436.0,-62.2082
436.1,-62.2068
436.2,-62.2054
436.3,-62.2040
436.4,-62.2026
436.5,-62.2012
436.6,-62.1998
436.7,-62.1984
436.8,-62.1970
436.9,-62.1956
437.0,-62.1942
437.1,-62.1928
437.2,-62.1914
437.3,-62.1900
437.4,-62.1886
437.5,-62.1872
437.6,-62.1858
437.7,-62.1844
437.8,-62.1830
437.9,-62.1816
438.0,-62.1803
438.1,-62.1789
438.2,-62.1775
438.3,-62.1761
438.4,-62.1747
438.5,-62.1733
438.6,-62.1719
438.7,-62.1705
438.8,-62.1691
438.9,-62.1677
439.0,-62.1663
439.1,-62.1650
439.2,-62.1636
439.3,-62.1622
439.4,-62.1608
439.5,-62.1594
439.6,-62.1580
439.7,-62.1566
439.8,-62.1552
439.9,-62.1539
440.0,-62.1525
440.1,-62.1511
440.2,-62.1497
440.3,-62.1483
440.4,-62.1469
440.5,-62.1456
440.6,-62.1442
440.7,-62.1428
440.8,-62.1414
440.9,-62.1400
441.0,-62.1387
441.1,-62.1373
441.2,-62.1359
441.3,-62.1345
441.4,-62.1331
441.5,-62.1318
441.6,-62.1304
441.7,-62.1290
441.8,-62.1276
441.9,-62.1263
442.0,-62.1249
442.1,-62.1235
442.2,-62.1221
442.3,-62.1208
442.4,-62.1194
442.5,-62.1180
442.6,-62.1166
442.7,-62.1153
442.8,-62.1139
442.9,-62.1125
443.0,-62.1112
443.1,-62.1098
443.2,-62.1084
443.3,-62.1071
443.4,-62.1057
443.5,-62.1043
443.6,-62.1029
443.7,-62.1016
443.8,-62.1002
443.9,-62.0988
444.0,-62.0975
444.1,-62.0961
444.2,-62.0947
444.3,-62.0934
444.4,-62.0920
444.5,-62.0907
444.6,-62.0893
444.7,-62.0879
444.8,-62.0866
444.9,-62.0852
445.0,-62.0838
445.1,-62.0825
445.2,-62.0811
445.3,-62.0798
445.4,-62.0784
445.5,-62.0770
445.6,-62.0757
445.7,-62.0743
445.8,-62.0730
445.9,-62.0716
446.0,-62.0703
446.1,-62.0689
446.2,-62.0675
446.3,-62.0662
446.4,-62.0648
446.5,-62.0635
446.6,-62.0621
446.7,-62.0608
446.8,-62.0594
446.9,-62.0581
447.0,-62.0567
447.1,-62.0554
447.2,-62.0540
447.3,-62.0527
447.4,-62.0513
447.5,-62.0500
447.6,-62.0486
447.7,-62.0473
447.8,-62.0459
447.9,-62.0446
448.0,-62.0432
448.1,-62.0419
448.2,-62.0405
448.3,-62.0392
448.4,-62.0378
448.5,-62.0365
448.6,-62.0351
448.7,-62.0338
448.8,-62.0324
448.9,-62.0311
449.0,-62.0298
449.1,-62.0284
449.2,-62.0271
449.3,-62.0257
449.4,-62.0244
449.5,-62.0230
449.6,-62.0217
449.7,-62.0204
449.8,-62.0190
449.9,-62.0177
450.0,-62.0163
450.1,-62.0150
450.2,-62.0137
450.3,-62.0123
450.4,-62.0110
450.5,-62.0097
450.6,-62.0083
450.7,-62.0070
450.8,-62.0056
450.9,-62.0043
451.0,-62.0030
451.1,-62.0016
451.2,-62.0003
451.3,-61.9990
451.4,-61.9976
451.5,-61.9963
451.6,-61.9950
451.7,-61.9936
451.8,-61.9923
451.9,-61.9910
452.0,-61.9897
452.1,-61.9883
452.2,-61.9870
452.3,-61.9857
452.4,-61.9843
452.5,-61.9830
452.6,-61.9817
452.7,-61.9804
452.8,-61.9790
452.9,-61.9777
453.0,-61.9764
453.1,-61.9751
453.2,-61.9737
453.3,-61.9724
453.4,-61.9711
453.5,-61.9698
453.6,-61.9684
453.7,-61.9671
453.8,-61.9658
453.9,-61.9645
454.0,-61.9631
454.1,-61.9618
454.2,-61.9605
454.3,-61.9592
454.4,-61.9579
454.5,-61.9565
454.6,-61.9552
454.7,-61.9539
454.8,-61.9526
454.9,-61.9513
455.0,-61.9500
455.1,-61.9486
455.2,-61.9473
455.3,-61.9460
455.4,-61.9447
455.5,-61.9434
455.6,-61.9421
455.7,-61.9408
455.8,-61.9394
455.9,-61.9381
456.0,-61.9368
456.1,-61.9355
456.2,-61.9342
456.3,-61.9329
456.4,-61.9316
456.5,-61.9303
456.6,-61.9289
456.7,-61.9276
456.8,-61.9263
456.9,-61.9250
457.0,-61.9237
457.1,-61.9224
457.2,-61.9211
457.3,-61.9198
457.4,-61.9185
457.5,-61.9172
457.6,-61.9159
457.7,-61.9146
457.8,-61.9133
457.9,-61.9120
458.0,-61.9107
458.1,-61.9094
458.2,-61.9080
458.3,-61.9067
458.4,-61.9054
458.5,-61.9041
458.6,-61.9028
458.7,-61.9015
458.8,-61.9002
458.9,-61.8989
459.0,-61.8976
459.1,-61.8963
459.2,-61.8950
459.3,-61.8937
459.4,-61.8924
459.5,-61.8912
459.6,-61.8899
459.7,-61.8886
459.8,-61.8873
459.9,-61.8860
460.0,-61.8847
460.1,-61.8834
460.2,-61.8821
460.3,-61.8808
460.4,-61.8795
460.5,-61.8782
460.6,-61.8769
460.7,-61.8756
460.8,-61.8743
460.9,-61.8730
461.0,-61.8717
461.1,-61.8705
461.2,-61.8692
461.3,-61.8679
461.4,-61.8666
461.5,-61.8653
461.6,-61.8640
461.7,-61.8627
461.8,-61.8614
461.9,-61.8601
462.0,-61.8589
462.1,-61.8576
462.2,-61.8563
462.3,-61.8550
462.4,-61.8537
462.5,-61.8524
462.6,-61.8511
462.7,-61.8499
462.8,-61.8486
462.9,-61.8473
463.0,-61.8460
463.1,-61.8447
463.2,-61.8435
463.3,-61.8422
463.4,-61.8409
463.5,-61.8396
463.6,-61.8383
463.7,-61.8371
463.8,-61.8358
463.9,-61.8345
464.0,-61.8332
464.1,-61.8319
464.2,-61.8307
464.3,-61.8294
464.4,-61.8281
464.5,-61.8268
464.6,-61.8256
464.7,-61.8243
464.8,-61.8230
464.9,-61.8217
465.0,-61.8205
465.1,-61.8192
465.2,-61.8179
465.3,-61.8166
465.4,-61.8154
465.5,-61.8141
465.6,-61.8128
465.7,-61.8116
465.8,-61.8103
465.9,-61.8090
466.0,-61.8077
466.1,-61.8065
466.2,-61.8052
466.3,-61.8039
466.4,-61.8027
466.5,-61.8014
466.6,-61.8001
466.7,-61.7989
466.8,-61.7976
466.9,-61.7963
467.0,-61.7951
467.1,-61.7938
467.2,-61.7925
467.3,-61.7913
467.4,-61.7900
467.5,-61.7888
467.6,-61.7875
467.7,-61.7862
467.8,-61.7850
467.9,-61.7837
468.0,-61.7824
468.1,-61.7812
468.2,-61.7799
468.3,-61.7787
468.4,-61.7774
468.5,-61.7762
468.6,-61.7749
468.7,-61.7736
468.8,-61.7724
468.9,-61.7711
469.0,-61.7699
469.1,-61.7686
469.2,-61.7673
469.3,-61.7661
469.4,-61.7648
469.5,-61.7636
469.6,-61.7623
469.7,-61.7611
469.8,-61.7598
469.9,-61.7586
470.0,-61.7573
470.1,-61.7561
470.2,-61.7548
470.3,-61.7536
470.4,-61.7523
470.5,-61.7511
470.6,-61.7498
470.7,-61.7486
470.8,-61.7473
470.9,-61.7461
471.0,-61.7448
471.1,-61.7436
471.2,-61.7423
471.3,-61.7411
471.4,-61.7398
471.5,-61.7386
471.6,-61.7373
471.7,-61.7361
471.8,-61.7348
471.9,-61.7336
472.0,-61.7324
472.1,-61.7311
472.2,-61.7299
472.3,-61.7286
472.4,-61.7274
472.5,-61.7261
472.6,-61.7249
472.7,-61.7237
472.8,-61.7224
472.9,-61.7212
473.0,-61.7199
473.1,-61.7187
473.2,-61.7175
473.3,-61.7162
473.4,-61.7150
473.5,-61.7137
473.6,-61.7125
473.7,-61.7113
473.8,-61.7100
473.9,-61.7088
474.0,-61.7076
474.1,-61.7063
474.2,-61.7051
474.3,-61.7038
474.4,-61.7026
474.5,-61.7014
474.6,-61.7001
474.7,-61.6989
474.8,-61.6977
474.9,-61.6964
475.0,-61.6952
475.1,-61.6940
475.2,-61.6928
475.3,-61.6915
475.4,-61.6903
475.5,-61.6891
475.6,-61.6878
475.7,-61.6866
475.8,-61.6854
475.9,-61.6841
476.0,-61.6829
476.1,-61.6817
476.2,-61.6805
476.3,-61.6792
476.4,-61.6780
476.5,-61.6768
476.6,-61.6756
476.7,-61.6743
476.8,-61.6731
476.9,-61.6719
477.0,-61.6707
477.1,-61.6694
477.2,-61.6682
477.3,-61.6670
477.4,-61.6658
477.5,-61.6645
477.6,-61.6633
477.7,-61.6621
477.8,-61.6609
477.9,-61.6597
478.0,-61.6584
478.1,-61.6572
478.2,-61.6560
478.3,-61.6548
478.4,-61.6536
478.5,-61.6524
478.6,-61.6511
478.7,-61.6499
478.8,-61.6487
478.9,-61.6475
479.0,-61.6463
479.1,-61.6451
479.2,-61.6438
479.3,-61.6426
479.4,-61.6414
479.5,-61.6402
479.6,-61.6390
479.7,-61.6378
479.8,-61.6366
479.9,-61.6353
480.0,-61.6341
480.1,-61.6329
480.2,-61.6317
480.3,-61.6305
480.4,-61.6293
480.5,-61.6281
480.6,-61.6269
480.7,-61.6257
480.8,-61.6245
480.9,-61.6233
481.0,-61.6220
481.1,-61.6208
481.2,-61.6196
481.3,-61.6184
481.4,-61.6172
481.5,-61.6160
481.6,-61.6148
481.7,-61.6136
481.8,-61.6124
481.9,-61.6112
482.0,-61.6100
482.1,-61.6088
482.2,-61.6076
482.3,-61.6064
482.4,-61.6052
482.5,-61.6040
482.6,-61.6028
482.7,-61.6016
482.8,-61.6004
482.9,-61.5992
483.0,-61.5980
483.1,-61.5968
483.2,-61.5956
483.3,-61.5944
483.4,-61.5932
483.5,-61.5920
483.6,-61.5908
483.7,-61.5896
483.8,-61.5884
483.9,-61.5872
484.0,-61.5860
484.1,-61.5848
484.2,-61.5836
484.3,-61.5824
484.4,-61.5812
484.5,-61.5800
484.6,-61.5788
484.7,-61.5776
484.8,-61.5765
484.9,-61.5753
485.0,-61.5741
485.1,-61.5729
485.2,-61.5717
485.3,-61.5705
485.4,-61.5693
485.5,-61.5681
485.6,-61.5669
485.7,-61.5657
485.8,-61.5646
485.9,-61.5634
486.0,-61.5622
486.1,-61.5610
486.2,-61.5598
486.3,-61.5586
486.4,-61.5574
486.5,-61.5562
486.6,-61.5551
486.7,-61.5539
486.8,-61.5527
486.9,-61.5515
487.0,-61.5503
487.1,-61.5491
487.2,-61.5480
487.3,-61.5468
487.4,-61.5456
487.5,-61.5444
487.6,-61.5432
487.7,-61.5420
487.8,-61.5409
487.9,-61.5397
488.0,-61.5385
488.1,-61.5373
488.2,-61.5361
488.3,-61.5350
488.4,-61.5338
488.5,-61.5326
488.6,-61.5314
488.7,-61.5303
488.8,-61.5291
488.9,-61.5279
489.0,-61.5267
489.1,-61.5256
489.2,-61.5244
489.3,-61.5232
489.4,-61.5220
489.5,-61.5209
489.6,-61.5197
489.7,-61.5185
489.8,-61.5173
489.9,-61.5162
490.0,-61.5150
490.1,-61.5138
490.2,-61.5127
490.3,-61.5115
490.4,-61.5103
490.5,-61.5091
490.6,-61.5080
490.7,-61.5068
490.8,-61.5056
490.9,-61.5045
491.0,-61.5033
491.1,-61.5021
491.2,-61.5010
491.3,-61.4998
491.4,-61.4986
491.5,-61.4975
491.6,-61.4963
491.7,-61.4951
491.8,-61.4940
491.9,-61.4928
492.0,-61.4916
492.1,-61.4905
492.2,-61.4893
492.3,-61.4882
492.4,-61.4870
492.5,-61.4858
492.6,-61.4847
492.7,-61.4835
492.8,-61.4823
492.9,-61.4812
493.0,-61.4800
493.1,-61.4789
493.2,-61.4777
493.3,-61.4765
493.4,-61.4754
493.5,-61.4742
493.6,-61.4731
493.7,-61.4719
493.8,-61.4708
493.9,-61.4696
494.0,-61.4684
494.1,-61.4673
494.2,-61.4661
494.3,-61.4650
494.4,-61.4638
494.5,-61.4627
494.6,-61.4615
494.7,-61.4604
494.8,-61.4592
494.9,-61.4581
495.0,-61.4569
495.1,-61.4557
495.2,-61.4546
495.3,-61.4534
495.4,-61.4523
495.5,-61.4511
495.6,-61.4500
495.7,-61.4488
495.8,-61.4477
495.9,-61.4465
496.0,-61.4454
496.1,-61.4442
496.2,-61.4431
496.3,-61.4420
496.4,-61.4408
496.5,-61.4397
496.6,-61.4385
496.7,-61.4374
496.8,-61.4362
496.9,-61.4351
497.0,-61.4339
497.1,-61.4328
497.2,-61.4316
497.3,-61.4305
497.4,-61.4294
497.5,-61.4282
497.6,-61.4271
497.7,-61.4259
497.8,-61.4248
497.9,-61.4236
498.0,-61.4225
498.1,-61.4214
498.2,-61.4202
498.3,-61.4191
498.4,-61.4179
498.5,-61.4168
498.6,-61.4157
498.7,-61.4145
498.8,-61.4134
498.9,-61.4122
499.0,-61.4111
499.1,-61.4100
499.2,-61.4088
499.3,-61.4077
499.4,-61.4066
499.5,-61.4054
499.6,-61.4043
499.7,-61.4032
499.8,-61.4020
499.9,-61.4009
500.0,-61.3998
500.1,-61.3986
500.2,-61.3975
500.3,-61.3964
500.4,-61.3952
500.5,-61.3941
500.6,-61.3930
500.7,-61.3918
500.8,-61.3907
500.9,-61.3896
501.0,-61.3884
501.1,-61.3873
501.2,-61.3862
501.3,-61.3851
501.4,-61.3839
501.5,-61.3828
501.6,-61.3817
501.7,-61.3806
501.8,-61.3794
501.9,-61.3783
502.0,-61.3772
502.1,-61.3760
502.2,-61.3749
502.3,-61.3738
502.4,-61.3727
502.5,-61.3715
502.6,-61.3704
502.7,-61.3693
502.8,-61.3682
502.9,-61.3671
503.0,-61.3659
503.1,-61.3648
503.2,-61.3637
503.3,-61.3626
503.4,-61.3614
503.5,-61.3603
503.6,-61.3592
503.7,-61.3581
503.8,-61.3570
503.9,-61.3558
504.0,-61.3547
504.1,-61.3536
504.2,-61.3525
504.3,-61.3514
504.4,-61.3503
504.5,-61.3491
504.6,-61.3480
504.7,-61.3469
504.8,-61.3458
504.9,-61.3447
505.0,-61.3436
505.1,-61.3425
505.2,-61.3413
505.3,-61.3402
505.4,-61.3391
505.5,-61.3380
505.6,-61.3369
505.7,-61.3358
505.8,-61.3347
505.9,-61.3336
506.0,-61.3324
506.1,-61.3313
506.2,-61.3302
506.3,-61.3291
506.4,-61.3280
506.5,-61.3269
506.6,-61.3258
506.7,-61.3247
506.8,-61.3236
506.9,-61.3225
507.0,-61.3214
507.1,-61.3202
507.2,-61.3191
507.3,-61.3180
507.4,-61.3169
507.5,-61.3158
507.6,-61.3147
507.7,-61.3136
507.8,-61.3125
507.9,-61.3114
508.0,-61.3103
508.1,-61.3092
508.2,-61.3081
508.3,-61.3070
508.4,-61.3059
508.5,-61.3048
508.6,-61.3037
508.7,-61.3026
508.8,-61.3015
508.9,-61.3004
509.0,-61.2993
509.1,-61.2982
509.2,-61.2971
509.3,-61.2960
509.4,-61.2949
509.5,-61.2938
509.6,-61.2927
509.7,-61.2916
509.8,-61.2905
509.9,-61.2894
510.0,-61.2883
510.1,-61.2872
510.2,-61.2861
510.3,-61.2850
510.4,-61.2839
510.5,-61.2828
510.6,-61.2817
510.7,-61.2806
510.8,-61.2795
510.9,-61.2785
511.0,-61.2774
511.1,-61.2763
511.2,-61.2752
511.3,-61.2741
511.4,-61.2730
511.5,-61.2719
511.6,-61.2708
511.7,-61.2697
511.8,-61.2686
511.9,-61.2675
512.0,-61.2665
512.1,-61.2654
512.2,-61.2643
512.3,-61.2632
512.4,-61.2621
512.5,-61.2610
512.6,-61.2599
512.7,-61.2588
512.8,-61.2578
512.9,-61.2567
513.0,-61.2556
513.1,-61.2545
513.2,-61.2534
513.3,-61.2523
513.4,-61.2512
513.5,-61.2502
513.6,-61.2491
513.7,-61.2480
513.8,-61.2469
513.9,-61.2458
514.0,-61.2448
514.1,-61.2437
514.2,-61.2426
514.3,-61.2415
514.4,-61.2404
514.5,-61.2393
514.6,-61.2383
514.7,-61.2372
514.8,-61.2361
514.9,-61.2350
515.0,-61.2340
515.1,-61.2329
515.2,-61.2318
515.3,-61.2307
515.4,-61.2296
515.5,-61.2286
515.6,-61.2275
515.7,-61.2264
515.8,-61.2253
515.9,-61.2243
516.0,-61.2232
516.1,-61.2221
516.2,-61.2210
516.3,-61.2200
516.4,-61.2189
516.5,-61.2178
516.6,-61.2168
516.7,-61.2157
516.8,-61.2146
516.9,-61.2135
517.0,-61.2125
517.1,-61.2114
517.2,-61.2103
517.3,-61.2093
517.4,-61.2082
517.5,-61.2071
517.6,-61.2060
517.7,-61.2050
517.8,-61.2039
517.9,-61.2028
518.0,-61.2018
518.1,-61.2007
518.2,-61.1996
518.3,-61.1986
518.4,-61.1975
518.5,-61.1964
518.6,-61.1954
518.7,-61.1943
518.8,-61.1932
518.9,-61.1922
519.0,-61.1911
519.1,-61.1901
519.2,-61.1890
519.3,-61.1879
519.4,-61.1869
519.5,-61.1858
519.6,-61.1847
519.7,-61.1837
519.8,-61.1826
519.9,-61.1816
520.0,-61.1805
520.1,-61.1794
520.2,-61.1784
520.3,-61.1773
520.4,-61.1763
520.5,-61.1752
520.6,-61.1741
520.7,-61.1731
520.8,-61.1720
520.9,-61.1710
521.0,-61.1699
521.1,-61.1689
521.2,-61.1678
521.3,-61.1667
521.4,-61.1657
521.5,-61.1646
521.6,-61.1636
521.7,-61.1625
521.8,-61.1615
521.9,-61.1604
522.0,-61.1594
522.1,-61.1583
522.2,-61.1573
522.3,-61.1562
522.4,-61.1552
522.5,-61.1541
522.6,-61.1531
522.7,-61.1520
522.8,-61.1510
522.9,-61.1499
523.0,-61.1489
523.1,-61.1478
523.2,-61.1468
523.3,-61.1457
523.4,-61.1447
523.5,-61.1436
523.6,-61.1426
523.7,-61.1415
523.8,-61.1405
523.9,-61.1394
524.0,-61.1384
524.1,-61.1373
524.2,-61.1363
524.3,-61.1352
524.4,-61.1342
524.5,-61.1331
524.6,-61.1321
524.7,-61.1311
524.8,-61.1300
524.9,-61.1290
525.0,-61.1279
525.1,-61.1269
525.2,-61.1258
525.3,-61.1248
525.4,-61.1238
525.5,-61.1227
525.6,-61.1217
525.7,-61.1206
525.8,-61.1196
525.9,-61.1186
526.0,-61.1175
526.1,-61.1165
526.2,-61.1154
526.3,-61.1144
526.4,-61.1134
526.5,-61.1123
526.6,-61.1113
526.7,-61.1103
526.8,-61.1092
526.9,-61.1082
527.0,-61.1071
527.1,-61.1061
527.2,-61.1051
527.3,-61.1040
527.4,-61.1030
527.5,-61.1020
527.6,-61.1009
527.7,-61.0999
527.8,-61.0989
527.9,-61.0978
528.0,-61.0968
528.1,-61.0958
528.2,-61.0947
528.3,-61.0937
528.4,-61.0927
528.5,-61.0917
528.6,-61.0906
528.7,-61.0896
528.8,-61.0886
528.9,-61.0875
529.0,-61.0865
529.1,-61.0855
529.2,-61.0844
529.3,-61.0834
529.4,-61.0824
529.5,-61.0814
529.6,-61.0803
529.7,-61.0793
529.8,-61.0783
529.9,-61.0773
530.0,-61.0762
530.1,-61.0752
530.2,-61.0742
530.3,-61.0732
530.4,-61.0721
530.5,-61.0711
530.6,-61.0701
530.7,-61.0691
530.8,-61.0680
530.9,-61.0670
531.0,-61.0660
531.1,-61.0650
531.2,-61.0640
531.3,-61.0629
531.4,-61.0619
531.5,-61.0609
531.6,-61.0599
531.7,-61.0588
531.8,-61.0578
531.9,-61.0568
532.0,-61.0558
532.1,-61.0548
532.2,-61.0538
532.3,-61.0527
532.4,-61.0517
532.5,-61.0507
532.6,-61.0497
532.7,-61.0487
532.8,-61.0477
532.9,-61.0466
533.0,-61.0456
533.1,-61.0446
533.2,-61.0436
533.3,-61.0426
533.4,-61.0416
533.5,-61.0406
533.6,-61.0395
533.7,-61.0385
533.8,-61.0375
533.9,-61.0365
534.0,-61.0355
534.1,-61.0345
534.2,-61.0335
534.3,-61.0325
534.4,-61.0314
534.5,-61.0304
534.6,-61.0294
534.7,-61.0284
534.8,-61.0274
534.9,-61.0264
535.0,-61.0254
535.1,-61.0244
535.2,-61.0234
535.3,-61.0224
535.4,-61.0214
535.5,-61.0203
535.6,-61.0193
535.7,-61.0183
535.8,-61.0173
535.9,-61.0163
536.0,-61.0153
536.1,-61.0143
536.2,-61.0133
536.3,-61.0123
536.4,-61.0113
536.5,-61.0103
536.6,-61.0093
536.7,-61.0083
536.8,-61.0073
536.9,-61.0063
537.0,-61.0053
537.1,-61.0043
537.2,-61.0033
537.3,-61.0023
537.4,-61.0013
537.5,-61.0003
537.6,-60.9993
537.7,-60.9983
537.8,-60.9973
537.9,-60.9963
538.0,-60.9953
538.1,-60.9943
538.2,-60.9933
538.3,-60.9923
538.4,-60.9913
538.5,-60.9903
538.6,-60.9893
538.7,-60.9883
538.8,-60.9873
538.9,-60.9863
539.0,-60.9853
539.1,-60.9843
539.2,-60.9833
539.3,-60.9823
539.4,-60.9813
539.5,-60.9803
539.6,-60.9793
539.7,-60.9784
539.8,-60.9774
539.9,-60.9764
540.0,-60.9754
540.1,-60.9744
540.2,-60.9734
540.3,-60.9724
540.4,-60.9714
540.5,-60.9704
540.6,-60.9694
540.7,-60.9684
540.8,-60.9675
540.9,-60.9665
541.0,-60.9655
541.1,-60.9645
541.2,-60.9635
541.3,-60.9625
541.4,-60.9615
541.5,-60.9605
541.6,-60.9596
541.7,-60.9586
541.8,-60.9576
541.9,-60.9566
542.0,-60.9556
542.1,-60.9546
542.2,-60.9536
542.3,-60.9527
542.4,-60.9517
542.5,-60.9507
542.6,-60.9497
542.7,-60.9487
542.8,-60.9477
542.9,-60.9468
543.0,-60.9458
543.1,-60.9448
543.2,-60.9438
543.3,-60.9428
543.4,-60.9418
543.5,-60.9409
543.6,-60.9399
543.7,-60.9389
543.8,-60.9379
543.9,-60.9370
544.0,-60.9360
544.1,-60.9350
544.2,-60.9340
544.3,-60.9330
544.4,-60.9321
544.5,-60.9311
544.6,-60.9301
544.7,-60.9291
544.8,-60.9282
544.9,-60.9272
545.0,-60.9262
545.1,-60.9252
545.2,-60.9243
545.3,-60.9233
545.4,-60.9223
545.5,-60.9213
545.6,-60.9204
545.7,-60.9194
545.8,-60.9184
545.9,-60.9174
546.0,-60.9165
546.1,-60.9155
546.2,-60.9145
546.3,-60.9135
546.4,-60.9126
546.5,-60.9116
546.6,-60.9106
546.7,-60.9097
546.8,-60.9087
546.9,-60.9077
547.0,-60.9068
547.1,-60.9058
547.2,-60.9048
547.3,-60.9039
547.4,-60.9029
547.5,-60.9019
547.6,-60.9010
547.7,-60.9000
547.8,-60.8990
547.9,-60.8981
548.0,-60.8971
548.1,-60.8961
548.2,-60.8952
548.3,-60.8942
548.4,-60.8932
548.5,-60.8923
548.6,-60.8913
548.7,-60.8903
548.8,-60.8894
548.9,-60.8884
549.0,-60.8874
549.1,-60.8865
549.2,-60.8855
549.3,-60.8846
549.4,-60.8836
549.5,-60.8826
549.6,-60.8817
549.7,-60.8807
549.8,-60.8798
549.9,-60.8788
550.0,-60.8778
550.1,-60.8769
550.2,-60.8759
550.3,-60.8750
550.4,-60.8740
550.5,-60.8730
550.6,-60.8721
550.7,-60.8711
550.8,-60.8702
550.9,-60.8692
551.0,-60.8683
551.1,-60.8673
551.2,-60.8663
551.3,-60.8654
551.4,-60.8644
551.5,-60.8635
551.6,-60.8625
551.7,-60.8616
551.8,-60.8606
551.9,-60.8597
552.0,-60.8587
552.1,-60.8578
552.2,-60.8568
552.3,-60.8559
552.4,-60.8549
552.5,-60.8540
552.6,-60.8530
552.7,-60.8521
552.8,-60.8511
552.9,-60.8502
553.0,-60.8492
553.1,-60.8483
553.2,-60.8473
553.3,-60.8464
553.4,-60.8454
553.5,-60.8445
553.6,-60.8435
553.7,-60.8426
553.8,-60.8416
553.9,-60.8407
554.0,-60.8397
554.1,-60.8388
554.2,-60.8378
554.3,-60.8369
554.4,-60.8359
554.5,-60.8350
554.6,-60.8340
554.7,-60.8331
554.8,-60.8322
554.9,-60.8312
555.0,-60.8303
555.1,-60.8293
555.2,-60.8284
555.3,-60.8274
555.4,-60.8265
555.5,-60.8256
555.6,-60.8246
555.7,-60.8237
555.8,-60.8227
555.9,-60.8218
556.0,-60.8209
556.1,-60.8199
556.2,-60.8190
556.3,-60.8180
556.4,-60.8171
556.5,-60.8162
556.6,-60.8152
556.7,-60.8143
556.8,-60.8133
556.9,-60.8124
557.0,-60.8115
557.1,-60.8105
557.2,-60.8096
557.3,-60.8087
557.4,-60.8077
557.5,-60.8068
557.6,-60.8058
557.7,-60.8049
557.8,-60.8040
557.9,-60.8030
558.0,-60.8021
558.1,-60.8012
558.2,-60.8002
558.3,-60.7993
558.4,-60.7984
558.5,-60.7974
558.6,-60.7965
558.7,-60.7956
558.8,-60.7946
558.9,-60.7937
559.0,-60.7928
559.1,-60.7919
559.2,-60.7909
559.3,-60.7900
559.4,-60.7891
559.5,-60.7881
559.6,-60.7872
559.7,-60.7863
559.8,-60.7853
559.9,-60.7844
560.0,-60.7835
560.1,-60.7826
560.2,-60.7816
560.3,-60.7807
560.4,-60.7798
560.5,-60.7789
560.6,-60.7779
560.7,-60.7770
560.8,-60.7761
560.9,-60.7752
561.0,-60.7742
561.1,-60.7733
561.2,-60.7724
561.3,-60.7715
561.4,-60.7705
561.5,-60.7696
561.6,-60.7687
561.7,-60.7678
561.8,-60.7668
561.9,-60.7659
562.0,-60.7650
562.1,-60.7641
562.2,-60.7632
562.3,-60.7622
562.4,-60.7613
562.5,-60.7604
562.6,-60.7595
562.7,-60.7585
562.8,-60.7576
562.9,-60.7567
563.0,-60.7558
563.1,-60.7549
563.2,-60.7540
563.3,-60.7530
563.4,-60.7521
563.5,-60.7512
563.6,-60.7503
563.7,-60.7494
563.8,-60.7485
563.9,-60.7475
564.0,-60.7466
564.1,-60.7457
564.2,-60.7448
564.3,-60.7439
564.4,-60.7430
564.5,-60.7420
564.6,-60.7411
564.7,-60.7402
564.8,-60.7393
564.9,-60.7384
565.0,-60.7375
565.1,-60.7366
565.2,-60.7357
565.3,-60.7347
565.4,-60.7338
565.5,-60.7329
565.6,-60.7320
565.7,-60.7311
565.8,-60.7302
565.9,-60.7293
566.0,-60.7284
566.1,-60.7275
566.2,-60.7266
566.3,-60.7256
566.4,-60.7247
566.5,-60.7238
566.6,-60.7229
566.7,-60.7220
566.8,-60.7211
566.9,-60.7202
567.0,-60.7193
567.1,-60.7184
567.2,-60.7175
567.3,-60.7166
567.4,-60.7157
567.5,-60.7148
567.6,-60.7139
567.7,-60.7130
567.8,-60.7121
567.9,-60.7111
568.0,-60.7102
568.1,-60.7093
568.2,-60.7084
568.3,-60.7075
568.4,-60.7066
568.5,-60.7057
568.6,-60.7048
568.7,-60.7039
568.8,-60.7030
568.9,-60.7021
569.0,-60.7012
569.1,-60.7003
569.2,-60.6994
569.3,-60.6985
569.4,-60.6976
569.5,-60.6967
569.6,-60.6958
569.7,-60.6949
569.8,-60.6940
569.9,-60.6931
570.0,-60.6922
570.1,-60.6913
570.2,-60.6904
570.3,-60.6895
570.4,-60.6886
570.5,-60.6878
570.6,-60.6869
570.7,-60.6860
570.8,-60.6851
570.9,-60.6842
571.0,-60.6833
571.1,-60.6824
571.2,-60.6815
571.3,-60.6806
571.4,-60.6797
571.5,-60.6788
571.6,-60.6779
571.7,-60.6770
571.8,-60.6761
571.9,-60.6752
572.0,-60.6743
572.1,-60.6735
572.2,-60.6726
572.3,-60.6717
572.4,-60.6708
572.5,-60.6699
572.6,-60.6690
572.7,-60.6681
572.8,-60.6672
572.9,-60.6663
573.0,-60.6654
573.1,-60.6646
573.2,-60.6637
573.3,-60.6628
573.4,-60.6619
573.5,-60.6610
573.6,-60.6601
573.7,-60.6592
573.8,-60.6583
573.9,-60.6575
574.0,-60.6566
574.1,-60.6557
574.2,-60.6548
574.3,-60.6539
574.4,-60.6530
574.5,-60.6522
574.6,-60.6513
574.7,-60.6504
574.8,-60.6495
574.9,-60.6486
575.0,-60.6477
575.1,-60.6469
575.2,-60.6460
575.3,-60.6451
575.4,-60.6442
575.5,-60.6433
575.6,-60.6424
575.7,-60.6416
575.8,-60.6407
575.9,-60.6398
576.0,-60.6389
576.1,-60.6380
576.2,-60.6372
576.3,-60.6363
576.4,-60.6354
576.5,-60.6345
576.6,-60.6337
576.7,-60.6328
576.8,-60.6319
576.9,-60.6310
577.0,-60.6301
577.1,-60.6293
577.2,-60.6284
577.3,-60.6275
577.4,-60.6266
577.5,-60.6258
577.6,-60.6249
577.7,-60.6240
577.8,-60.6231
577.9,-60.6223
578.0,-60.6214
578.1,-60.6205
578.2,-60.6196
578.3,-60.6188
578.4,-60.6179
578.5,-60.6170
578.6,-60.6162
578.7,-60.6153
578.8,-60.6144
578.9,-60.6135
579.0,-60.6127
579.1,-60.6118
579.2,-60.6109
579.3,-60.6101
579.4,-60.6092
579.5,-60.6083
579.6,-60.6074
579.7,-60.6066
579.8,-60.6057
579.9,-60.6048
580.0,-60.6040
580.1,-60.6031
580.2,-60.6022
580.3,-60.6014
580.4,-60.6005
580.5,-60.5996
580.6,-60.5988
580.7,-60.5979
580.8,-60.5970
580.9,-60.5962
581.0,-60.5953
581.1,-60.5944
581.2,-60.5936
581.3,-60.5927
581.4,-60.5918
581.5,-60.5910
581.6,-60.5901
581.7,-60.5893
581.8,-60.5884
581.9,-60.5875
582.0,-60.5867
582.1,-60.5858
582.2,-60.5849
582.3,-60.5841
582.4,-60.5832
582.5,-60.5824
582.6,-60.5815
582.7,-60.5806
582.8,-60.5798
582.9,-60.5789
583.0,-60.5781
583.1,-60.5772
583.2,-60.5763
583.3,-60.5755
583.4,-60.5746
583.5,-60.5738
583.6,-60.5729
583.7,-60.5721
583.8,-60.5712
583.9,-60.5703
584.0,-60.5695
584.1,-60.5686
584.2,-60.5678
584.3,-60.5669
584.4,-60.5661
584.5,-60.5652
584.6,-60.5644
584.7,-60.5635
584.8,-60.5626
584.9,-60.5618
585.0,-60.5609
585.1,-60.5601
585.2,-60.5592
585.3,-60.5584
585.4,-60.5575
585.5,-60.5567
585.6,-60.5558
585.7,-60.5550
585.8,-60.5541
585.9,-60.5533
586.0,-60.5524
586.1,-60.5516
586.2,-60.5507
586.3,-60.5499
586.4,-60.5490
586.5,-60.5482
586.6,-60.5473
586.7,-60.5465
586.8,-60.5456
586.9,-60.5448
587.0,-60.5439
587.1,-60.5431
587.2,-60.5422
587.3,-60.5414
587.4,-60.5405
587.5,-60.5397
587.6,-60.5388
587.7,-60.5380
587.8,-60.5371
587.9,-60.5363
588.0,-60.5355
588.1,-60.5346
588.2,-60.5338
588.3,-60.5329
588.4,-60.5321
588.5,-60.5312
588.6,-60.5304
588.7,-60.5295
588.8,-60.5287
588.9,-60.5279
589.0,-60.5270
589.1,-60.5262
589.2,-60.5253
589.3,-60.5245
589.4,-60.5236
589.5,-60.5228
589.6,-60.5220
589.7,-60.5211
589.8,-60.5203
589.9,-60.5194
590.0,-60.5186
590.1,-60.5178
590.2,-60.5169
590.3,-60.5161
590.4,-60.5152
590.5,-60.5144
590.6,-60.5136
590.7,-60.5127
590.8,-60.5119
590.9,-60.5111
591.0,-60.5102
591.1,-60.5094
591.2,-60.5086
591.3,-60.5077
591.4,-60.5069
591.5,-60.5060
591.6,-60.5052
591.7,-60.5044
591.8,-60.5035
591.9,-60.5027
592.0,-60.5019
592.1,-60.5010
592.2,-60.5002
592.3,-60.4994
592.4,-60.4985
592.5,-60.4977
592.6,-60.4969
592.7,-60.4960
592.8,-60.4952
592.9,-60.4944
593.0,-60.4935
593.1,-60.4927
593.2,-60.4919
593.3,-60.4911
593.4,-60.4902
593.5,-60.4894
593.6,-60.4886
593.7,-60.4877
593.8,-60.4869
593.9,-60.4861
594.0,-60.4852
594.1,-60.4844
594.2,-60.4836
594.3,-60.4828
594.4,-60.4819
594.5,-60.4811
594.6,-60.4803
594.7,-60.4795
594.8,-60.4786
594.9,-60.4778
595.0,-60.4770
595.1,-60.4762
595.2,-60.4753
595.3,-60.4745
595.4,-60.4737
595.5,-60.4729
595.6,-60.4720
595.7,-60.4712
595.8,-60.4704
595.9,-60.4696
596.0,-60.4687
596.1,-60.4679
596.2,-60.4671
596.3,-60.4663
596.4,-60.4654
596.5,-60.4646
596.6,-60.4638
596.7,-60.4630
596.8,-60.4622
596.9,-60.4613
597.0,-60.4605
597.1,-60.4597
597.2,-60.4589
597.3,-60.4581
597.4,-60.4572
597.5,-60.4564
597.6,-60.4556
597.7,-60.4548
597.8,-60.4540
597.9,-60.4531
598.0,-60.4523
598.1,-60.4515
598.2,-60.4507
598.3,-60.4499
598.4,-60.4491
598.5,-60.4482
598.6,-60.4474
598.7,-60.4466
598.8,-60.4458
598.9,-60.4450
599.0,-60.4442
599.1,-60.4434
599.2,-60.4425
599.3,-60.4417
599.4,-60.4409
599.5,-60.4401
599.6,-60.4393
599.7,-60.4385
599.8,-60.4377
599.9,-60.4368
600.0,-60.4360
600.1,-60.4352
600.2,-60.4344
600.3,-60.4336
600.4,-60.4328
600.5,-60.4320
600.6,-60.4312
600.7,-60.4304
600.8,-60.4295
600.9,-60.4287
601.0,-60.4279
601.1,-60.4271
601.2,-60.4263
601.3,-60.4255
601.4,-60.4247
601.5,-60.4239
601.6,-60.4231
601.7,-60.4223
601.8,-60.4215
601.9,-60.4207
602.0,-60.4198
602.1,-60.4190
602.2,-60.4182
602.3,-60.4174
602.4,-60.4166
602.5,-60.4158
602.6,-60.4150
602.7,-60.4142
602.8,-60.4134
602.9,-60.4126
603.0,-60.4118
603.1,-60.4110
603.2,-60.4102
603.3,-60.4094
603.4,-60.4086
603.5,-60.4078
603.6,-60.4070
603.7,-60.4062
603.8,-60.4054
603.9,-60.4046
604.0,-60.4038
604.1,-60.4030
604.2,-60.4022
604.3,-60.4014
604.4,-60.4006
604.5,-60.3998
604.6,-60.3990
604.7,-60.3982
604.8,-60.3974
604.9,-60.3966
605.0,-60.3958
605.1,-60.3950
605.2,-60.3942
605.3,-60.3934
605.4,-60.3926
605.5,-60.3918
605.6,-60.3910
605.7,-60.3902
605.8,-60.3894
605.9,-60.3886
606.0,-60.3878
606.1,-60.3870
606.2,-60.3862
606.3,-60.3854
606.4,-60.3846
606.5,-60.3838
606.6,-60.3830
606.7,-60.3822
606.8,-60.3814
606.9,-60.3806
607.0,-60.3799
607.1,-60.3791
607.2,-60.3783
607.3,-60.3775
607.4,-60.3767
607.5,-60.3759
607.6,-60.3751
607.7,-60.3743
607.8,-60.3735
607.9,-60.3727
608.0,-60.3719
608.1,-60.3711
608.2,-60.3704
608.3,-60.3696
608.4,-60.3688
608.5,-60.3680
608.6,-60.3672
608.7,-60.3664
608.8,-60.3656
608.9,-60.3648
609.0,-60.3640
609.1,-60.3633
609.2,-60.3625
609.3,-60.3617
609.4,-60.3609
609.5,-60.3601
609.6,-60.3593
609.7,-60.3585
609.8,-60.3577
609.9,-60.3570
610.0,-60.3562
610.1,-60.3554
610.2,-60.3546
610.3,-60.3538
610.4,-60.3530
610.5,-60.3522
610.6,-60.3515
610.7,-60.3507
610.8,-60.3499
610.9,-60.3491
611.0,-60.3483
611.1,-60.3475
611.2,-60.3468
611.3,-60.3460
611.4,-60.3452
611.5,-60.3444
611.6,-60.3436
611.7,-60.3429
611.8,-60.3421
611.9,-60.3413
612.0,-60.3405
612.1,-60.3397
612.2,-60.3390
612.3,-60.3382
612.4,-60.3374
612.5,-60.3366
612.6,-60.3358
612.7,-60.3351
612.8,-60.3343
612.9,-60.3335
613.0,-60.3327
613.1,-60.3320
613.2,-60.3312
613.3,-60.3304
613.4,-60.3296
613.5,-60.3288
613.6,-60.3281
613.7,-60.3273
613.8,-60.3265
613.9,-60.3257
614.0,-60.3250
614.1,-60.3242
614.2,-60.3234
614.3,-60.3226
614.4,-60.3219
614.5,-60.3211
614.6,-60.3203
614.7,-60.3195
614.8,-60.3188
614.9,-60.3180
615.0,-60.3172
615.1,-60.3165
615.2,-60.3157
615.3,-60.3149
615.4,-60.3141
615.5,-60.3134
615.6,-60.3126
615.7,-60.3118
615.8,-60.3111
615.9,-60.3103
616.0,-60.3095
616.1,-60.3087
616.2,-60.3080
616.3,-60.3072
616.4,-60.3064
616.5,-60.3057
616.6,-60.3049
616.7,-60.3041
616.8,-60.3034
616.9,-60.3026
617.0,-60.3018
617.1,-60.3011
617.2,-60.3003
617.3,-60.2995
617.4,-60.2988
617.5,-60.2980
617.6,-60.2972
617.7,-60.2965
617.8,-60.2957
617.9,-60.2949
618.0,-60.2942
618.1,-60.2934
618.2,-60.2926
618.3,-60.2919
618.4,-60.2911
618.5,-60.2904
618.6,-60.2896
618.7,-60.2888
618.8,-60.2881
618.9,-60.2873
619.0,-60.2865
619.1,-60.2858
619.2,-60.2850
619.3,-60.2843
619.4,-60.2835
619.5,-60.2827
619.6,-60.2820
619.7,-60.2812
619.8,-60.2804
619.9,-60.2797
620.0,-60.2789
620.1,-60.2782
620.2,-60.2774
620.3,-60.2767
620.4,-60.2759
620.5,-60.2751
620.6,-60.2744
620.7,-60.2736
620.8,-60.2729
620.9,-60.2721
621.0,-60.2713
621.1,-60.2706
621.2,-60.2698
621.3,-60.2691
621.4,-60.2683
621.5,-60.2676
621.6,-60.2668
621.7,-60.2661
621.8,-60.2653
621.9,-60.2645
622.0,-60.2638
622.1,-60.2630
622.2,-60.2623
622.3,-60.2615
622.4,-60.2608
622.5,-60.2600
622.6,-60.2593
622.7,-60.2585
622.8,-60.2578
622.9,-60.2570
623.0,-60.2563
623.1,-60.2555
623.2,-60.2547
623.3,-60.2540
623.4,-60.2532
623.5,-60.2525
623.6,-60.2517
623.7,-60.2510
623.8,-60.2502
623.9,-60.2495
624.0,-60.2487
624.1,-60.2480
624.2,-60.2472
624.3,-60.2465
624.4,-60.2457
624.5,-60.2450
624.6,-60.2443
624.7,-60.2435
624.8,-60.2428
624.9,-60.2420
625.0,-60.2413
625.1,-60.2405
625.2,-60.2398
625.3,-60.2390
625.4,-60.2383
625.5,-60.2375
625.6,-60.2368
625.7,-60.2360
625.8,-60.2353
625.9,-60.2345
626.0,-60.2338
626.1,-60.2331
626.2,-60.2323
626.3,-60.2316
626.4,-60.2308
626.5,-60.2301
626.6,-60.2293
626.7,-60.2286
626.8,-60.2279
626.9,-60.2271
627.0,-60.2264
627.1,-60.2256
627.2,-60.2249
627.3,-60.2241
627.4,-60.2234
627.5,-60.2227
627.6,-60.2219
627.7,-60.2212
627.8,-60.2204
627.9,-60.2197
628.0,-60.2190
628.1,-60.2182
628.2,-60.2175
628.3,-60.2167
628.4,-60.2160
628.5,-60.2153
628.6,-60.2145
628.7,-60.2138
628.8,-60.2131
628.9,-60.2123
629.0,-60.2116
629.1,-60.2108
629.2,-60.2101
629.3,-60.2094
629.4,-60.2086
629.5,-60.2079
629.6,-60.2072
629.7,-60.2064
629.8,-60.2057
629.9,-60.2050
630.0,-60.2042
630.1,-60.2035
630.2,-60.2027
630.3,-60.2020
630.4,-60.2013
630.5,-60.2005
630.6,-60.1998
630.7,-60.1991
630.8,-60.1983
630.9,-60.1976
631.0,-60.1969
631.1,-60.1961
631.2,-60.1954
631.3,-60.1947
631.4,-60.1940
631.5,-60.1932
631.6,-60.1925
631.7,-60.1918
631.8,-60.1910
631.9,-60.1903
632.0,-60.1896
632.1,-60.1888
632.2,-60.1881
632.3,-60.1874
632.4,-60.1867
632.5,-60.1859
632.6,-60.1852
632.7,-60.1845
632.8,-60.1837
632.9,-60.1830
633.0,-60.1823
633.1,-60.1816
633.2,-60.1808
633.3,-60.1801
633.4,-60.1794
633.5,-60.1786
633.6,-60.1779
633.7,-60.1772
633.8,-60.1765
633.9,-60.1757
634.0,-60.1750
634.1,-60.1743
634.2,-60.1736
634.3,-60.1728
634.4,-60.1721
634.5,-60.1714
634.6,-60.1707
634.7,-60.1700
634.8,-60.1692
634.9,-60.1685
635.0,-60.1678
635.1,-60.1671
635.2,-60.1663
635.3,-60.1656
635.4,-60.1649
635.5,-60.1642
635.6,-60.1635
635.7,-60.1627
635.8,-60.1620
635.9,-60.1613
636.0,-60.1606
636.1,-60.1598
636.2,-60.1591
636.3,-60.1584
636.4,-60.1577
636.5,-60.1570
636.6,-60.1563
636.7,-60.1555
636.8,-60.1548
636.9,-60.1541
637.0,-60.1534
637.1,-60.1527
637.2,-60.1519
637.3,-60.1512
637.4,-60.1505
637.5,-60.1498
637.6,-60.1491
637.7,-60.1484
637.8,-60.1476
637.9,-60.1469
638.0,-60.1462
638.1,-60.1455
638.2,-60.1448
638.3,-60.1441
638.4,-60.1434
638.5,-60.1426
638.6,-60.1419
638.7,-60.1412
638.8,-60.1405
638.9,-60.1398
639.0,-60.1391
639.1,-60.1384
639.2,-60.1376
639.3,-60.1369
639.4,-60.1362
639.5,-60.1355
639.6,-60.1348
639.7,-60.1341
639.8,-60.1334
639.9,-60.1327
640.0,-60.1320
640.1,-60.1312
640.2,-60.1305
640.3,-60.1298
640.4,-60.1291
640.5,-60.1284
640.6,-60.1277
640.7,-60.1270
640.8,-60.1263
640.9,-60.1256
641.0,-60.1249
641.1,-60.1242
641.2,-60.1234
641.3,-60.1227
641.4,-60.1220
641.5,-60.1213
641.6,-60.1206
641.7,-60.1199
641.8,-60.1192
641.9,-60.1185
642.0,-60.1178
642.1,-60.1171
642.2,-60.1164
642.3,-60.1157
642.4,-60.1150
642.5,-60.1143
642.6,-60.1136
642.7,-60.1129
642.8,-60.1121
642.9,-60.1114
643.0,-60.1107
643.1,-60.1100
643.2,-60.1093
643.3,-60.1086
643.4,-60.1079
643.5,-60.1072
643.6,-60.1065
643.7,-60.1058
643.8,-60.1051
643.9,-60.1044
644.0,-60.1037
644.1,-60.1030
644.2,-60.1023
644.3,-60.1016
644.4,-60.1009
644.5,-60.1002
644.6,-60.0995
644.7,-60.0988
644.8,-60.0981
644.9,-60.0974
645.0,-60.0967
645.1,-60.0960
645.2,-60.0953
645.3,-60.0946
645.4,-60.0939
645.5,-60.0932
645.6,-60.0925
645.7,-60.0918
645.8,-60.0911
645.9,-60.0904
646.0,-60.0897
646.1,-60.0890
646.2,-60.0883
646.3,-60.0876
646.4,-60.0870
646.5,-60.0863
646.6,-60.0856
646.7,-60.0849
646.8,-60.0842
646.9,-60.0835
647.0,-60.0828
647.1,-60.0821
647.2,-60.0814
647.3,-60.0807
647.4,-60.0800
647.5,-60.0793
647.6,-60.0786
647.7,-60.0779
647.8,-60.0772
647.9,-60.0765
648.0,-60.0759
648.1,-60.0752
648.2,-60.0745
648.3,-60.0738
648.4,-60.0731
648.5,-60.0724
648.6,-60.0717
648.7,-60.0710
648.8,-60.0703
648.9,-60.0696
649.0,-60.0689
649.1,-60.0683
649.2,-60.0676
649.3,-60.0669
649.4,-60.0662
649.5,-60.0655
649.6,-60.0648
649.7,-60.0641
649.8,-60.0634
649.9,-60.0627
650.0,-60.0621
650.1,-60.0614
650.2,-60.0607
650.3,-60.0600
650.4,-60.0593
650.5,-60.0586
650.6,-60.0579
650.7,-60.0573
650.8,-60.0566
650.9,-60.0559
651.0,-60.0552
651.1,-60.0545
651.2,-60.0538
651.3,-60.0531
651.4,-60.0525
651.5,-60.0518
651.6,-60.0511
651.7,-60.0504
651.8,-60.0497
651.9,-60.0490
652.0,-60.0484
652.1,-60.0477
652.2,-60.0470
652.3,-60.0463
652.4,-60.0456
652.5,-60.0449
652.6,-60.0443
652.7,-60.0436
652.8,-60.0429
652.9,-60.0422
653.0,-60.0415
653.1,-60.0409
653.2,-60.0402
653.3,-60.0395
653.4,-60.0388
653.5,-60.0381
653.6,-60.0375
653.7,-60.0368
653.8,-60.0361
653.9,-60.0354
654.0,-60.0347
654.1,-60.0341
654.2,-60.0334
654.3,-60.0327
654.4,-60.0320
654.5,-60.0314
654.6,-60.0307
654.7,-60.0300
654.8,-60.0293
654.9,-60.0287
655.0,-60.0280
655.1,-60.0273
655.2,-60.0266
655.3,-60.0259
655.4,-60.0253
655.5,-60.0246
655.6,-60.0239
655.7,-60.0232
655.8,-60.0226
655.9,-60.0219
656.0,-60.0212
656.1,-60.0206
656.2,-60.0199
656.3,-60.0192
656.4,-60.0185
656.5,-60.0179
656.6,-60.0172
656.7,-60.0165
656.8,-60.0158
656.9,-60.0152
657.0,-60.0145
657.1,-60.0138
657.2,-60.0132
657.3,-60.0125
657.4,-60.0118
657.5,-60.0111
657.6,-60.0105
657.7,-60.0098
657.8,-60.0091
657.9,-60.0085
658.0,-60.0078
658.1,-60.0071
658.2,-60.0065
658.3,-60.0058
658.4,-60.0051
658.5,-60.0045
658.6,-60.0038
658.7,-60.0031
658.8,-60.0025
658.9,-60.0018
659.0,-60.0011
659.1,-60.0004
659.2,-59.9998
659.3,-59.9991
659.4,-59.9984
659.5,-59.9978
659.6,-59.9971
659.7,-59.9965
659.8,-59.9958
659.9,-59.9951
660.0,-59.9945
660.1,-59.9938
660.2,-59.9931
660.3,-59.9925
660.4,-59.9918
660.5,-59.9911
660.6,-59.9905
660.7,-59.9898
660.8,-59.9891
660.9,-59.9885
661.0,-59.9878
661.1,-59.9872
661.2,-59.9865
661.3,-59.9858
661.4,-59.9852
661.5,-59.9845
661.6,-59.9838
661.7,-59.9832
661.8,-59.9825
661.9,-59.9819
662.0,-59.9812
662.1,-59.9805
662.2,-59.9799
662.3,-59.9792
662.4,-59.9786
662.5,-59.9779
662.6,-59.9772
662.7,-59.9766
662.8,-59.9759
662.9,-59.9753
663.0,-59.9746
663.1,-59.9740
663.2,-59.9733
663.3,-59.9726
663.4,-59.9720
663.5,-59.9713
663.6,-59.9707
663.7,-59.9700
663.8,-59.9694
663.9,-59.9687
664.0,-59.9680
664.1,-59.9674
664.2,-59.9667
664.3,-59.9661
664.4,-59.9654
664.5,-59.9648
664.6,-59.9641
664.7,-59.9635
664.8,-59.9628
664.9,-59.9621
665.0,-59.9615
665.1,-59.9608
665.2,-59.9602
665.3,-59.9595
665.4,-59.9589
665.5,-59.9582
665.6,-59.9576
665.7,-59.9569
665.8,-59.9563
665.9,-59.9556
666.0,-59.9550
666.1,-59.9543
666.2,-59.9537
666.3,-59.9530
666.4,-59.9524
666.5,-59.9517
666.6,-59.9511
666.7,-59.9504
666.8,-59.9498
666.9,-59.9491
667.0,-59.9485
667.1,-59.9478
667.2,-59.9472
667.3,-59.9465
667.4,-59.9459
667.5,-59.9452
667.6,-59.9446
667.7,-59.9439
667.8,-59.9433
667.9,-59.9426
668.0,-59.9420
668.1,-59.9413
668.2,-59.9407
668.3,-59.9400
668.4,-59.9394
668.5,-59.9387
668.6,-59.9381
668.7,-59.9374
668.8,-59.9368
668.9,-59.9362
669.0,-59.9355
669.1,-59.9349
669.2,-59.9342
669.3,-59.9336
669.4,-59.9329
669.5,-59.9323
669.6,-59.9316
669.7,-59.9310
669.8,-59.9304
669.9,-59.9297
670.0,-59.9291
670.1,-59.9284
670.2,-59.9278
670.3,-59.9271
670.4,-59.9265
670.5,-59.9259
670.6,-59.9252
670.7,-59.9246
670.8,-59.9239
670.9,-59.9233
671.0,-59.9227
671.1,-59.9220
671.2,-59.9214
671.3,-59.9207
671.4,-59.9201
671.5,-59.9194
671.6,-59.9188
671.7,-59.9182
671.8,-59.9175
671.9,-59.9169
672.0,-59.9163
672.1,-59.9156
672.2,-59.9150
672.3,-59.9143
672.4,-59.9137
672.5,-59.9131
672.6,-59.9124
672.7,-59.9118
672.8,-59.9111
672.9,-59.9105
673.0,-59.9099
673.1,-59.9092
673.2,-59.9086
673.3,-59.9080
673.4,-59.9073
673.5,-59.9067
673.6,-59.9061
673.7,-59.9054
673.8,-59.9048
673.9,-59.9042
674.0,-59.9035
674.1,-59.9029
674.2,-59.9023
674.3,-59.9016
674.4,-59.9010
674.5,-59.9004
674.6,-59.8997
674.7,-59.8991
674.8,-59.8985
674.9,-59.8978
675.0,-59.8972
675.1,-59.8966
675.2,-59.8959
675.3,-59.8953
675.4,-59.8947
675.5,-59.8940
675.6,-59.8934
675.7,-59.8928
675.8,-59.8921
675.9,-59.8915
676.0,-59.8909
676.1,-59.8902
676.2,-59.8896
676.3,-59.8890
676.4,-59.8884
676.5,-59.8877
676.6,-59.8871
676.7,-59.8865
676.8,-59.8858
676.9,-59.8852
677.0,-59.8846
677.1,-59.8840
677.2,-59.8833
677.3,-59.8827
677.4,-59.8821
677.5,-59.8814
677.6,-59.8808
677.7,-59.8802
677.8,-59.8796
677.9,-59.8789
678.0,-59.8783
678.1,-59.8777
678.2,-59.8771
678.3,-59.8764
678.4,-59.8758
678.5,-59.8752
678.6,-59.8746
678.7,-59.8739
678.8,-59.8733
678.9,-59.8727
679.0,-59.8721
679.1,-59.8714
679.2,-59.8708
679.3,-59.8702
679.4,-59.8696
679.5,-59.8689
679.6,-59.8683
679.7,-59.8677
679.8,-59.8671
679.9,-59.8665
680.0,-57.8461
680.1,-57.8398
680.2,-57.8333
680.3,-57.8266
680.4,-57.8196
680.5,-57.8123
680.6,-57.8047
680.7,-57.7968
680.8,-57.7885
680.9,-57.7800
681.0,-57.7711
681.1,-57.7619
681.2,-57.7523
681.3,-57.7423
681.4,-57.7319
681.5,-57.7210
681.6,-57.7098
681.7,-57.6981
681.8,-57.6860
681.9,-57.6733
682.0,-57.6602
682.1,-57.6465
682.2,-57.6323
682.3,-57.6176
682.4,-57.6023
682.5,-57.5863
682.6,-57.5698
682.7,-57.5525
682.8,-57.5346
682.9,-57.5160
683.0,-57.4967
683.1,-57.4767
683.2,-57.4558
683.3,-57.4341
683.4,-57.4116
683.5,-57.3883
683.6,-57.3640
683.7,-57.3388
683.8,-57.3126
683.9,-57.2854
684.0,-57.2572
684.1,-57.2279
684.2,-57.1975
684.3,-57.1659
684.4,-57.1332
684.5,-57.0992
684.6,-57.0639
684.7,-57.0273
684.8,-56.9894
684.9,-56.9500
685.0,-56.9092
685.1,-56.8669
685.2,-56.8230
685.3,-56.7775
685.4,-56.7304
685.5,-56.6815
685.6,-56.6309
685.7,-56.5785
685.8,-56.5242
685.9,-56.4680
686.0,-56.4098
686.1,-56.3496
686.2,-56.2872
686.3,-56.2227
686.4,-56.1560
686.5,-56.0870
686.6,-56.0157
686.7,-55.9420
686.8,-55.8658
686.9,-55.7870
687.0,-55.7057
687.1,-55.6218
687.2,-55.5351
687.3,-55.4457
687.4,-55.3535
687.5,-55.2583
687.6,-55.1603
687.7,-55.0592
687.8,-54.9551
687.9,-54.8478
688.0,-54.7374
688.1,-54.6238
688.2,-54.5070
688.3,-54.3868
688.4,-54.2633
688.5,-54.1364
688.6,-54.0061
688.7,-53.8724
688.8,-53.7352
688.9,-53.5945
689.0,-53.4502
689.1,-53.3025
689.2,-53.1512
689.3,-52.9963
689.4,-52.8380
689.5,-52.6761
689.6,-52.5107
689.7,-52.3417
689.8,-52.1694
689.9,-51.9936
690.0,-51.8143
690.1,-51.6318
690.2,-51.4460
690.3,-51.2569
690.4,-51.0647
690.5,-50.8694
690.6,-50.6711
690.7,-50.4700
690.8,-50.2660
690.9,-50.0593
691.0,-49.8501
691.1,-49.6384
691.2,-49.4244
691.3,-49.2082
691.4,-48.9900
691.5,-48.7698
691.6,-48.5479
691.7,-48.3245
691.8,-48.0996
691.9,-47.8734
692.0,-47.6462
692.1,-47.4180
692.2,-47.1892
692.3,-46.9598
692.4,-46.7300
692.5,-46.5000
692.6,-46.2700
692.7,-46.0402
692.8,-45.8108
692.9,-45.5820
693.0,-45.3538
693.1,-45.1266
693.2,-44.9004
693.3,-44.6755
693.4,-44.4521
693.5,-44.2302
693.6,-44.0100
693.7,-43.7918
693.8,-43.5756
693.9,-43.3616
694.0,-43.1499
694.1,-42.9407
694.2,-42.7340
694.3,-42.5300
694.4,-42.3289
694.5,-42.1306
694.6,-41.9353
694.7,-41.7431
694.8,-41.5540
694.9,-41.3682
695.0,-41.1857
695.1,-41.0064
695.2,-40.8306
695.3,-40.6583
695.4,-40.4893
695.5,-40.3239
695.6,-40.1620
695.7,-40.0037
695.8,-39.8488
695.9,-39.6975
696.0,-39.5498
696.1,-39.4055
696.2,-39.2648
696.3,-39.1276
696.4,-38.9939
696.5,-38.8636
696.6,-38.7367
696.7,-38.6132
696.8,-38.4930
696.9,-38.3762
697.0,-38.2626
697.1,-38.1522
697.2,-38.0449
697.3,-37.9408
697.4,-37.8397
697.5,-37.7417
697.6,-37.6465
697.7,-37.5543
697.8,-37.4649
697.9,-37.3782
698.0,-37.2943
698.1,-37.2130
698.2,-37.1342
698.3,-37.0580
698.4,-36.9843
698.5,-36.9130
698.6,-36.8440
698.7,-36.7773
698.8,-36.7128
698.9,-36.6504
699.0,-36.5902
699.1,-36.5320
699.2,-36.4758
699.3,-36.4215
699.4,-36.3691
699.5,-36.3185
699.6,-36.2696
699.7,-36.2225
699.8,-36.1770
699.9,-36.1331
700.0,-36.0908
700.1,-36.0500
700.2,-36.0106
700.3,-35.9727
700.4,-35.9361
700.5,-35.9008
700.6,-35.8668
700.7,-35.8341
700.8,-35.8025
700.9,-35.7721
701.0,-35.7428
701.1,-35.7146
701.2,-35.6874
701.3,-35.6612
701.4,-35.6360
701.5,-35.6117
701.6,-35.5884
701.7,-35.5659
701.8,-35.5442
701.9,-35.5233
702.0,-35.5033
702.1,-35.4840
702.2,-35.4654
702.3,-35.4475
702.4,-35.4302
702.5,-35.4137
702.6,-35.3977
702.7,-35.3824
702.8,-35.3677
702.9,-35.3535
703.0,-35.3398
703.1,-35.3267
703.2,-35.3140
703.3,-35.3019
703.4,-35.2902
703.5,-35.2790
703.6,-35.2681
703.7,-35.2577
703.8,-35.2477
703.9,-35.2381
704.0,-35.2289
704.1,-35.2200
704.2,-35.2115
704.3,-35.2032
704.4,-35.1953
704.5,-35.1877
704.6,-35.1804
704.7,-35.1734
704.8,-35.1667
704.9,-35.1602
705.0,-35.0000
705.1,-13.9975
705.2,7.0025
705.3,28.0000
705.4,28.0000
705.5,28.0000
705.6,15.1429
705.7,2.2857
705.8,-10.5714
705.9,-23.4286
706.0,-36.2857
706.1,-49.1429
706.2,-62.0000
706.3,-62.2500
706.4,-62.5000
706.5,-62.7500
706.6,-63.0000
706.7,-63.2500
706.8,-63.5000
706.9,-63.7500
707.0,-63.4771
707.1,-63.2846
707.2,-63.0238
707.3,-62.6723
707.4,-62.2022
707.5,-61.5803
707.6,-60.7688
707.7,-59.7285
707.8,-58.4255
707.9,-56.8394
708.0,-54.9751
708.1,-52.8711
708.2,-50.6034
708.3,-48.2770
708.4,-46.0081
708.5,-43.9020
708.6,-42.0345
708.7,-40.4448
708.8,-39.1377
708.9,-38.0932
709.0,-37.2772
709.1,-36.6509
709.2,-36.1765
709.3,-35.8207
709.4,-35.5557
709.5,-34.8346
709.6,-34.8309
709.7,-34.8272
709.8,-34.8235
709.9,-34.8199
710.0,-34.8162
710.1,-34.8125
710.2,-34.8088
710.3,-34.8051
710.4,-34.8015
710.5,-34.7978
710.6,-34.7941
710.7,-34.7904
710.8,-34.7868
710.9,-34.7831
711.0,-34.7794
711.1,-34.7757
711.2,-34.7721
711.3,-34.7684
711.4,-34.7647
711.5,-34.7610
711.6,-34.7574
711.7,-34.7537
711.8,-34.7500
711.9,-34.7463
712.0,-34.7426
712.1,-34.7390
712.2,-34.7353
712.3,-34.7316
712.4,-34.7279
712.5,-34.7243
712.6,-34.7206
712.7,-34.7169
712.8,-34.7132
712.9,-34.7096
713.0,-34.7059
713.1,-34.7022
713.2,-34.6985
713.3,-34.6949
713.4,-34.6912
713.5,-34.6875
713.6,-34.6838
713.7,-34.6801
713.8,-34.6765
713.9,-34.6728
714.0,-34.6691
714.1,-34.6654
714.2,-34.6618
714.3,-34.6581
714.4,-34.6544
714.5,-34.6507
714.6,-34.6471
714.7,-34.6434
714.8,-34.6397
714.9,-34.6360
715.0,-34.6324
715.1,-34.6287
715.2,-34.6250
715.3,-34.6213
715.4,-34.6176
715.5,-34.6140
715.6,-34.6103
715.7,-34.6066
715.8,-34.6029
715.9,-34.5993
716.0,-34.5956
716.1,-34.5919
716.2,-34.5882
716.3,-34.5846
716.4,-34.5809
716.5,-34.5772
716.6,-34.5735
716.7,-34.5699
716.8,-34.5662
716.9,-34.5625
717.0,-34.5588
717.1,-34.5551
717.2,-34.5515
717.3,-34.5478
717.4,-34.5441
717.5,-34.5404
717.6,-34.5368
717.7,-34.5331
717.8,-34.5294
717.9,-34.5257
718.0,-34.5221
718.1,-34.5184
718.2,-34.5147
718.3,-34.5110
718.4,-34.5074
718.5,-34.5037
718.6,-34.5000
718.7,-34.4963
718.8,-34.4926
718.9,-34.4890
719.0,-34.4853
719.1,-34.4816
719.2,-34.4779
719.3,-34.4743
719.4,-34.4706
719.5,-34.4669
719.6,-34.4632
719.7,-34.4596
719.8,-34.4559
719.9,-34.4522
720.0,-34.4485
720.1,-34.4449
720.2,-34.4412
720.3,-34.4375
720.4,-34.4338
720.5,-34.4301
720.6,-34.4265
720.7,-34.4228
720.8,-34.4191
720.9,-34.4154
721.0,-34.4118
721.1,-34.4081
721.2,-34.4044
721.3,-34.4007
721.4,-34.3971
721.5,-34.3934
721.6,-34.3897
721.7,-34.3860
721.8,-34.3824
721.9,-34.3787
722.0,-34.3750
722.1,-34.3713
722.2,-34.3676
722.3,-34.3640
722.4,-34.3603
722.5,-34.3566
722.6,-34.3529
722.7,-34.3493
722.8,-34.3456
722.9,-34.3419
723.0,-34.3382
723.1,-34.3346
723.2,-34.3309
723.3,-34.3272
723.4,-34.3235
723.5,-34.3199
723.6,-34.3162
723.7,-34.3125
723.8,-34.3088
723.9,-34.3051
724.0,-34.3015
724.1,-34.2978
724.2,-34.2941
724.3,-34.2904
724.4,-34.2868
724.5,-34.2831
724.6,-34.2794
724.7,-34.2757
724.8,-34.2721
724.9,-34.2684
725.0,-34.2647
725.1,-34.2610
725.2,-34.2574
725.3,-34.2537
725.4,-34.2500
725.5,-34.2463
725.6,-34.2426
725.7,-34.2390
725.8,-34.2353
725.9,-34.2316
726.0,-34.2279
726.1,-34.2243
726.2,-34.2206
726.3,-34.2169
726.4,-34.2132
726.5,-34.2096
726.6,-34.2059
726.7,-34.2022
726.8,-34.1985
726.9,-34.1949
727.0,-34.1912
727.1,-34.1875
727.2,-34.1838
727.3,-34.1801
727.4,-34.1765
727.5,-34.1728
727.6,-34.1691
727.7,-34.1654
727.8,-34.1618
727.9,-34.1581
728.0,-34.1544
728.1,-34.1507
728.2,-34.1471
728.3,-34.1434
728.4,-34.1397
728.5,-34.1360
728.6,-34.1324
728.7,-34.1287
728.8,-34.1250
728.9,-34.1213
729.0,-34.1176
729.1,-34.1140
729.2,-34.1103
729.3,-31.1492
729.4,-10.4447
729.5,10.2574
729.6,28.0000
729.7,28.0000
729.8,26.1633
729.9,13.3061
730.0,0.4490
730.1,-12.4082
730.2,-25.2653
730.3,-38.1224
730.4,-50.9796
730.5,-62.0357
730.6,-62.2857
730.7,-62.5357
730.8,-62.7857
730.9,-63.0357
731.0,-63.2857
731.1,-63.5357
731.2,-63.7857
731.3,-63.4363
731.4,-63.2290
731.5,-62.9484
731.6,-62.5705
731.7,-62.0660
731.8,-61.3995
731.9,-60.5318
732.0,-59.4229
732.1,-58.0390
732.2,-56.3623
732.3,-54.4022
732.4,-52.2040
732.5,-49.8510
732.6,-47.4545
732.7,-45.1340
732.8,-42.9945
732.9,-41.1093
733.0,-39.5130
733.1,-38.2063
733.2,-37.1658
733.3,-36.3554
733.4,-35.7347
733.5,-35.2653
733.6,-34.9137
733.7,-34.6520
733.8,-33.9412
733.9,-33.9375
734.0,-33.9338
734.1,-33.9301
734.2,-33.9265
734.3,-33.9228
734.4,-33.9191
734.5,-33.9154
734.6,-33.9118
734.7,-33.9081
734.8,-33.9044
734.9,-33.9007
735.0,-33.8971
735.1,-33.8934
735.2,-33.8897
735.3,-33.8860
735.4,-33.8824
735.5,-33.8787
735.6,-33.8750
735.7,-33.8713
735.8,-33.8676
735.9,-33.8640
736.0,-33.8603
736.1,-33.8566
736.2,-33.8529
736.3,-33.8493
736.4,-33.8456
736.5,-33.8419
736.6,-33.8382
736.7,-33.8346
736.8,-33.8309
736.9,-33.8272
737.0,-33.8235
737.1,-33.8199
737.2,-33.8162
737.3,-33.8125
737.4,-33.8088
737.5,-33.8051
737.6,-33.8015
737.7,-33.7978
737.8,-33.7941
737.9,-33.7904
738.0,-33.7868
738.1,-33.7831
738.2,-33.7794
738.3,-33.7757
738.4,-33.7721
738.5,-33.7684
738.6,-33.7647
738.7,-33.7610
738.8,-33.7574
738.9,-33.7537
739.0,-33.7500
739.1,-33.7463
739.2,-33.7426
739.3,-33.7390
739.4,-33.7353
739.5,-33.7316
739.6,-33.7279
739.7,-33.7243
739.8,-33.7206
739.9,-33.7169
740.0,-33.7132
740.1,-33.7096
740.2,-33.7059
740.3,-33.7022
740.4,-33.6985
740.5,-33.6949
740.6,-33.6912
740.7,-33.6875
740.8,-33.6838
740.9,-33.6801
741.0,-33.6765
741.1,-33.6728
741.2,-33.6691
741.3,-33.6654
741.4,-33.6618
741.5,-33.6581
741.6,-33.6544
741.7,-33.6507
741.8,-33.6471
741.9,-33.6434
742.0,-33.6397
742.1,-33.6360
742.2,-33.6324
742.3,-33.6287
742.4,-33.6250
742.5,-33.6213
742.6,-33.6176
742.7,-33.6140
742.8,-33.6103
742.9,-33.6066
743.0,-33.6029
743.1,-33.5993
743.2,-33.5956
743.3,-33.5919
743.4,-33.5882
743.5,-33.5846
743.6,-33.5809
743.7,-33.5772
743.8,-33.5735
743.9,-33.5699
744.0,-33.5662
744.1,-33.5625
744.2,-33.5588
744.3,-33.5551
744.4,-33.5515
744.5,-33.5478
744.6,-33.5441
744.7,-33.5404
744.8,-33.5368
744.9,-33.5331
745.0,-33.5294
745.1,-33.5257
745.2,-33.5221
745.3,-33.5184
745.4,-33.5147
745.5,-33.5110
745.6,-33.5074
745.7,-33.5037
745.8,-33.5000
745.9,-33.4963
746.0,-33.4926
746.1,-33.4890
746.2,-33.4853
746.3,-33.4816
746.4,-33.4779
746.5,-33.4743
746.6,-33.4706
746.7,-33.4669
746.8,-33.4632
746.9,-33.4596
747.0,-33.4559
747.1,-33.4522
747.2,-33.4485
747.3,-33.4449
747.4,-33.4412
747.5,-33.4375
747.6,-33.4338
747.7,-33.4301
747.8,-33.4265
747.9,-33.4228
748.0,-33.4191
748.1,-33.4154
748.2,-33.4118
748.3,-33.4081
748.4,-33.4044
748.5,-33.4007
748.6,-33.3971
748.7,-33.3934
748.8,-33.3897
748.9,-33.3860
749.0,-33.3824
749.1,-33.3787
749.2,-33.3750
749.3,-33.3713
749.4,-33.3676
749.5,-33.3640
749.6,-33.3603
749.7,-33.3566
749.8,-33.3529
749.9,-33.3493
750.0,-33.3456
750.1,-33.3419
750.2,-33.3382
750.3,-33.3346
750.4,-33.3309
750.5,-33.3272
750.6,-33.3235
750.7,-33.3199
750.8,-33.3162
750.9,-33.3125
751.0,-33.3088
751.1,-33.3051
751.2,-33.3015
751.3,-33.2978
751.4,-33.2941
751.5,-33.2904
751.6,-33.2868
751.7,-33.2831
751.8,-33.2794
751.9,-33.2757
752.0,-33.2721
752.1,-33.2684
752.2,-33.2647
752.3,-33.2610
752.4,-33.2574
752.5,-33.2537
752.6,-33.2500
752.7,-33.2463
752.8,-33.2426
752.9,-33.2390
753.0,-33.2353
753.1,-33.2316
753.2,-33.2279
753.3,-33.2243
753.4,-33.2206
753.5,-33.2169
753.6,-27.3834
753.7,-6.9769
753.8,13.4272
753.9,28.0000
754.0,28.0000
754.1,24.3265
754.2,11.4694
754.3,-1.3878
754.4,-14.2449
754.5,-27.1020
754.6,-39.9592
754.7,-52.8163
754.8,-62.0714
754.9,-62.3214
755.0,-62.5714
755.1,-62.8214
755.2,-63.0714
755.3,-63.3214
755.4,-63.5714
755.5,-63.8214
755.6,-63.3928
755.7,-63.1699
755.8,-62.8682
755.9,-62.4625
756.0,-61.9214
756.1,-61.2081
756.2,-60.2815
756.3,-59.1010
756.4,-57.6335
756.5,-55.8639
756.6,-53.8066
756.7,-51.5142
756.8,-49.0774
756.9,-46.6133
757.0,-44.2445
757.1,-42.0752
757.2,-40.1752
757.3,-38.5748
757.4,-37.2704
757.5,-36.2354
757.6,-35.4314
757.7,-34.8170
757.8,-34.3531
757.9,-34.0060
758.0,-33.7478
758.1,-33.0478
758.2,-33.0441
758.3,-33.0404
758.4,-33.0368
758.5,-33.0331
758.6,-33.0294
758.7,-33.0257
758.8,-33.0221
758.9,-33.0184
759.0,-33.0147
759.1,-33.0110
759.2,-33.0074
759.3,-33.0037
759.4,-33.0000
759.5,-32.9963
759.6,-32.9926
759.7,-32.9890
759.8,-32.9853
759.9,-32.9816
760.0,-32.9779
760.1,-32.9743
760.2,-32.9706
760.3,-32.9669
760.4,-32.9632
760.5,-32.9596
760.6,-32.9559
760.7,-32.9522
760.8,-32.9485
760.9,-32.9449
761.0,-32.9412
761.1,-32.9375
761.2,-32.9338
761.3,-32.9301
761.4,-32.9265
761.5,-32.9228
761.6,-32.9191
761.7,-32.9154
761.8,-32.9118
761.9,-32.9081
762.0,-32.9044
762.1,-32.9007
762.2,-32.8971
762.3,-32.8934
762.4,-32.8897
762.5,-32.8860
762.6,-32.8824
762.7,-32.8787
762.8,-32.8750
762.9,-32.8713
763.0,-32.8676
763.1,-32.8640
763.2,-32.8603
763.3,-32.8566
763.4,-32.8529
763.5,-32.8493
763.6,-32.8456
763.7,-32.8419
763.8,-32.8382
763.9,-32.8346
764.0,-32.8309
764.1,-32.8272
764.2,-32.8235
764.3,-32.8199
764.4,-32.8162
764.5,-32.8125
764.6,-32.8088
764.7,-32.8051
764.8,-32.8015
764.9,-32.7978
765.0,-32.7941
765.1,-32.7904
765.2,-32.7868
765.3,-32.7831
765.4,-32.7794
765.5,-32.7757
765.6,-32.7721
765.7,-32.7684
765.8,-32.7647
765.9,-32.7610
766.0,-32.7574
766.1,-32.7537
766.2,-32.7500
766.3,-32.7463
766.4,-32.7426
766.5,-32.7390
766.6,-32.7353
766.7,-32.7316
766.8,-32.7279
766.9,-32.7243
767.0,-32.7206
767.1,-32.7169
767.2,-32.7132
767.3,-32.7096
767.4,-32.7059
767.5,-32.7022
767.6,-32.6985
767.7,-32.6949
767.8,-32.6912
767.9,-32.6875
768.0,-32.6838
768.1,-32.6801
768.2,-32.6765
768.3,-32.6728
768.4,-32.6691
768.5,-32.6654
768.6,-32.6618
768.7,-32.6581
768.8,-32.6544
768.9,-32.6507
769.0,-32.6471
769.1,-32.6434
769.2,-32.6397
769.3,-32.6360
769.4,-32.6324
769.5,-32.6287
769.6,-32.6250
769.7,-32.6213
769.8,-32.6176
769.9,-32.6140
770.0,-32.6103
770.1,-32.6066
770.2,-32.6029
770.3,-32.5993
770.4,-32.5956
770.5,-32.5919
770.6,-32.5882
770.7,-32.5846
770.8,-32.5809
770.9,-32.5772
771.0,-32.5735
771.1,-32.5699
771.2,-32.5662
771.3,-32.5625
771.4,-32.5588
771.5,-32.5551
771.6,-32.5515
771.7,-32.5478
771.8,-32.5441
771.9,-32.5404
772.0,-32.5368
772.1,-32.5331
772.2,-32.5294
772.3,-32.5257
772.4,-32.5221
772.5,-32.5184
772.6,-32.5147
772.7,-32.5110
772.8,-32.5074
772.9,-32.5037
773.0,-32.5000
773.1,-32.4963
773.2,-32.4926
773.3,-32.4890
773.4,-32.4853
773.5,-32.4816
773.6,-32.4779
773.7,-32.4743
773.8,-32.4706
773.9,-32.4669
774.0,-32.4632
774.1,-32.4596
774.2,-32.4559
774.3,-32.4522
774.4,-32.4485
774.5,-32.4449
774.6,-32.4412
774.7,-32.4375
774.8,-32.4338
774.9,-32.4301
775.0,-32.4265
775.1,-32.4228
775.2,-32.4191
775.3,-32.4154
775.4,-32.4118
775.5,-32.4081
775.6,-32.4044
775.7,-32.4007
775.8,-32.3971
775.9,-32.3934
776.0,-32.3897
776.1,-32.3860
776.2,-32.3824
776.3,-32.3787
776.4,-32.3750
776.5,-32.3713
776.6,-32.3676
776.7,-32.3640
776.8,-32.3603
776.9,-32.3566
777.0,-32.3529
777.1,-32.3493
777.2,-32.3456
777.3,-32.3419
777.4,-32.3382
777.5,-32.3346
777.6,-32.3309
777.7,-32.3272
777.8,-32.3235
777.9,-23.7027
778.0,-3.5942
778.1,16.5119
778.2,28.0000
778.3,28.0000
778.4,22.4898
778.5,9.6327
778.6,-3.2245
778.7,-16.0816
778.8,-28.9388
778.9,-41.7959
779.0,-54.6531
779.1,-62.1071
779.2,-62.3571
779.3,-62.6071
779.4,-62.8571
779.5,-63.1071
779.6,-63.3571
779.7,-63.6071
779.8,-63.8571
779.9,-63.3466
780.0,-63.1071
780.1,-62.7831
780.2,-62.3478
780.3,-61.7683
780.4,-61.0056
780.5,-60.0174
780.6,-58.7624
780.7,-57.2084
780.8,-55.3437
780.9,-53.1881
781.0,-50.8018
781.1,-48.2828
781.2,-45.7541
781.3,-43.3404
781.4,-41.1447
781.5,-39.2329
781.6,-37.6308
781.7,-36.3305
781.8,-35.3022
781.9,-34.5056
782.0,-33.8980
782.1,-33.4399
782.2,-33.0976
782.3,-32.8432
782.4,-32.1544
782.5,-32.1507
782.6,-32.1471
782.7,-32.1434
782.8,-32.1397
782.9,-32.1360
783.0,-32.1324
783.1,-32.1287
783.2,-32.1250
783.3,-32.1213
783.4,-32.1176
783.5,-32.1140
783.6,-32.1103
783.7,-32.1066
783.8,-32.1029
783.9,-32.0993
784.0,-32.0956
784.1,-32.0919
784.2,-32.0882
784.3,-32.0846
784.4,-32.0809
784.5,-32.0772
784.6,-32.0735
784.7,-32.0699
784.8,-32.0662
784.9,-32.0625
785.0,-32.0588
785.1,-32.0551
785.2,-32.0515
785.3,-32.0478
785.4,-32.0441
785.5,-32.0404
785.6,-32.0368
785.7,-32.0331
785.8,-32.0294
785.9,-32.0257
786.0,-32.0221
786.1,-32.0184
786.2,-32.0147
786.3,-32.0110
786.4,-32.0074
786.5,-32.0037
786.6,-32.0000
786.7,-31.9963
786.8,-31.9926
786.9,-31.9890
787.0,-31.9853
787.1,-31.9816
787.2,-31.9779
787.3,-31.9743
787.4,-31.9706
787.5,-31.9669
787.6,-31.9632
787.7,-31.9596
787.8,-31.9559
787.9,-31.9522
788.0,-31.9485
788.1,-31.9449
788.2,-31.9412
788.3,-31.9375
788.4,-31.9338
788.5,-31.9301
788.6,-31.9265
788.7,-31.9228
788.8,-31.9191
788.9,-31.9154
789.0,-31.9118
789.1,-31.9081
789.2,-31.9044
789.3,-31.9007
789.4,-31.8971
789.5,-31.8934
789.6,-31.8897
789.7,-31.8860
789.8,-31.8824
789.9,-31.8787
790.0,-31.8750
790.1,-31.8713
790.2,-31.8676
790.3,-31.8640
790.4,-31.8603
790.5,-31.8566
790.6,-31.8529
790.7,-31.8493
790.8,-31.8456
790.9,-31.8419
791.0,-31.8382
791.1,-31.8346
791.2,-31.8309
791.3,-31.8272
791.4,-31.8235
791.5,-31.8199
791.6,-31.8162
791.7,-31.8125
791.8,-31.8088
791.9,-31.8051
792.0,-31.8015
792.1,-31.7978
792.2,-31.7941
792.3,-31.7904
792.4,-31.7868
792.5,-31.7831
792.6,-31.7794
792.7,-31.7757
792.8,-31.7721
792.9,-31.7684
793.0,-31.7647
793.1,-31.7610
793.2,-31.7574
793.3,-31.7537
793.4,-31.7500
793.5,-31.7463
793.6,-31.7426
793.7,-31.7390
793.8,-31.7353
793.9,-31.7316
794.0,-31.7279
794.1,-31.7243
794.2,-31.7206
794.3,-31.7169
794.4,-31.7132
794.5,-31.7096
794.6,-31.7059
794.7,-31.7022
794.8,-31.6985
794.9,-31.6949
795.0,-31.6912
795.1,-31.6875
795.2,-31.6838
795.3,-31.6801
795.4,-31.6765
795.5,-31.6728
795.6,-31.6691
795.7,-31.6654
795.8,-31.6618
795.9,-31.6581
796.0,-31.6544
796.1,-31.6507
796.2,-31.6471
796.3,-31.6434
796.4,-31.6397
796.5,-31.6360
796.6,-31.6324
796.7,-31.6287
796.8,-31.6250
796.9,-31.6213
797.0,-31.6176
797.1,-31.6140
797.2,-31.6103
797.3,-31.6066
797.4,-31.6029
797.5,-31.5993
797.6,-31.5956
797.7,-31.5919
797.8,-31.5882
797.9,-31.5846
798.0,-31.5809
798.1,-31.5772
798.2,-31.5735
798.3,-31.5699
798.4,-31.5662
798.5,-31.5625
798.6,-31.5588
798.7,-31.5551
798.8,-31.5515
798.9,-31.5478
799.0,-31.5441
799.1,-31.5404
799.2,-31.5368
799.3,-31.5331
799.4,-31.5294
799.5,-31.5257
799.6,-31.5221
799.7,-31.5184
799.8,-31.5147
799.9,-31.5110
800.0,-31.5074
800.1,-31.5037
800.2,-31.5000
800.3,-31.4963
800.4,-31.4926
800.5,-31.4890
800.6,-31.4853
800.7,-31.4816
800.8,-31.4779
800.9,-31.4743
801.0,-31.4706
801.1,-31.4669
801.2,-31.4632
801.3,-31.4596
801.4,-31.4559
801.5,-31.4522
801.6,-31.4485
801.7,-31.4449
801.8,-31.4412
801.9,-31.4375
802.0,-31.4338
802.1,-31.4301
802.2,-20.1071
802.3,-0.2966
802.4,19.5116
802.5,28.0000
802.6,28.0000
802.7,20.6531
802.8,7.7959
802.9,-5.0612
803.0,-17.9184
803.1,-30.7755
803.2,-43.6327
803.3,-56.4898
803.4,-62.1429
803.5,-62.3929
803.6,-62.6429
803.7,-62.8929
803.8,-63.1429
803.9,-63.3929
804.0,-63.6429
804.1,-63.8929
804.2,-63.2975
804.3,-63.0403
804.4,-62.6927
804.5,-62.2262
804.6,-61.6061
804.7,-60.7915
804.8,-59.7389
804.9,-58.4064
805.0,-56.7633
805.1,-54.8013
805.2,-52.5466
805.3,-50.0668
805.4,-47.4676
805.5,-44.8773
805.6,-42.4222
805.7,-40.2034
805.8,-38.2829
805.9,-36.6813
806.0,-35.3869
806.1,-34.3665
806.2,-33.5780
806.3,-32.9778
806.4,-32.5260
806.5,-32.1887
806.6,-31.9383
806.7,-31.2610
806.8,-31.2574
806.9,-31.2537
807.0,-31.2500
807.1,-31.2463
807.2,-31.2426
807.3,-31.2390
807.4,-31.2353
807.5,-31.2316
807.6,-31.2279
807.7,-31.2243
807.8,-31.2206
807.9,-31.2169
808.0,-31.2132
808.1,-31.2096
808.2,-31.2059
808.3,-31.2022
808.4,-31.1985
808.5,-31.1949
808.6,-31.1912
808.7,-31.1875
808.8,-31.1838
808.9,-31.1801
809.0,-31.1765
809.1,-31.1728
809.2,-31.1691
809.3,-31.1654
809.4,-31.1618
809.5,-31.1581
809.6,-31.1544
809.7,-31.1507
809.8,-31.1471
809.9,-31.1434
810.0,-31.1397
810.1,-31.1360
810.2,-31.1324
810.3,-31.1287
810.4,-31.1250
810.5,-31.1213
810.6,-31.1176
810.7,-31.1140
810.8,-31.1103
810.9,-31.1066
811.0,-31.1029
811.1,-31.0993
811.2,-31.0956
811.3,-31.0919
811.4,-31.0882
811.5,-31.0846
811.6,-31.0809
811.7,-31.0772
811.8,-31.0735
811.9,-31.0699
812.0,-31.0662
812.1,-31.0625
812.2,-31.0588
812.3,-31.0551
812.4,-31.0515
812.5,-31.0478
812.6,-31.0441
812.7,-31.0404
812.8,-31.0368
812.9,-31.0331
813.0,-31.0294
813.1,-31.0257
813.2,-31.0221
813.3,-31.0184
813.4,-31.0147
813.5,-31.0110
813.6,-31.0074
813.7,-31.0037
813.8,-31.0000
813.9,-30.9963
814.0,-30.9926
814.1,-30.9890
814.2,-30.9853
814.3,-30.9816
814.4,-30.9779
814.5,-30.9743
814.6,-30.9706
814.7,-30.9669
814.8,-30.9632
814.9,-30.9596
815.0,-30.9559
815.1,-30.9522
815.2,-30.9485
815.3,-30.9449
815.4,-30.9412
815.5,-30.9375
815.6,-30.9338
815.7,-30.9301
815.8,-30.9265
815.9,-30.9228
816.0,-30.9191
816.1,-30.9154
816.2,-30.9118
816.3,-30.9081
816.4,-30.9044
816.5,-30.9007
816.6,-30.8971
816.7,-30.8934
816.8,-30.8897
816.9,-30.8860
817.0,-30.8824
817.1,-30.8787
817.2,-30.8750
817.3,-30.8713
817.4,-30.8676
817.5,-30.8640
817.6,-30.8603
817.7,-30.8566
817.8,-30.8529
817.9,-30.8493
818.0,-30.8456
818.1,-30.8419
818.2,-30.8382
818.3,-30.8346
818.4,-30.8309
818.5,-30.8272
818.6,-30.8235
818.7,-30.8199
818.8,-30.8162
818.9,-30.8125
819.0,-30.8088
819.1,-30.8051
819.2,-30.8015
819.3,-30.7978
819.4,-30.7941
819.5,-30.7904
819.6,-30.7868
819.7,-30.7831
819.8,-30.7794
819.9,-30.7757
820.0,-30.7721
820.1,-30.7684
820.2,-30.7647
820.3,-30.7610
820.4,-30.7574
820.5,-30.7537
820.6,-30.7500
820.7,-30.7463
820.8,-30.7426
820.9,-30.7390
821.0,-30.7353
821.1,-30.7316
821.2,-30.7279
821.3,-30.7243
821.4,-30.7206
821.5,-30.7169
821.6,-30.7132
821.7,-30.7096
821.8,-30.7059
821.9,-30.7022
822.0,-30.6985
822.1,-30.6949
822.2,-30.6912
822.3,-30.6875
822.4,-30.6838
822.5,-30.6801
822.6,-30.6765
822.7,-30.6728
822.8,-30.6691
822.9,-30.6654
823.0,-30.6618
823.1,-30.6581
823.2,-30.6544
823.3,-30.6507
823.4,-30.6471
823.5,-30.6434
823.6,-30.6397
823.7,-30.6360
823.8,-30.6324
823.9,-30.6287
824.0,-30.6250
824.1,-30.6213
824.2,-30.6176
824.3,-30.6140
824.4,-30.6103
824.5,-30.6066
824.6,-30.6029
824.7,-30.5993
824.8,-30.5956
824.9,-30.5919
825.0,-30.5882
825.1,-30.5846
825.2,-30.5809
825.3,-30.5772
825.4,-30.5735
825.5,-30.5699
825.6,-30.5662
825.7,-30.5625
825.8,-30.5588
825.9,-30.5551
826.0,-30.5515
826.1,-30.5478
826.2,-30.5441
826.3,-30.5404
826.4,-30.5368
826.5,-16.5966
826.6,2.9160
826.7,22.4261
826.8,28.0000
826.9,28.0000
827.0,18.8163
827.1,5.9592
827.2,-6.8980
827.3,-19.7551
827.4,-32.6122
827.5,-45.4694
827.6,-58.3265
827.7,-62.1786
827.8,-62.4286
827.9,-62.6786
828.0,-62.9286
828.1,-63.1786
828.2,-63.4286
828.3,-63.6786
828.4,-63.9286
828.5,-63.2453
828.6,-62.9693
828.7,-62.5967
828.8,-62.0973
828.9,-61.4343
829.0,-60.5654
829.1,-59.4454
829.2,-58.0324
829.3,-56.2975
829.4,-54.2363
829.5,-51.8817
829.6,-49.3093
829.7,-46.6322
829.8,-43.9835
829.9,-41.4905
830.0,-39.2522
830.1,-37.3257
830.2,-35.7270
830.3,-34.4399
830.4,-33.4286
830.5,-32.6490
830.6,-32.0566
830.7,-31.6114
830.8,-31.2793
830.9,-31.0329
831.0,-30.3676
831.1,-30.3640
831.2,-30.3603
831.3,-30.3566
831.4,-30.3529
831.5,-30.3493
831.6,-30.3456
831.7,-30.3419
831.8,-30.3382
831.9,-30.3346
832.0,-30.3309
832.1,-30.3272
832.2,-30.3235
832.3,-30.3199
832.4,-30.3162
832.5,-30.3125
832.6,-30.3088
832.7,-30.3051
832.8,-30.3015
832.9,-30.2978
833.0,-30.2941
833.1,-30.2904
833.2,-30.2868
833.3,-30.2831
833.4,-30.2794
833.5,-30.2757
833.6,-30.2721
833.7,-30.2684
833.8,-30.2647
833.9,-30.2610
834.0,-30.2574
834.1,-30.2537
834.2,-30.2500
834.3,-30.2463
834.4,-30.2426
834.5,-30.2390
834.6,-30.2353
834.7,-30.2316
834.8,-30.2279
834.9,-30.2243
835.0,-30.2206
835.1,-30.2169
835.2,-30.2132
835.3,-30.2096
835.4,-30.2059
835.5,-30.2022
835.6,-30.1985
835.7,-30.1949
835.8,-30.1912
835.9,-30.1875
836.0,-30.1838
836.1,-30.1801
836.2,-30.1765
836.3,-30.1728
836.4,-30.1691
836.5,-30.1654
836.6,-30.1618
836.7,-30.1581
836.8,-30.1544
836.9,-30.1507
837.0,-30.1471
837.1,-30.1434
837.2,-30.1397
837.3,-30.1360
837.4,-30.1324
837.5,-30.1287
837.6,-30.1250
837.7,-30.1213
837.8,-30.1176
837.9,-30.1140
838.0,-30.1103
838.1,-30.1066
838.2,-30.1029
838.3,-30.0993
838.4,-30.0956
838.5,-30.0919
838.6,-30.0882
838.7,-30.0846
838.8,-30.0809
838.9,-30.0772
839.0,-30.0735
839.1,-30.0699
839.2,-30.0662
839.3,-30.0625
839.4,-30.0588
839.5,-30.0551
839.6,-30.0515
839.7,-30.0478
839.8,-30.0441
839.9,-30.0404
840.0,-30.0368
840.1,-30.0331
840.2,-30.0294
840.3,-30.0257
840.4,-30.0221
840.5,-30.0184
840.6,-30.0147
840.7,-30.0110
840.8,-30.0074
840.9,-30.0037
841.0,-30.0000
841.1,-30.0382
841.2,-30.0765
841.3,-30.1147
841.4,-30.1529
841.5,-30.1912
841.6,-30.2294
841.7,-30.2676
841.8,-30.3059
841.9,-30.3441
842.0,-30.3824
842.1,-30.4206
842.2,-30.4588
842.3,-30.4971
842.4,-30.5353
842.5,-30.5735
842.6,-30.6118
842.7,-30.6500
842.8,-30.6882
842.9,-30.7265
843.0,-30.7647
843.1,-30.8029
843.2,-30.8412
843.3,-30.8794
843.4,-30.9176
843.5,-30.9559
843.6,-30.9941
843.7,-31.0324
843.8,-31.0706
843.9,-31.1088
844.0,-31.1471
844.1,-31.1853
844.2,-31.2235
844.3,-31.2618
844.4,-31.3000
844.5,-31.3382
844.6,-31.3765
844.7,-31.4147
844.8,-31.4529
844.9,-31.4912
845.0,-31.5294
845.1,-31.5676
845.2,-31.6059
845.3,-31.6441
845.4,-31.6824
845.5,-31.7206
845.6,-31.7588
845.7,-31.7971
845.8,-31.8353
845.9,-31.8735
846.0,-31.9118
846.1,-31.9500
846.2,-31.9882
846.3,-32.0265
846.4,-32.0647
846.5,-32.1029
846.6,-32.1412
846.7,-32.1794
846.8,-32.2176
846.9,-32.2559
847.0,-32.2941
847.1,-32.3324
847.2,-32.3706
847.3,-32.4088
847.4,-32.4471
847.5,-32.4853
847.6,-32.5235
847.7,-32.5618
847.8,-32.6000
847.9,-32.6382
848.0,-32.6765
848.1,-32.7147
848.2,-32.7529
848.3,-32.7912
848.4,-32.8294
848.5,-32.8676
848.6,-32.9059
848.7,-32.9441
848.8,-32.9824
848.9,-33.0206
849.0,-33.0588
849.1,-33.0971
849.2,-33.1353
849.3,-33.1735
849.4,-33.2118
849.5,-33.2500
849.6,-33.2882
849.7,-33.3265
849.8,-33.3647
849.9,-33.4029
850.0,-33.4412
850.1,-33.4794
850.2,-33.5176
850.3,-33.5559
850.4,-33.5941
850.5,-33.6324
850.6,-33.6706
850.7,-33.7088
850.8,-16.1050
850.9,4.4627
851.0,25.0560
851.1,28.0000
851.2,28.0000
851.3,16.9796
851.4,4.1224
851.5,-8.7347
851.6,-21.5918
851.7,-34.4490
851.8,-47.3061
851.9,-60.1633
852.0,-62.2143
852.1,-62.4643
852.2,-62.7143
852.3,-62.9643
852.4,-63.2143
852.5,-63.4643
852.6,-63.7143
852.7,-63.9643
852.8,-63.3062
852.9,-63.0541
853.0,-62.7147
853.1,-62.2609
853.2,-61.6604
853.3,-60.8763
853.4,-59.8699
853.5,-58.6069
853.6,-57.0654
853.7,-55.2471
853.8,-53.1867
853.9,-50.9558
854.0,-48.6568
854.1,-46.4054
854.2,-44.3088
854.3,-42.4467
854.4,-40.8620
854.5,-39.5627
854.6,-38.5307
854.7,-37.7326
854.8,-37.1294
854.9,-36.6826
855.0,-36.3580
855.1,-36.1271
855.2,-35.9669
855.3,-35.4676
855.4,-35.5059
855.5,-35.5441
855.6,-35.5824
855.7,-35.6206
855.8,-35.6588
855.9,-35.6971
856.0,-35.7353
856.1,-35.7735
856.2,-35.8118
856.3,-35.8500
856.4,-35.8882
856.5,-35.9265
856.6,-35.9647
856.7,-36.0029
856.8,-36.0412
856.9,-36.0794
857.0,-36.1176
857.1,-36.1559
857.2,-36.1941
857.3,-36.2324
857.4,-36.2706
857.5,-36.3088
857.6,-36.3471
857.7,-36.3853
857.8,-36.4235
857.9,-36.4618
858.0,-36.5000
858.1,-36.5382
858.2,-36.5765
858.3,-36.6147
858.4,-36.6529
858.5,-36.6912
858.6,-36.7294
858.7,-36.7676
858.8,-36.8059
858.9,-36.8441
859.0,-36.8824
859.1,-36.9206
859.2,-36.9588
859.3,-36.9971
859.4,-37.0353
859.5,-37.0735
859.6,-37.1118
859.7,-37.1500
859.8,-37.1882
859.9,-37.2265
860.0,-37.2647
860.1,-37.3029
860.2,-37.3412
860.3,-37.3794
860.4,-37.4176
860.5,-37.4559
860.6,-37.4941
860.7,-37.5324
860.8,-37.5706
860.9,-37.6088
861.0,-37.6471
861.1,-37.6853
861.2,-37.7235
861.3,-37.7618
861.4,-37.8000
861.5,-37.8382
861.6,-37.8765
861.7,-37.9147
861.8,-37.9529
861.9,-37.9912
862.0,-38.0294
862.1,-38.0676
862.2,-38.1059
862.3,-38.1441
862.4,-38.1824
862.5,-38.2206
862.6,-38.2588
862.7,-38.2971
862.8,-38.3353
862.9,-38.3735
863.0,-38.4118
863.1,-38.4500
863.2,-38.4882
863.3,-38.5265
863.4,-38.5647
863.5,-38.6029
863.6,-38.6412
863.7,-38.6794
863.8,-38.7176
863.9,-38.7559
864.0,-38.7941
864.1,-38.8324
864.2,-38.8706
864.3,-38.9088
864.4,-38.9471
864.5,-38.9853
864.6,-39.0235
864.7,-39.0618
864.8,-39.1000
864.9,-39.1382
865.0,-39.1765
865.1,-39.2147
865.2,-39.2529
865.3,-39.2912
865.4,-39.3294
865.5,-39.3676
865.6,-39.4059
865.7,-39.4441
865.8,-39.4824
865.9,-39.5206
866.0,-39.5588
866.1,-39.5971
866.2,-39.6353
866.3,-39.6735
866.4,-39.7118
866.5,-39.7500
866.6,-39.7882
866.7,-39.8265
866.8,-39.8647
866.9,-39.9029
867.0,-39.9412
867.1,-39.9794
867.2,-40.0176
867.3,-40.0559
867.4,-40.0941
867.5,-40.1324
867.6,-40.1706
867.7,-40.2088
867.8,-40.2471
867.9,-40.2853
868.0,-40.3235
868.1,-40.3618
868.2,-40.4000
868.3,-40.4382
868.4,-40.4765
868.5,-40.5147
868.6,-40.5529
868.7,-40.5912
868.8,-40.6294
868.9,-40.6676
869.0,-40.7059
869.1,-40.7441
869.2,-40.7824
869.3,-40.8206
869.4,-40.8588
869.5,-40.8971
869.6,-40.9353
869.7,-40.9735
869.8,-41.0118
869.9,-41.0500
870.0,-41.0882
870.1,-41.1265
870.2,-41.1647
870.3,-41.2029
870.4,-41.2412
870.5,-41.2794
870.6,-41.3176
870.7,-41.3559
870.8,-41.3941
870.9,-41.4324
871.0,-41.4706
871.1,-41.5088
871.2,-41.5471
871.3,-41.5853
871.4,-41.6235
871.5,-41.6618
871.6,-41.7000
871.7,-41.7382
871.8,-41.7765
871.9,-41.8147
872.0,-41.8529
872.1,-41.8912
872.2,-41.9294
872.3,-41.9676
872.4,-42.0059
872.5,-42.0441
872.6,-42.0824
872.7,-42.1206
872.8,-42.1588
872.9,-42.1971
873.0,-42.2353
873.1,-42.2735
873.2,-42.3118
873.3,-42.3500
873.4,-42.3882
873.5,-42.4265
873.6,-42.4647
873.7,-42.5029
873.8,-42.5412
873.9,-42.5794
874.0,-42.6176
874.1,-42.6559
874.2,-42.6941
874.3,-42.7324
874.4,-42.7706
874.5,-42.8088
874.6,-42.8471
874.7,-42.8853
874.8,-42.9235
874.9,-42.9618
875.0,-43.0000
875.1,-43.2682
875.2,-43.5343
875.3,-43.7984
875.4,-44.0605
875.5,-44.3206
875.6,-44.5787
875.7,-44.8348
875.8,-45.0889
875.9,-45.3411
876.0,-45.5914
876.1,-45.8397
876.2,-46.0861
876.3,-46.3307
876.4,-46.5734
876.5,-46.8142
876.6,-47.0532
876.7,-47.2903
876.8,-47.5256
876.9,-47.7591
877.0,-47.9909
877.1,-48.2208
877.2,-48.4490
877.3,-48.6755
877.4,-48.9002
877.5,-49.1231
877.6,-49.3444
877.7,-49.5640
877.8,-49.7819
877.9,-49.9981
878.0,-50.2127
878.1,-50.4256
878.2,-50.6369
878.3,-50.8466
878.4,-51.0547
878.5,-51.2612
878.6,-51.4661
878.7,-51.6694
878.8,-51.8711
878.9,-52.0714
879.0,-52.2700
879.1,-52.4672
879.2,-52.6629
879.3,-52.8570
879.4,-53.0497
879.5,-53.2409
879.6,-53.4306
879.7,-53.6189
879.8,-53.8057
879.9,-53.9911
880.0,-54.1751
880.1,-54.3576
880.2,-54.5388
880.3,-54.7186
880.4,-54.8970
880.5,-55.0740
880.6,-55.2497
880.7,-55.4240
880.8,-55.5970
880.9,-55.7687
881.0,-55.9390
881.1,-56.1081
881.2,-56.2758
881.3,-56.4423
881.4,-56.6075
881.5,-56.7714
881.6,-56.9341
881.7,-57.0955
881.8,-57.2557
881.9,-57.4147
882.0,-57.5724
882.1,-57.7289
882.2,-57.8843
882.3,-58.0384
882.4,-58.1914
882.5,-58.3432
882.6,-58.4938
882.7,-58.6433
882.8,-58.7916
882.9,-58.9388
883.0,-59.0848
883.1,-59.2298
883.2,-59.3736
883.3,-59.5164
883.4,-59.6580
883.5,-59.7985
883.6,-59.9380
883.7,-60.0764
883.8,-60.2138
883.9,-60.3501
884.0,-60.4853
884.1,-60.6195
884.2,-60.7527
884.3,-60.8849
884.4,-61.0160
884.5,-61.1462
884.6,-61.2753
884.7,-61.4035
884.8,-61.5306
884.9,-61.6568
885.0,-61.7821
885.1,-61.9063
885.2,-62.0297
885.3,-62.1520
885.4,-62.2735
885.5,-62.3940
885.6,-62.5136
885.7,-62.6323
885.8,-62.7500
885.9,-62.8669
886.0,-62.9828
886.1,-63.0979
886.2,-63.2121
886.3,-63.3254
886.4,-63.4379
886.5,-63.5494
886.6,-63.6602
886.7,-63.7701
886.8,-63.8791
886.9,-63.9873
887.0,-64.0947
887.1,-64.2012
887.2,-64.3070
887.3,-64.4119
887.4,-64.5160
887.5,-64.6194
887.6,-64.7219
887.7,-64.8236
887.8,-64.9246
887.9,-65.0248
888.0,-65.1242
888.1,-65.2229
888.2,-65.3208
888.3,-65.4180
888.4,-65.5144
888.5,-65.6100
888.6,-65.7050
888.7,-65.7992
888.8,-65.8927
888.9,-65.9855
889.0,-66.0775
889.1,-66.1689
889.2,-66.2595
889.3,-66.3495
889.4,-66.4388
889.5,-66.5274
889.6,-66.6153
889.7,-66.7025
889.8,-66.7891
889.9,-66.8750
890.0,-66.9603
890.1,-67.0449
890.2,-67.1288
890.3,-67.2121
890.4,-67.2948
890.5,-67.3768
890.6,-67.4582
890.7,-67.5390
890.8,-67.6191
890.9,-67.6987
891.0,-67.7776
891.1,-67.8560
891.2,-67.9337
891.3,-68.0108
891.4,-68.0874
891.5,-68.1633
891.6,-68.2387
891.7,-68.3135
891.8,-68.3877
891.9,-68.4614
892.0,-68.5345
892.1,-68.6070
892.2,-68.6790
892.3,-68.7504
892.4,-68.8213
892.5,-68.8916
892.6,-68.9614
892.7,-69.0307
892.8,-69.0994
892.9,-69.1676
893.0,-69.2353
893.1,-69.3025
893.2,-69.3691
893.3,-69.4352
893.4,-69.5009
893.5,-69.5660
893.6,-69.6306
893.7,-69.6948
893.8,-69.7584
893.9,-69.8216
894.0,-69.8842
894.1,-69.9464
894.2,-70.0081
894.3,-70.0694
894.4,-70.1301
894.5,-70.1904
894.6,-70.2503
894.7,-70.3097
894.8,-70.3686
894.9,-70.4271
895.0,-70.4851
895.1,-70.5427
895.2,-70.5998
895.3,-70.6565
895.4,-70.7128
895.5,-70.7687
895.6,-70.8241
895.7,-70.8791
895.8,-70.9336
895.9,-70.9878
896.0,-71.0415
896.1,-71.0948
896.2,-71.1477
896.3,-71.2002
896.4,-71.2524
896.5,-71.3041
896.6,-71.3554
896.7,-71.4063
896.8,-71.4568
896.9,-71.5069
897.0,-71.5567
897.1,-71.6061
897.2,-71.6551
897.3,-71.7037
897.4,-71.7519
897.5,-71.7998
897.6,-71.8473
897.7,-71.8945
897.8,-71.9413
897.9,-71.9877
898.0,-72.0338
898.1,-72.0795
898.2,-72.1248
898.3,-72.1699
898.4,-72.2145
898.5,-72.2589
898.6,-72.3029
898.7,-72.3465
898.8,-72.3898
898.9,-72.4328
899.0,-72.4755
899.1,-72.5178
899.2,-72.5598
899.3,-72.6015
899.4,-72.6429
899.5,-72.6839
899.6,-72.7247
899.7,-72.7651
899.8,-72.8052
899.9,-72.8450
900.0,-72.8845
900.1,-72.9237
900.2,-72.9626
900.3,-73.0012
900.4,-73.0395
900.5,-73.0775
900.6,-73.1153
900.7,-73.1527
900.8,-73.1898
900.9,-73.2267
901.0,-73.2633
901.1,-73.2996
901.2,-73.3356
901.3,-73.3713
901.4,-73.4068
901.5,-73.4420
901.6,-73.4769
901.7,-73.5116
901.8,-73.5460
901.9,-73.5801
902.0,-73.6140
902.1,-73.6476
902.2,-73.6809
902.3,-73.7140
902.4,-73.7469
902.5,-73.7795
902.6,-73.8118
902.7,-73.8439
902.8,-73.8757
902.9,-73.9073
903.0,-73.9387
903.1,-73.9698
903.2,-74.0007
903.3,-74.0314
903.4,-74.0618
903.5,-74.0919
903.6,-74.1219
903.7,-74.1516
903.8,-74.1811
903.9,-74.2104
904.0,-74.2394
904.1,-74.2682
904.2,-74.2968
904.3,-74.3252
904.4,-74.3533
904.5,-74.3813
904.6,-74.4090
904.7,-74.4365
904.8,-74.4638
904.9,-74.4909
905.0,-74.5178
905.1,-74.5445
905.2,-74.5710
905.3,-74.5973
905.4,-74.6233
905.5,-74.6492
905.6,-74.6749
905.7,-74.7004
905.8,-74.7257
905.9,-74.7507
906.0,-74.7756
906.1,-74.8004
906.2,-74.8249
906.3,-74.8492
906.4,-74.8733
906.5,-74.8973
906.6,-74.9211
906.7,-74.9447
906.8,-74.9681
906.9,-74.9913
907.0,-75.0144
907.1,-75.0373
907.2,-75.0600
907.3,-75.0825
907.4,-75.1048
907.5,-75.1270
907.6,-75.1490
907.7,-75.1709
907.8,-75.1926
907.9,-75.2141
908.0,-75.2354
908.1,-75.2566
908.2,-75.2776
908.3,-75.2985
908.4,-75.3192
908.5,-75.3397
908.6,-75.3601
908.7,-75.3804
908.8,-75.4004
908.9,-75.4203
909.0,-75.4401
909.1,-75.4597
909.2,-75.4792
909.3,-75.4985
909.4,-75.5177
909.5,-75.5367
909.6,-75.5556
909.7,-75.5743
909.8,-75.5929
909.9,-75.6113
910.0,-75.6296
910.1,-75.6478
910.2,-75.6658
910.3,-75.6837
910.4,-75.7015
910.5,-75.7191
910.6,-75.7366
910.7,-75.7539
910.8,-75.7711
910.9,-75.7882
911.0,-75.8051
911.1,-75.8220
911.2,-75.8387
911.3,-75.8552
911.4,-75.8716
911.5,-75.8880
911.6,-75.9041
911.7,-75.9202
911.8,-75.9361
911.9,-75.9520
912.0,-75.9676
912.1,-75.9832
912.2,-75.9987
912.3,-76.0140
912.4,-76.0292
912.5,-76.0443
912.6,-76.0593
912.7,-76.0742
912.8,-76.0889
912.9,-76.1036
913.0,-76.1181
913.1,-76.1325
913.2,-76.1469
913.3,-76.1611
913.4,-76.1751
913.5,-76.1891
913.6,-76.2030
913.7,-76.2168
913.8,-76.2304
913.9,-76.2440
914.0,-76.2575
914.1,-76.2708
914.2,-76.2841
914.3,-76.2972
914.4,-76.3103
914.5,-76.3232
914.6,-76.3361
914.7,-76.3488
914.8,-76.3615
914.9,-76.3740
915.0,-76.3865
915.1,-76.3988
915.2,-76.4111
915.3,-76.4233
915.4,-76.4354
915.5,-76.4473
915.6,-76.4592
915.7,-76.4711
915.8,-76.4828
915.9,-76.4944
916.0,-76.5059
916.1,-76.5174
916.2,-76.5287
916.3,-76.5400
916.4,-76.5512
916.5,-76.5623
916.6,-76.5733
916.7,-76.5843
916.8,-76.5951
916.9,-76.6059
917.0,-76.6166
917.1,-76.6272
917.2,-76.6377
917.3,-76.6481
917.4,-76.6585
917.5,-76.6688
917.6,-76.6790
917.7,-76.6891
917.8,-76.6991
917.9,-76.7091
918.0,-76.7190
918.1,-76.7288
918.2,-76.7385
918.3,-76.7482
918.4,-76.7578
918.5,-76.7673
918.6,-76.7768
918.7,-76.7861
918.8,-76.7954
918.9,-76.8047
919.0,-76.8138
919.1,-76.8229
919.2,-76.8319
919.3,-76.8409
919.4,-76.8498
919.5,-76.8586
919.6,-76.8673
919.7,-76.8760
919.8,-76.8846
919.9,-76.8932
920.0,-76.9016
920.1,-76.9101
920.2,-76.9184
920.3,-76.9267
920.4,-76.9349
920.5,-76.9431
920.6,-76.9512
920.7,-76.9592
920.8,-76.9672
920.9,-76.9751
921.0,-76.9830
921.1,-76.9908
921.2,-76.9985
921.3,-77.0062
921.4,-77.0138
921.5,-77.0213
921.6,-77.0288
921.7,-77.0363
921.8,-77.0437
921.9,-77.0510
922.0,-77.0583
922.1,-77.0655
922.2,-77.0726
922.3,-77.0798
922.4,-77.0868
922.5,-77.0938
922.6,-77.1007
922.7,-77.1076
922.8,-77.1145
922.9,-77.1213
923.0,-77.1280
923.1,-77.1347
923.2,-77.1413
923.3,-77.1479
923.4,-77.1544
923.5,-77.1609
923.6,-77.1673
923.7,-77.1737
923.8,-77.1800
923.9,-77.1863
924.0,-77.1926
924.1,-77.1987
924.2,-77.2049
924.3,-77.2110
924.4,-77.2170
924.5,-77.2230
924.6,-77.2290
924.7,-77.2349
924.8,-77.2407
924.9,-77.2466
925.0,-77.2523
925.1,-77.2581
925.2,-77.2638
925.3,-77.2694
925.4,-77.2750
925.5,-77.2805
925.6,-77.2861
925.7,-77.2915
925.8,-77.2970
925.9,-77.3023
926.0,-77.3077
926.1,-77.3130
926.2,-77.3183
926.3,-77.3235
926.4,-77.3287
926.5,-77.3338
926.6,-77.3389
926.7,-77.3440
926.8,-77.3490
926.9,-77.3540
927.0,-77.3590
927.1,-77.3639
927.2,-77.3687
927.3,-77.3736
927.4,-77.3784
927.5,-77.3831
927.6,-77.3879
927.7,-77.3926
927.8,-77.3972
927.9,-77.4018
928.0,-77.4064
928.1,-77.4110
928.2,-77.4155
928.3,-77.4200
928.4,-77.4244
928.5,-77.4288
928.6,-77.4332
928.7,-77.4375
928.8,-77.4418
928.9,-77.4461
929.0,-77.4504
929.1,-77.4546
929.2,-77.4588
929.3,-77.4629
929.4,-77.4670
929.5,-77.4711
929.6,-77.4752
929.7,-77.4792
929.8,-77.4832
929.9,-77.4871
930.0,-77.4911
930.1,-77.4950
930.2,-77.4988
930.3,-77.5027
930.4,-77.5065
930.5,-77.5103
930.6,-77.5140
930.7,-77.5177
930.8,-77.5214
930.9,-77.5251
931.0,-77.5287
931.1,-77.5324
931.2,-77.5359
931.3,-77.5395
931.4,-77.5430
931.5,-77.5465
931.6,-77.5500
931.7,-77.5534
931.8,-77.5569
931.9,-77.5603
932.0,-77.5636
932.1,-77.5670
932.2,-77.5703
932.3,-77.5736
932.4,-77.5769
932.5,-77.5801
932.6,-77.5833
932.7,-77.5865
932.8,-77.5897
932.9,-77.5928
933.0,-77.5959
933.1,-77.5990
933.2,-77.6021
933.3,-77.6052
933.4,-77.6082
933.5,-77.6112
933.6,-77.6142
933.7,-77.6171
933.8,-77.6201
933.9,-77.6230
934.0,-77.6259
934.1,-77.6287
934.2,-77.6316
934.3,-77.6344
934.4,-77.6372
934.5,-77.6400
934.6,-77.6427
934.7,-77.6455
934.8,-77.6482
934.9,-77.6509
935.0,-77.6536
935.1,-77.6562
935.2,-77.6588
935.3,-77.6615
935.4,-77.6641
935.5,-77.6666
935.6,-77.6692
935.7,-77.6717
935.8,-77.6742
935.9,-77.6767
936.0,-77.6792
936.1,-77.6817
936.2,-77.6841
936.3,-77.6865
936.4,-77.6889
936.5,-77.6913
936.6,-77.6937
936.7,-77.6960
936.8,-77.6984
936.9,-77.7007
937.0,-77.7030
937.1,-77.7052
937.2,-77.7075
937.3,-77.7097
937.4,-77.7120
937.5,-77.7142
937.6,-77.7164
937.7,-77.7185
937.8,-77.7207
937.9,-77.7228
938.0,-77.7250
938.1,-77.7271
938.2,-77.7292
938.3,-77.7312
938.4,-77.7333
938.5,-77.7353
938.6,-77.7374
938.7,-77.7394
938.8,-77.7414
938.9,-77.7433
939.0,-77.7453
939.1,-77.7473
939.2,-77.7492
939.3,-77.7511
939.4,-77.7530
939.5,-77.7549
939.6,-77.7568
939.7,-77.7587
939.8,-77.7605
939.9,-77.7624
940.0,-78.0000
940.1,-77.9867
940.2,-77.9735
940.3,-77.9604
940.4,-77.9474
940.5,-77.9344
940.6,-77.9216
940.7,-77.9088
940.8,-77.8961
940.9,-77.8835
941.0,-77.8710
941.1,-77.8586
941.2,-77.8462
941.3,-77.8340
941.4,-77.8218
941.5,-77.8097
941.6,-77.7977
941.7,-77.7857
941.8,-77.7738
941.9,-77.7621
942.0,-77.7503
942.1,-77.7387
942.2,-77.7272
942.3,-77.7157
942.4,-77.7043
942.5,-77.6930
942.6,-77.6817
942.7,-77.6705
942.8,-77.6594
942.9,-77.6484
943.0,-77.6375
943.1,-77.6266
943.2,-77.6158
943.3,-77.6050
943.4,-77.5944
943.5,-77.5838
943.6,-77.5733
943.7,-77.5628
943.8,-77.5524
943.9,-77.5421
944.0,-77.5319
944.1,-77.5217
944.2,-77.5116
944.3,-77.5015
944.4,-77.4915
944.5,-77.4816
944.6,-77.4718
944.7,-77.4620
944.8,-77.4523
944.9,-77.4426
945.0,-77.4331
945.1,-77.4235
945.2,-77.4141
945.3,-77.4047
945.4,-77.3954
945.5,-77.3861
945.6,-77.3769
945.7,-77.3677
945.8,-77.3586
945.9,-77.3496
946.0,-77.3406
946.1,-77.3317
946.2,-77.3229
946.3,-77.3141
946.4,-77.3054
946.5,-77.2967
946.6,-77.2881
946.7,-77.2795
946.8,-77.2710
946.9,-77.2626
947.0,-77.2542
947.1,-77.2458
947.2,-77.2376
947.3,-77.2293
947.4,-77.2212
947.5,-77.2131
947.6,-77.2050
947.7,-77.1970
947.8,-77.1890
947.9,-77.1811
948.0,-77.1733
948.1,-77.1655
948.2,-77.1578
948.3,-77.1501
948.4,-77.1424
948.5,-77.1348
948.6,-77.1273
948.7,-77.1198
948.8,-77.1124
948.9,-77.1050
949.0,-77.0976
949.1,-77.0903
949.2,-77.0831
949.3,-77.0759
949.4,-77.0687
949.5,-77.0616
949.6,-77.0546
949.7,-77.0476
949.8,-77.0406
949.9,-77.0337
950.0,-77.0268
950.1,-77.0200
950.2,-77.0132
950.3,-77.0065
950.4,-76.9998
950.5,-76.9932
950.6,-76.9866
950.7,-76.9800
950.8,-76.9735
950.9,-76.9670
951.0,-76.9606
951.1,-76.9542
951.2,-76.9479
951.3,-76.9416
951.4,-76.9353
951.5,-76.9291
951.6,-76.9229
951.7,-76.9168
951.8,-76.9107
951.9,-76.9047
952.0,-76.8987
952.1,-76.8927
952.2,-76.8868
952.3,-76.8809
952.4,-76.8750
952.5,-76.8692
952.6,-76.8634
952.7,-76.8577
952.8,-76.8520
952.9,-76.8463
953.0,-76.8407
953.1,-76.8351
953.2,-76.8296
953.3,-76.8241
953.4,-76.8186
953.5,-76.8131
953.6,-76.8077
953.7,-76.8024
953.8,-76.7970
953.9,-76.7917
954.0,-76.7865
954.1,-76.7813
954.2,-76.7761
954.3,-76.7709
954.4,-76.7658
954.5,-76.7607
954.6,-76.7556
954.7,-76.7506
954.8,-76.7456
954.9,-76.7407
955.0,-76.7358
955.1,-76.7309
955.2,-76.7260
955.3,-76.7212
955.4,-76.7164
955.5,-76.7116
955.6,-76.7069
955.7,-76.7022
955.8,-76.6975
955.9,-76.6929
956.0,-76.6883
956.1,-76.6837
956.2,-76.6792
956.3,-76.6747
956.4,-76.6702
956.5,-76.6657
956.6,-76.6613
956.7,-76.6569
956.8,-76.6526
956.9,-76.6482
957.0,-76.6439
957.1,-76.6396
957.2,-76.6354
957.3,-76.6312
957.4,-76.6270
957.5,-76.6228
957.6,-76.6187
957.7,-76.6146
957.8,-76.6105
957.9,-76.6064
958.0,-76.6024
958.1,-76.5984
958.2,-76.5944
958.3,-76.5905
958.4,-76.5865
958.5,-76.5826
958.6,-76.5788
958.7,-76.5749
958.8,-76.5711
958.9,-76.5673
959.0,-76.5635
959.1,-76.5598
959.2,-76.5561
959.3,-76.5524
959.4,-76.5487
959.5,-76.5451
959.6,-76.5414
959.7,-76.5378
959.8,-76.5343
959.9,-76.5307
960.0,-76.5272
960.1,-76.5237
960.2,-76.5202
960.3,-76.5168
960.4,-76.5133
960.5,-76.5099
960.6,-76.5065
960.7,-76.5032
960.8,-76.4998
960.9,-76.4965
961.0,-76.4932
961.1,-76.4899
961.2,-76.4867
961.3,-76.4834
961.4,-76.4802
961.5,-76.4770
961.6,-76.4739
961.7,-76.4707
961.8,-76.4676
961.9,-76.4645
962.0,-76.4614
962.1,-76.4583
962.2,-76.4553
962.3,-76.4523
962.4,-76.4492
962.5,-76.4463
962.6,-76.4433
962.7,-76.4403
962.8,-76.4374
962.9,-76.4345
963.0,-76.4316
963.1,-76.4288
963.2,-76.4259
963.3,-76.4231
963.4,-76.4203
963.5,-76.4175
963.6,-76.4147
963.7,-76.4120
963.8,-76.4092
963.9,-76.4065
964.0,-76.4038
964.1,-76.4011
964.2,-76.3984
964.3,-76.3958
964.4,-76.3932
964.5,-76.3906
964.6,-76.3880
964.7,-76.3854
964.8,-76.3828
964.9,-76.3803
965.0,-76.3778
965.1,-76.3752
965.2,-76.3727
965.3,-76.3703
965.4,-76.3678
965.5,-76.3654
965.6,-76.3629
965.7,-76.3605
965.8,-76.3581
965.9,-76.3558
966.0,-76.3534
966.1,-76.3510
966.2,-76.3487
966.3,-76.3464
966.4,-76.3441
966.5,-76.3418
966.6,-76.3395
966.7,-76.3373
966.8,-76.3350
966.9,-76.3328
967.0,-76.3306
967.1,-76.3284
967.2,-76.3262
967.3,-76.3241
967.4,-76.3219
967.5,-76.3198
967.6,-76.3176
967.7,-76.3155
967.8,-76.3134
967.9,-76.3113
968.0,-76.3093
968.1,-76.3072
968.2,-76.3052
968.3,-76.3032
968.4,-76.3011
968.5,-76.2991
968.6,-76.2971
968.7,-76.2952
968.8,-76.2932
968.9,-76.2913
969.0,-76.2893
969.1,-76.2874
969.2,-76.2855
969.3,-76.2836
969.4,-76.2817
969.5,-76.2798
969.6,-76.2780
969.7,-76.2761
969.8,-76.2743
969.9,-76.2725
970.0,-76.2707
970.1,-76.2689
970.2,-76.2671
970.3,-76.2653
970.4,-76.2635
970.5,-76.2618
970.6,-76.2601
970.7,-76.2583
970.8,-76.2566
970.9,-76.2549
971.0,-76.2532
971.1,-76.2515
971.2,-76.2499
971.3,-76.2482
971.4,-76.2466
971.5,-76.2449
971.6,-76.2433
971.7,-76.2417
971.8,-76.2401
971.9,-76.2385
972.0,-76.2369
972.1,-76.2353
972.2,-76.2337
972.3,-76.2322
972.4,-76.2307
972.5,-76.2291
972.6,-76.2276
972.7,-76.2261
972.8,-76.2246
972.9,-76.2231
973.0,-76.2216
973.1,-76.2201
973.2,-76.2187
973.3,-76.2172
973.4,-76.2158
973.5,-76.2143
973.6,-76.2129
973.7,-76.2115
973.8,-76.2101
973.9,-76.2087
974.0,-76.2073
974.1,-76.2059
974.2,-76.2046
974.3,-76.2032
974.4,-76.2019
974.5,-76.2005
974.6,-76.1992
974.7,-76.1979
974.8,-76.1965
974.9,-76.1952
975.0,-76.1939
975.1,-76.1927
975.2,-76.1914
975.3,-76.1901
975.4,-76.1888
975.5,-76.1876
975.6,-76.1863
975.7,-76.1851
975.8,-76.1839
975.9,-76.1826
976.0,-76.1814
976.1,-76.1802
976.2,-76.1790
976.3,-76.1778
976.4,-76.1767
976.5,-76.1755
976.6,-76.1743
976.7,-76.1732
976.8,-76.1720
976.9,-76.1709
977.0,-76.1697
977.1,-76.1686
977.2,-76.1675
977.3,-76.1664
977.4,-76.1653
977.5,-76.1642
977.6,-76.1631
977.7,-76.1620
977.8,-76.1609
977.9,-76.1598
978.0,-76.1588
978.1,-76.1577
978.2,-76.1567
978.3,-76.1556
978.4,-76.1546
978.5,-76.1536
978.6,-76.1526
978.7,-76.1515
978.8,-76.1505
978.9,-76.1495
979.0,-76.1485
979.1,-76.1476
979.2,-76.1466
979.3,-76.1456
979.4,-76.1446
979.5,-76.1437
979.6,-76.1427
979.7,-76.1418
979.8,-76.1408
979.9,-76.1399
980.0,-76.1390
980.1,-76.1380
980.2,-76.1371
980.3,-76.1362
980.4,-76.1353
980.5,-76.1344
980.6,-76.1335
980.7,-76.1326
980.8,-76.1317
980.9,-76.1309
981.0,-76.1300
981.1,-76.1291
981.2,-76.1283
981.3,-76.1274
981.4,-76.1266
981.5,-76.1257
981.6,-76.1249
981.7,-76.1241
981.8,-76.1233
981.9,-76.1224
982.0,-76.1216
982.1,-76.1208
982.2,-76.1200
982.3,-76.1192
982.4,-76.1184
982.5,-76.1176
982.6,-76.1169
982.7,-76.1161
982.8,-76.1153
982.9,-76.1145
983.0,-76.1138
983.1,-76.1130
983.2,-76.1123
983.3,-76.1115
983.4,-76.1108
983.5,-76.1100
983.6,-76.1093
983.7,-76.1086
983.8,-76.1079
983.9,-76.1072
984.0,-76.1064
984.1,-76.1057
984.2,-76.1050
984.3,-76.1043
984.4,-76.1036
984.5,-76.1029
984.6,-76.1023
984.7,-76.1016
984.8,-76.1009
984.9,-76.1002
985.0,-76.0996
985.1,-76.0989
985.2,-76.0983
985.3,-76.0976
985.4,-76.0970
985.5,-76.0963
985.6,-76.0957
985.7,-76.0950
985.8,-76.0944
985.9,-76.0938
986.0,-76.0932
986.1,-76.0925
986.2,-76.0919
986.3,-76.0913
986.4,-76.0907
986.5,-76.0901
986.6,-76.0895
986.7,-76.0889
986.8,-76.0883
986.9,-76.0877
987.0,-76.0871
987.1,-76.0866
987.2,-76.0860
987.3,-76.0854
987.4,-76.0849
987.5,-76.0843
987.6,-76.0837
987.7,-76.0832
987.8,-76.0826
987.9,-76.0821
988.0,-76.0815
988.1,-76.0810
988.2,-76.0804
988.3,-76.0799
988.4,-76.0794
988.5,-76.0789
988.6,-76.0783
988.7,-76.0778
988.8,-76.0773
988.9,-76.0768
989.0,-76.0763
989.1,-76.0758
989.2,-76.0753
989.3,-76.0748
989.4,-76.0743
989.5,-76.0738
989.6,-76.0733
989.7,-76.0728
989.8,-76.0723
989.9,-76.0718
990.0,-76.0713
990.1,-76.0709
990.2,-76.0704
990.3,-76.0699
990.4,-76.0695
990.5,-76.0690
990.6,-76.0686
990.7,-76.0681
990.8,-76.0676
990.9,-76.0672
991.0,-76.0667
991.1,-76.0663
991.2,-76.0659
991.3,-76.0654
991.4,-76.0650
991.5,-76.0646
991.6,-76.0641
991.7,-76.0637
991.8,-76.0633
991.9,-76.0629
992.0,-76.0624
992.1,-76.0620
992.2,-76.0616
992.3,-76.0612
992.4,-76.0608
992.5,-76.0604
992.6,-76.0600
992.7,-76.0596
992.8,-76.0592
992.9,-76.0588
993.0,-76.0584
993.1,-76.0580
993.2,-76.0576
993.3,-76.0573
993.4,-76.0569
993.5,-76.0565
993.6,-76.0561
993.7,-76.0558
993.8,-76.0554
993.9,-76.0550
994.0,-76.0546
994.1,-76.0543
994.2,-76.0539
994.3,-76.0536
994.4,-76.0532
994.5,-76.0529
994.6,-76.0525
994.7,-76.0522
994.8,-76.0518
994.9,-76.0515
995.0,-76.0511
995.1,-76.0508
995.2,-76.0504
995.3,-76.0501
995.4,-76.0498
995.5,-76.0494
995.6,-76.0491
995.7,-76.0488
995.8,-76.0485
995.9,-76.0481
996.0,-76.0478
996.1,-76.0475
996.2,-76.0472
996.3,-76.0469
996.4,-76.0466
996.5,-76.0463
996.6,-76.0460
996.7,-76.0456
996.8,-76.0453
996.9,-76.0450
997.0,-76.0447
997.1,-76.0444
997.2,-76.0441
997.3,-76.0439
997.4,-76.0436
997.5,-76.0433
997.6,-76.0430
997.7,-76.0427
997.8,-76.0424
997.9,-76.0421
998.0,-76.0419
998.1,-76.0416
998.2,-76.0413
998.3,-76.0410
998.4,-76.0408
998.5,-76.0405
998.6,-76.0402
998.7,-76.0399
998.8,-76.0397
998.9,-76.0394
999.0,-76.0392
999.1,-76.0389
999.2,-76.0386
999.3,-76.0384
999.4,-76.0381
999.5,-76.0379
999.6,-76.0376
999.7,-76.0374
999.8,-76.0371
999.9,-76.0369
1000.0,-76.0000
1000.1,-75.9940
1000.2,-75.9880
1000.3,-75.9820
1000.4,-75.9760
1000.5,-75.9700
1000.6,-75.9640
1000.7,-75.9580
1000.8,-75.9521
1000.9,-75.9461
1001.0,-75.9401
1001.1,-75.9341
1001.2,-75.9281
1001.3,-75.9222
1001.4,-75.9162
1001.5,-75.9102
1001.6,-75.9043
1001.7,-75.8983
1001.8,-75.8923
1001.9,-75.8864
1002.0,-75.8804
1002.1,-75.8744
1002.2,-75.8685
1002.3,-75.8625
1002.4,-75.8566
1002.5,-75.8506
1002.6,-75.8447
1002.7,-75.8387
1002.8,-75.8328
1002.9,-75.8268
1003.0,-75.8209
1003.1,-75.8150
1003.2,-75.8090
1003.3,-75.8031
1003.4,-75.7972
1003.5,-75.7912
1003.6,-75.7853
1003.7,-75.7794
1003.8,-75.7734
1003.9,-75.7675
1004.0,-75.7616
1004.1,-75.7557
1004.2,-75.7498
1004.3,-75.7438
1004.4,-75.7379
1004.5,-75.7320
1004.6,-75.7261
1004.7,-75.7202
1004.8,-75.7143
1004.9,-75.7084
1005.0,-75.7025
1005.1,-75.6966
1005.2,-75.6907
1005.3,-75.6848
1005.4,-75.6789
1005.5,-75.6730
1005.6,-75.6671
1005.7,-75.6612
1005.8,-75.6553
1005.9,-75.6495
1006.0,-75.6436
1006.1,-75.6377
1006.2,-75.6318
1006.3,-75.6259
1006.4,-75.6201
1006.5,-75.6142
1006.6,-75.6083
1006.7,-75.6025
1006.8,-75.5966
1006.9,-75.5907
1007.0,-75.5849
1007.1,-75.5790
1007.2,-75.5731
1007.3,-75.5673
1007.4,-75.5614
1007.5,-75.5556
1007.6,-75.5497
1007.7,-75.5439
1007.8,-75.5380
1007.9,-75.5322
1008.0,-75.5263
1008.1,-75.5205
1008.2,-75.5147
1008.3,-75.5088
1008.4,-75.5030
1008.5,-75.4972
1008.6,-75.4913
1008.7,-75.4855
1008.8,-75.4797
1008.9,-75.4738
1009.0,-75.4680
1009.1,-75.4622
1009.2,-75.4564
1009.3,-75.4506
1009.4,-75.4447
1009.5,-75.4389
1009.6,-75.4331
1009.7,-75.4273
1009.8,-75.4215
1009.9,-75.4157
1010.0,-75.4099
1010.1,-75.4041
1010.2,-75.3983
1010.3,-75.3925
1010.4,-75.3867
1010.5,-75.3809
1010.6,-75.3751
1010.7,-75.3693
1010.8,-75.3635
1010.9,-75.3577
1011.0,-75.3520
1011.1,-75.3462
1011.2,-75.3404
1011.3,-75.3346
1011.4,-75.3288
1011.5,-75.3231
1011.6,-75.3173
1011.7,-75.3115
1011.8,-75.3057
1011.9,-75.3000
1012.0,-75.2942
1012.1,-75.2884
1012.2,-75.2827
1012.3,-75.2769
1012.4,-75.2712
1012.5,-75.2654
1012.6,-75.2597
1012.7,-75.2539
1012.8,-75.2482
1012.9,-75.2424
1013.0,-75.2367
1013.1,-75.2309
1013.2,-75.2252
1013.3,-75.2194
1013.4,-75.2137
1013.5,-75.2080
1013.6,-75.2022
1013.7,-75.1965
1013.8,-75.1908
1013.9,-75.1850
1014.0,-75.1793
1014.1,-75.1736
1014.2,-75.1678
1014.3,-75.1621
1014.4,-75.1564
1014.5,-75.1507
1014.6,-75.1450
1014.7,-75.1393
1014.8,-75.1335
1014.9,-75.1278
1015.0,-75.1221
1015.1,-75.1164
1015.2,-75.1107
1015.3,-75.1050
1015.4,-75.0993
1015.5,-75.0936
1015.6,-75.0879
1015.7,-75.0822
1015.8,-75.0765
1015.9,-75.0708
1016.0,-75.0652
1016.1,-75.0595
1016.2,-75.0538
1016.3,-75.0481
1016.4,-75.0424
1016.5,-75.0367
1016.6,-75.0311
1016.7,-75.0254
1016.8,-75.0197
1016.9,-75.0140
1017.0,-75.0084
1017.1,-75.0027
1017.2,-74.9970
1017.3,-74.9914
1017.4,-74.9857
1017.5,-74.9800
1017.6,-74.9744
1017.7,-74.9687
1017.8,-74.9631
1017.9,-74.9574
1018.0,-74.9518
1018.1,-74.9461
1018.2,-74.9405
1018.3,-74.9348
1018.4,-74.9292
1018.5,-74.9235
1018.6,-74.9179
1018.7,-74.9123
1018.8,-74.9066
1018.9,-74.9010
1019.0,-74.8953
1019.1,-74.8897
1019.2,-74.8841
1019.3,-74.8785
1019.4,-74.8728
1019.5,-74.8672
1019.6,-74.8616
1019.7,-74.8560
1019.8,-74.8504
1019.9,-74.8447
1020.0,-74.8391
1020.1,-74.8335
1020.2,-74.8279
1020.3,-74.8223
1020.4,-74.8167
1020.5,-74.8111
1020.6,-74.8055
1020.7,-74.7999
1020.8,-74.7943
1020.9,-74.7887
1021.0,-74.7831
1021.1,-74.7775
1021.2,-74.7719
1021.3,-74.7663
1021.4,-74.7607
1021.5,-74.7551
1021.6,-74.7496
1021.7,-74.7440
1021.8,-74.7384
1021.9,-74.7328
1022.0,-74.7272
1022.1,-74.7217
1022.2,-74.7161
1022.3,-74.7105
1022.4,-74.7050
1022.5,-74.6994
1022.6,-74.6938
1022.7,-74.6883
1022.8,-74.6827
1022.9,-74.6771
1023.0,-74.6716
1023.1,-74.6660
1023.2,-74.6605
1023.3,-74.6549
1023.4,-74.6494
1023.5,-74.6438
1023.6,-74.6383
1023.7,-74.6327
1023.8,-74.6272
1023.9,-74.6216
1024.0,-74.6161
1024.1,-74.6106
1024.2,-74.6050
1024.3,-74.5995
1024.4,-74.5940
1024.5,-74.5884
1024.6,-74.5829
1024.7,-74.5774
1024.8,-74.5718
1024.9,-74.5663
1025.0,-74.5608
1025.1,-74.5553
1025.2,-74.5498
1025.3,-74.5442
1025.4,-74.5387
1025.5,-74.5332
1025.6,-74.5277
1025.7,-74.5222
1025.8,-74.5167
1025.9,-74.5112
1026.0,-74.5057
1026.1,-74.5002
1026.2,-74.4947
1026.3,-74.4892
1026.4,-74.4837
1026.5,-74.4782
1026.6,-74.4727
1026.7,-74.4672
1026.8,-74.4617
1026.9,-74.4562
1027.0,-74.4508
1027.1,-74.4453
1027.2,-74.4398
1027.3,-74.4343
1027.4,-74.4288
1027.5,-74.4234
1027.6,-74.4179
1027.7,-74.4124
1027.8,-74.4070
1027.9,-74.4015
1028.0,-74.3960
1028.1,-74.3906
1028.2,-74.3851
1028.3,-74.3796
1028.4,-74.3742
1028.5,-74.3687
1028.6,-74.3633
1028.7,-74.3578
1028.8,-74.3524
1028.9,-74.3469
1029.0,-74.3415
1029.1,-74.3360
1029.2,-74.3306
1029.3,-74.3251
1029.4,-74.3197
1029.5,-74.3142
1029.6,-74.3088
1029.7,-74.3034
1029.8,-74.2979
1029.9,-74.2925
1030.0,-74.2871
1030.1,-74.2816
1030.2,-74.2762
1030.3,-74.2708
1030.4,-74.2654
1030.5,-74.2600
1030.6,-74.2545
1030.7,-74.2491
1030.8,-74.2437
1030.9,-74.2383
1031.0,-74.2329
1031.1,-74.2275
1031.2,-74.2221
1031.3,-74.2166
1031.4,-74.2112
1031.5,-74.2058
1031.6,-74.2004
1031.7,-74.1950
1031.8,-74.1896
1031.9,-74.1842
1032.0,-74.1789
1032.1,-74.1735
1032.2,-74.1681
1032.3,-74.1627
1032.4,-74.1573
1032.5,-74.1519
1032.6,-74.1465
1032.7,-74.1411
1032.8,-74.1358
1032.9,-74.1304
1033.0,-74.1250
1033.1,-74.1196
1033.2,-74.1143
1033.3,-74.1089
1033.4,-74.1035
1033.5,-74.0982
1033.6,-74.0928
1033.7,-74.0874
1033.8,-74.0821
1033.9,-74.0767
1034.0,-74.0714
1034.1,-74.0660
1034.2,-74.0606
1034.3,-74.0553
1034.4,-74.0499
1034.5,-74.0446
1034.6,-74.0392
1034.7,-74.0339
1034.8,-74.0286
1034.9,-74.0232
1035.0,-74.0179
1035.1,-74.0125
1035.2,-74.0072
1035.3,-74.0019
1035.4,-73.9965
1035.5,-73.9912
1035.6,-73.9859
1035.7,-73.9805
1035.8,-73.9752
1035.9,-73.9699
1036.0,-73.9646
1036.1,-73.9592
1036.2,-73.9539
1036.3,-73.9486
1036.4,-73.9433
1036.5,-73.9380
1036.6,-73.9327
1036.7,-73.9274
1036.8,-73.9221
1036.9,-73.9167
1037.0,-73.9114
1037.1,-73.9061
1037.2,-73.9008
1037.3,-73.8955
1037.4,-73.8902
1037.5,-73.8849
1037.6,-73.8797
1037.7,-73.8744
1037.8,-73.8691
1037.9,-73.8638
1038.0,-73.8585
1038.1,-73.8532
1038.2,-73.8479
1038.3,-73.8426
1038.4,-73.8374
1038.5,-73.8321
1038.6,-73.8268
1038.7,-73.8215
1038.8,-73.8163
1038.9,-73.8110
1039.0,-73.8057
1039.1,-73.8005
1039.2,-73.7952
1039.3,-73.7899
1039.4,-73.7847
1039.5,-73.7794
1039.6,-73.7741
1039.7,-73.7689
1039.8,-73.7636
1039.9,-73.7584
1040.0,-73.7531
1040.1,-73.7479
1040.2,-73.7426
1040.3,-73.7374
1040.4,-73.7321
1040.5,-73.7269
1040.6,-73.7216
1040.7,-73.7164
1040.8,-73.7112
1040.9,-73.7059
1041.0,-73.7007
1041.1,-73.6955
1041.2,-73.6902
1041.3,-73.6850
1041.4,-73.6798
1041.5,-73.6746
1041.6,-73.6693
1041.7,-73.6641
1041.8,-73.6589
1041.9,-73.6537
1042.0,-73.6484
1042.1,-73.6432
1042.2,-73.6380
1042.3,-73.6328
1042.4,-73.6276
1042.5,-73.6224
1042.6,-73.6172
1042.7,-73.6120
1042.8,-73.6068
1042.9,-73.6016
1043.0,-73.5964
1043.1,-73.5912
1043.2,-73.5860
1043.3,-73.5808
1043.4,-73.5756
1043.5,-73.5704
1043.6,-73.5652
1043.7,-73.5600
1043.8,-73.5548
1043.9,-73.5497
1044.0,-73.5445
1044.1,-73.5393
1044.2,-73.5341
1044.3,-73.5289
1044.4,-73.5238
1044.5,-73.5186
1044.6,-73.5134
1044.7,-73.5082
1044.8,-73.5031
1044.9,-73.4979
1045.0,-73.4927
1045.1,-73.4876
1045.2,-73.4824
1045.3,-73.4773
1045.4,-73.4721
1045.5,-73.4669
1045.6,-73.4618
1045.7,-73.4566
1045.8,-73.4515
1045.9,-73.4463
1046.0,-73.4412
1046.1,-73.4360
1046.2,-73.4309
1046.3,-73.4258
1046.4,-73.4206
1046.5,-73.4155
1046.6,-73.4103
1046.7,-73.4052
1046.8,-73.4001
1046.9,-73.3949
1047.0,-73.3898
1047.1,-73.3847
1047.2,-73.3795
1047.3,-73.3744
1047.4,-73.3693
1047.5,-73.3642
1047.6,-73.3591
1047.7,-73.3539
1047.8,-73.3488
1047.9,-73.3437
1048.0,-73.3386
1048.1,-73.3335
1048.2,-73.3284
1048.3,-73.3233
1048.4,-73.3182
1048.5,-73.3130
1048.6,-73.3079
1048.7,-73.3028
1048.8,-73.2977
1048.9,-73.2926
1049.0,-73.2875
1049.1,-73.2824
1049.2,-73.2774
1049.3,-73.2723
1049.4,-73.2672
1049.5,-73.2621
1049.6,-73.2570
1049.7,-73.2519
1049.8,-73.2468
1049.9,-73.2418
1050.0,-73.2367
1050.1,-73.2316
1050.2,-73.2265
1050.3,-73.2214
1050.4,-73.2164
1050.5,-73.2113
1050.6,-73.2062
1050.7,-73.2012
1050.8,-73.1961
1050.9,-73.1910
1051.0,-73.1860
1051.1,-73.1809
1051.2,-73.1758
1051.3,-73.1708
1051.4,-73.1657
1051.5,-73.1607
1051.6,-73.1556
1051.7,-73.1506
1051.8,-73.1455
1051.9,-73.1405
1052.0,-73.1354
1052.1,-73.1304
1052.2,-73.1253
1052.3,-73.1203
1052.4,-73.1153
1052.5,-73.1102
1052.6,-73.1052
1052.7,-73.1002
1052.8,-73.0951
1052.9,-73.0901
1053.0,-73.0851
1053.1,-73.0800
1053.2,-73.0750
1053.3,-73.0700
1053.4,-73.0650
1053.5,-73.0599
1053.6,-73.0549
1053.7,-73.0499
1053.8,-73.0449
1053.9,-73.0399
1054.0,-73.0349
1054.1,-73.0299
1054.2,-73.0248
1054.3,-73.0198
1054.4,-73.0148
1054.5,-73.0098
1054.6,-73.0048
1054.7,-72.9998
1054.8,-72.9948
1054.9,-72.9898
1055.0,-72.9848
1055.1,-72.9798
1055.2,-72.9748
1055.3,-72.9699
1055.4,-72.9649
1055.5,-72.9599
1055.6,-72.9549
1055.7,-72.9499
1055.8,-72.9449
1055.9,-72.9399
1056.0,-72.9350
1056.1,-72.9300
1056.2,-72.9250
1056.3,-72.9200
1056.4,-72.9151
1056.5,-72.9101
1056.6,-72.9051
1056.7,-72.9002
1056.8,-72.8952
1056.9,-72.8902
1057.0,-72.8853
1057.1,-72.8803
1057.2,-72.8753
1057.3,-72.8704
1057.4,-72.8654
1057.5,-72.8605
1057.6,-72.8555
1057.7,-72.8506
1057.8,-72.8456
1057.9,-72.8407
1058.0,-72.8357
1058.1,-72.8308
1058.2,-72.8258
1058.3,-72.8209
1058.4,-72.8160
1058.5,-72.8110
1058.6,-72.8061
1058.7,-72.8012
1058.8,-72.7962
1058.9,-72.7913
1059.0,-72.7864
1059.1,-72.7814
1059.2,-72.7765
1059.3,-72.7716
1059.4,-72.7667
1059.5,-72.7617
1059.6,-72.7568
1059.7,-72.7519
1059.8,-72.7470
1059.9,-72.7421
1060.0,-72.7372
1060.1,-72.7322
1060.2,-72.7273
1060.3,-72.7224
1060.4,-72.7175
1060.5,-72.7126
1060.6,-72.7077
1060.7,-72.7028
1060.8,-72.6979
1060.9,-72.6930
1061.0,-72.6881
1061.1,-72.6832
1061.2,-72.6783
1061.3,-72.6734
1061.4,-72.6685
1061.5,-72.6637
1061.6,-72.6588
1061.7,-72.6539
1061.8,-72.6490
1061.9,-72.6441
1062.0,-72.6392
1062.1,-72.6344
1062.2,-72.6295
1062.3,-72.6246
1062.4,-72.6197
1062.5,-72.6149
1062.6,-72.6100
1062.7,-72.6051
1062.8,-72.6002
1062.9,-72.5954
1063.0,-72.5905
1063.1,-72.5857
1063.2,-72.5808
1063.3,-72.5759
1063.4,-72.5711
1063.5,-72.5662
1063.6,-72.5614
1063.7,-72.5565
1063.8,-72.5517
1063.9,-72.5468
1064.0,-72.5420
1064.1,-72.5371
1064.2,-72.5323
1064.3,-72.5274
1064.4,-72.5226
1064.5,-72.5177
1064.6,-72.5129
1064.7,-72.5081
1064.8,-72.5032
1064.9,-72.4984
1065.0,-72.4936
1065.1,-72.4887
1065.2,-72.4839
1065.3,-72.4791
1065.4,-72.4743
1065.5,-72.4694
1065.6,-72.4646
1065.7,-72.4598
1065.8,-72.4550
1065.9,-72.4502
1066.0,-72.4453
1066.1,-72.4405
1066.2,-72.4357
1066.3,-72.4309
1066.4,-72.4261
1066.5,-72.4213
1066.6,-72.4165
1066.7,-72.4117
1066.8,-72.4069
1066.9,-72.4021
1067.0,-72.3973
1067.1,-72.3925
1067.2,-72.3877
1067.3,-72.3829
1067.4,-72.3781
1067.5,-72.3733
1067.6,-72.3685
1067.7,-72.3637
1067.8,-72.3589
1067.9,-72.3541
1068.0,-72.3494
1068.1,-72.3446
1068.2,-72.3398
1068.3,-72.3350
1068.4,-72.3302
1068.5,-72.3255
1068.6,-72.3207
1068.7,-72.3159
1068.8,-72.3111
1068.9,-72.3064
1069.0,-72.3016
1069.1,-72.2968
1069.2,-72.2921
1069.3,-72.2873
1069.4,-72.2825
1069.5,-72.2778
1069.6,-72.2730
1069.7,-72.2683
1069.8,-72.2635
1069.9,-72.2588
1070.0,-72.2540
1070.1,-72.2493
1070.2,-72.2445
1070.3,-72.2398
1070.4,-72.2350
1070.5,-72.2303
1070.6,-72.2255
1070.7,-72.2208
1070.8,-72.2161
1070.9,-72.2113
1071.0,-72.2066
1071.1,-72.2018
1071.2,-72.1971
1071.3,-72.1924
1071.4,-72.1876
1071.5,-72.1829
1071.6,-72.1782
1071.7,-72.1735
1071.8,-72.1687
1071.9,-72.1640
1072.0,-72.1593
1072.1,-72.1546
1072.2,-72.1499
1072.3,-72.1451
1072.4,-72.1404
1072.5,-72.1357
1072.6,-72.1310
1072.7,-72.1263
1072.8,-72.1216
1072.9,-72.1169
1073.0,-72.1122
1073.1,-72.1075
1073.2,-72.1028
1073.3,-72.0981
1073.4,-72.0934
1073.5,-72.0887
1073.6,-72.0840
1073.7,-72.0793
1073.8,-72.0746
1073.9,-72.0699
1074.0,-72.0652
1074.1,-72.0605
1074.2,-72.0558
1074.3,-72.0512
1074.4,-72.0465
1074.5,-72.0418
1074.6,-72.0371
1074.7,-72.0324
1074.8,-72.0278
1074.9,-72.0231
1075.0,-72.0184
1075.1,-72.0137
1075.2,-72.0091
1075.3,-72.0044
1075.4,-71.9997
1075.5,-71.9951
1075.6,-71.9904
1075.7,-71.9857
1075.8,-71.9811
1075.9,-71.9764
1076.0,-71.9718
1076.1,-71.9671
1076.2,-71.9625
1076.3,-71.9578
1076.4,-71.9531
1076.5,-71.9485
1076.6,-71.9438
1076.7,-71.9392
1076.8,-71.9346
1076.9,-71.9299
1077.0,-71.9253
1077.1,-71.9206
1077.2,-71.9160
1077.3,-71.9114
1077.4,-71.9067
1077.5,-71.9021
1077.6,-71.8974
1077.7,-71.8928
1077.8,-71.8882
1077.9,-71.8836
1078.0,-71.8789
1078.1,-71.8743
1078.2,-71.8697
1078.3,-71.8651
1078.4,-71.8604
1078.5,-71.8558
1078.6,-71.8512
1078.7,-71.8466
1078.8,-71.8420
1078.9,-71.8374
1079.0,-71.8327
1079.1,-71.8281
1079.2,-71.8235
1079.3,-71.8189
1079.4,-71.8143
1079.5,-71.8097
1079.6,-71.8051
1079.7,-71.8005
1079.8,-71.7959
1079.9,-71.7913
1080.0,-71.7867
1080.1,-71.7821
1080.2,-71.7775
1080.3,-71.7729
1080.4,-71.7683
1080.5,-71.7638
1080.6,-71.7592
1080.7,-71.7546
1080.8,-71.7500
1080.9,-71.7454
1081.0,-71.7408
1081.1,-71.7363
1081.2,-71.7317
1081.3,-71.7271
1081.4,-71.7225
1081.5,-71.7179
1081.6,-71.7134
1081.7,-71.7088
1081.8,-71.7042
1081.9,-71.6997
1082.0,-71.6951
1082.1,-71.6905
1082.2,-71.6860
1082.3,-71.6814
1082.4,-71.6769
1082.5,-71.6723
1082.6,-71.6677
1082.7,-71.6632
1082.8,-71.6586
1082.9,-71.6541
1083.0,-71.6495
1083.1,-71.6450
1083.2,-71.6404
1083.3,-71.6359
1083.4,-71.6313
1083.5,-71.6268
1083.6,-71.6223
1083.7,-71.6177
1083.8,-71.6132
1083.9,-71.6086
1084.0,-71.6041
1084.1,-71.5996
1084.2,-71.5950
1084.3,-71.5905
1084.4,-71.5860
1084.5,-71.5815
1084.6,-71.5769
1084.7,-71.5724
1084.8,-71.5679
1084.9,-71.5634
1085.0,-71.5588
1085.1,-71.5543
1085.2,-71.5498
1085.3,-71.5453
1085.4,-71.5408
1085.5,-71.5363
1085.6,-71.5317
1085.7,-71.5272
1085.8,-71.5227
1085.9,-71.5182
1086.0,-71.5137
1086.1,-71.5092
1086.2,-71.5047
1086.3,-71.5002
1086.4,-71.4957
1086.5,-71.4912
1086.6,-71.4867
1086.7,-71.4822
1086.8,-71.4777
1086.9,-71.4732
1087.0,-71.4687
1087.1,-71.4643
1087.2,-71.4598
1087.3,-71.4553
1087.4,-71.4508
1087.5,-71.4463
1087.6,-71.4418
1087.7,-71.4374
1087.8,-71.4329
1087.9,-71.4284
1088.0,-71.4239
1088.1,-71.4194
1088.2,-71.4150
1088.3,-71.4105
1088.4,-71.4060
1088.5,-71.4016
1088.6,-71.3971
1088.7,-71.3926
1088.8,-71.3882
1088.9,-71.3837
1089.0,-71.3793
1089.1,-71.3748
1089.2,-71.3703
1089.3,-71.3659
1089.4,-71.3614
1089.5,-71.3570
1089.6,-71.3525
1089.7,-71.3481
1089.8,-71.3436
1089.9,-71.3392
1090.0,-71.3347
1090.1,-71.3303
1090.2,-71.3258
1090.3,-71.3214
1090.4,-71.3170
1090.5,-71.3125
1090.6,-71.3081
1090.7,-71.3036
1090.8,-71.2992
1090.9,-71.2948
1091.0,-71.2904
1091.1,-71.2859
1091.2,-71.2815
1091.3,-71.2771
1091.4,-71.2726
1091.5,-71.2682
1091.6,-71.2638
1091.7,-71.2594
1091.8,-71.2550
1091.9,-71.2505
1092.0,-71.2461
1092.1,-71.2417
1092.2,-71.2373
1092.3,-71.2329
1092.4,-71.2285
1092.5,-71.2241
1092.6,-71.2197
1092.7,-71.2153
1092.8,-71.2108
1092.9,-71.2064
1093.0,-71.2020
1093.1,-71.1976
1093.2,-71.1932
1093.3,-71.1888
1093.4,-71.1845
1093.5,-71.1801
1093.6,-71.1757
1093.7,-71.1713
1093.8,-71.1669
1093.9,-71.1625
1094.0,-71.1581
1094.1,-71.1537
1094.2,-71.1493
1094.3,-71.1450
1094.4,-71.1406
1094.5,-71.1362
1094.6,-71.1318
1094.7,-71.1274
1094.8,-71.1231
1094.9,-71.1187
1095.0,-71.1143
1095.1,-71.1100
1095.2,-71.1056
1095.3,-71.1012
1095.4,-71.0969
1095.5,-71.0925
1095.6,-71.0881
1095.7,-71.0838
1095.8,-71.0794
1095.9,-71.0750
1096.0,-71.0707
1096.1,-71.0663
1096.2,-71.0620
1096.3,-71.0576
1096.4,-71.0533
1096.5,-71.0489
1096.6,-71.0446
1096.7,-71.0402
1096.8,-71.0359
1096.9,-71.0315
1097.0,-71.0272
1097.1,-71.0228
1097.2,-71.0185
1097.3,-71.0142
1097.4,-71.0098
1097.5,-71.0055
1097.6,-71.0012
1097.7,-70.9968
1097.8,-70.9925
1097.9,-70.9882
1098.0,-70.9838
1098.1,-70.9795
1098.2,-70.9752
1098.3,-70.9709
1098.4,-70.9665
1098.5,-70.9622
1098.6,-70.9579
1098.7,-70.9536
1098.8,-70.9493
1098.9,-70.9449
1099.0,-70.9406
1099.1,-70.9363
1099.2,-70.9320
1099.3,-70.9277
1099.4,-70.9234
1099.5,-70.9191
1099.6,-70.9148
1099.7,-70.9105
1099.8,-70.9062
1099.9,-70.9019
1100.0,-70.8976
1100.1,-70.8933
1100.2,-70.8890
1100.3,-70.8847
1100.4,-70.8804
1100.5,-70.8761
1100.6,-70.8718
1100.7,-70.8675
1100.8,-70.8632
1100.9,-70.8589
1101.0,-70.8546
1101.1,-70.8504
1101.2,-70.8461
1101.3,-70.8418
1101.4,-70.8375
1101.5,-70.8332
1101.6,-70.8290
1101.7,-70.8247
1101.8,-70.8204
1101.9,-70.8161
1102.0,-70.8119
1102.1,-70.8076
1102.2,-70.8033
1102.3,-70.7991
1102.4,-70.7948
1102.5,-70.7905
1102.6,-70.7863
1102.7,-70.7820
1102.8,-70.7777
1102.9,-70.7735
1103.0,-70.7692
1103.1,-70.7650
1103.2,-70.7607
1103.3,-70.7565
1103.4,-70.7522
1103.5,-70.7480
1103.6,-70.7437
1103.7,-70.7395
1103.8,-70.7352
1103.9,-70.7310
1104.0,-70.7267
1104.1,-70.7225
1104.2,-70.7183
1104.3,-70.7140
1104.4,-70.7098
1104.5,-70.7055
1104.6,-70.7013
1104.7,-70.6971
1104.8,-70.6928
1104.9,-70.6886
1105.0,-70.6844
1105.1,-70.6802
1105.2,-70.6759
1105.3,-70.6717
1105.4,-70.6675
1105.5,-70.6633
1105.6,-70.6590
1105.7,-70.6548
1105.8,-70.6506
1105.9,-70.6464
1106.0,-70.6422
1106.1,-70.6380
1106.2,-70.6337
1106.3,-70.6295
1106.4,-70.6253
1106.5,-70.6211
1106.6,-70.6169
1106.7,-70.6127
1106.8,-70.6085
1106.9,-70.6043
1107.0,-70.6001
1107.1,-70.5959
1107.2,-70.5917
1107.3,-70.5875
1107.4,-70.5833
1107.5,-70.5791
1107.6,-70.5749
1107.7,-70.5707
1107.8,-70.5665
1107.9,-70.5624
1108.0,-70.5582
1108.1,-70.5540
1108.2,-70.5498
1108.3,-70.5456
1108.4,-70.5414
1108.5,-70.5373
1108.6,-70.5331
1108.7,-70.5289
1108.8,-70.5247
1108.9,-70.5206
1109.0,-70.5164
1109.1,-70.5122
1109.2,-70.5080
1109.3,-70.5039
1109.4,-70.4997
1109.5,-70.4955
1109.6,-70.4914
1109.7,-70.4872
1109.8,-70.4831
1109.9,-70.4789
1110.0,-70.4747
1110.1,-70.4706
1110.2,-70.4664
1110.3,-70.4623
1110.4,-70.4581
1110.5,-70.4540
1110.6,-70.4498
1110.7,-70.4457
1110.8,-70.4415
1110.9,-70.4374
1111.0,-70.4332
1111.1,-70.4291
1111.2,-70.4249
1111.3,-70.4208
1111.4,-70.4167
1111.5,-70.4125
1111.6,-70.4084
1111.7,-70.4042
1111.8,-70.4001
1111.9,-70.3960
1112.0,-70.3918
1112.1,-70.3877
1112.2,-70.3836
1112.3,-70.3795
1112.4,-70.3753
1112.5,-70.3712
1112.6,-70.3671
1112.7,-70.3630
1112.8,-70.3588
1112.9,-70.3547
1113.0,-70.3506
1113.1,-70.3465
1113.2,-70.3424
1113.3,-70.3383
1113.4,-70.3341
1113.5,-70.3300
1113.6,-70.3259
1113.7,-70.3218
1113.8,-70.3177
1113.9,-70.3136
1114.0,-70.3095
1114.1,-70.3054
1114.2,-70.3013
1114.3,-70.2972
1114.4,-70.2931
1114.5,-70.2890
1114.6,-70.2849
1114.7,-70.2808
1114.8,-70.2767
1114.9,-70.2726
1115.0,-70.2685
1115.1,-70.2645
1115.2,-70.2604
1115.3,-70.2563
1115.4,-70.2522
1115.5,-70.2481
1115.6,-70.2440
1115.7,-70.2399
1115.8,-70.2359
1115.9,-70.2318
1116.0,-70.2277
1116.1,-70.2236
1116.2,-70.2196
1116.3,-70.2155
1116.4,-70.2114
1116.5,-70.2074
1116.6,-70.2033
1116.7,-70.1992
1116.8,-70.1952
1116.9,-70.1911
1117.0,-70.1870
1117.1,-70.1830
1117.2,-70.1789
1117.3,-70.1748
1117.4,-70.1708
1117.5,-70.1667
1117.6,-70.1627
1117.7,-70.1586
1117.8,-70.1546
1117.9,-70.1505
1118.0,-70.1465
1118.1,-70.1424
1118.2,-70.1384
1118.3,-70.1343
1118.4,-70.1303
1118.5,-70.1262
1118.6,-70.1222
1118.7,-70.1182
1118.8,-70.1141
1118.9,-70.1101
1119.0,-70.1060
1119.1,-70.1020
1119.2,-70.0980
1119.3,-70.0939
1119.4,-70.0899
1119.5,-70.0859
1119.6,-70.0819
1119.7,-70.0778
1119.8,-70.0738
1119.9,-70.0698
1120.0,-70.0658
1120.1,-70.0617
1120.2,-70.0577
1120.3,-70.0537
1120.4,-70.0497
1120.5,-70.0457
1120.6,-70.0417
1120.7,-70.0376
1120.8,-70.0336
1120.9,-70.0296
1121.0,-70.0256
1121.1,-70.0216
1121.2,-70.0176
1121.3,-70.0136
1121.4,-70.0096
1121.5,-70.0056
1121.6,-70.0016
1121.7,-69.9976
1121.8,-69.9936
1121.9,-69.9896
1122.0,-69.9856
1122.1,-69.9816
1122.2,-69.9776
1122.3,-69.9736
1122.4,-69.9696
1122.5,-69.9656
1122.6,-69.9616
1122.7,-69.9577
1122.8,-69.9537
1122.9,-69.9497
1123.0,-69.9457
1123.1,-69.9417
1123.2,-69.9377
1123.3,-69.9338
1123.4,-69.9298
1123.5,-69.9258
1123.6,-69.9218
1123.7,-69.9179
1123.8,-69.9139
1123.9,-69.9099
1124.0,-69.9060
1124.1,-69.9020
1124.2,-69.8980
1124.3,-69.8941
1124.4,-69.8901
1124.5,-69.8861
1124.6,-69.8822
1124.7,-69.8782
1124.8,-69.8742
1124.9,-69.8703
1125.0,-69.8663
1125.1,-69.8624
1125.2,-69.8584
1125.3,-69.8545
1125.4,-69.8505
1125.5,-69.8466
1125.6,-69.8426
1125.7,-69.8387
1125.8,-69.8347
1125.9,-69.8308
1126.0,-69.8268
1126.1,-69.8229
1126.2,-69.8190
1126.3,-69.8150
1126.4,-69.8111
1126.5,-69.8071
1126.6,-69.8032
1126.7,-69.7993
1126.8,-69.7953
1126.9,-69.7914
1127.0,-69.7875
1127.1,-69.7836
1127.2,-69.7796
1127.3,-69.7757
1127.4,-69.7718
1127.5,-69.7679
1127.6,-69.7639
1127.7,-69.7600
1127.8,-69.7561
1127.9,-69.7522
1128.0,-69.7483
1128.1,-69.7443
1128.2,-69.7404
1128.3,-69.7365
1128.4,-69.7326
1128.5,-69.7287
1128.6,-69.7248
1128.7,-69.7209
1128.8,-69.7170
1128.9,-69.7131
1129.0,-69.7092
1129.1,-69.7053
1129.2,-69.7014
1129.3,-69.6975
1129.4,-69.6936
1129.5,-69.6897
1129.6,-69.6858
1129.7,-69.6819
1129.8,-69.6780
1129.9,-69.6741
1130.0,-69.6702
1130.1,-69.6663
1130.2,-69.6624
1130.3,-69.6585
1130.4,-69.6546
1130.5,-69.6508
1130.6,-69.6469
1130.7,-69.6430
1130.8,-69.6391
1130.9,-69.6352
1131.0,-69.6314
1131.1,-69.6275
1131.2,-69.6236
1131.3,-69.6197
1131.4,-69.6159
1131.5,-69.6120
1131.6,-69.6081
1131.7,-69.6043
1131.8,-69.6004
1131.9,-69.5965
1132.0,-69.5927
1132.1,-69.5888
1132.2,-69.5849
1132.3,-69.5811
1132.4,-69.5772
1132.5,-69.5734
1132.6,-69.5695
1132.7,-69.5656
1132.8,-69.5618
1132.9,-69.5579
1133.0,-69.5541
1133.1,-69.5502
1133.2,-69.5464
1133.3,-69.5425
1133.4,-69.5387
1133.5,-69.5348
1133.6,-69.5310
1133.7,-69.5271
1133.8,-69.5233
1133.9,-69.5195
1134.0,-69.5156
1134.1,-69.5118
1134.2,-69.5080
1134.3,-69.5041
1134.4,-69.5003
1134.5,-69.4965
1134.6,-69.4926
1134.7,-69.4888
1134.8,-69.4850
1134.9,-69.4811
1135.0,-69.4773
1135.1,-69.4735
1135.2,-69.4697
1135.3,-69.4658
1135.4,-69.4620
1135.5,-69.4582
1135.6,-69.4544
1135.7,-69.4506
1135.8,-69.4467
1135.9,-69.4429
1136.0,-69.4391
1136.1,-69.4353
1136.2,-69.4315
1136.3,-69.4277
1136.4,-69.4239
1136.5,-69.4201
1136.6,-69.4163
1136.7,-69.4125
1136.8,-69.4086
1136.9,-69.4048
1137.0,-69.4010
1137.1,-69.3972
1137.2,-69.3934
1137.3,-69.3897
1137.4,-69.3859
1137.5,-69.3821
1137.6,-69.3783
1137.7,-69.3745
1137.8,-69.3707
1137.9,-69.3669
1138.0,-69.3631
1138.1,-69.3593
1138.2,-69.3555
1138.3,-69.3517
1138.4,-69.3480
1138.5,-69.3442
1138.6,-69.3404
1138.7,-69.3366
1138.8,-69.3328
1138.9,-69.3291
1139.0,-69.3253
1139.1,-69.3215
1139.2,-69.3177
1139.3,-69.3140
1139.4,-69.3102
1139.5,-69.3064
1139.6,-69.3027
1139.7,-69.2989
1139.8,-69.2951
1139.9,-69.2914
1140.0,-69.2876
1140.1,-69.2838
1140.2,-69.2801
1140.3,-69.2763
1140.4,-69.2726
1140.5,-69.2688
1140.6,-69.2651
1140.7,-69.2613
1140.8,-69.2575
1140.9,-69.2538
1141.0,-69.2500
1141.1,-69.2463
1141.2,-69.2425
1141.3,-69.2388
1141.4,-69.2351
1141.5,-69.2313
1141.6,-69.2276
1141.7,-69.2238
1141.8,-69.2201
1141.9,-69.2163
1142.0,-69.2126
1142.1,-69.2089
1142.2,-69.2051
1142.3,-69.2014
1142.4,-69.1977
1142.5,-69.1939
1142.6,-69.1902
1142.7,-69.1865
1142.8,-69.1827
1142.9,-69.1790
1143.0,-69.1753
1143.1,-69.1716
1143.2,-69.1678
1143.3,-69.1641
1143.4,-69.1604
1143.5,-69.1567
1143.6,-69.1530
1143.7,-69.1492
1143.8,-69.1455
1143.9,-69.1418
1144.0,-69.1381
1144.1,-69.1344
1144.2,-69.1307
1144.3,-69.1270
1144.4,-69.1233
1144.5,-69.1196
1144.6,-69.1158
1144.7,-69.1121
1144.8,-69.1084
1144.9,-69.1047
1145.0,-69.1010
1145.1,-69.0973
1145.2,-69.0936
1145.3,-69.0899
1145.4,-69.0862
1145.5,-69.0825
1145.6,-69.0789
1145.7,-69.0752
1145.8,-69.0715
1145.9,-69.0678
1146.0,-69.0641
1146.1,-69.0604
1146.2,-69.0567
1146.3,-69.0530
1146.4,-69.0494
1146.5,-69.0457
1146.6,-69.0420
1146.7,-69.0383
1146.8,-69.0346
1146.9,-69.0310
1147.0,-69.0273
1147.1,-69.0236
1147.2,-69.0199
1147.3,-69.0163
1147.4,-69.0126
1147.5,-69.0089
1147.6,-69.0052
1147.7,-69.0016
1147.8,-68.9979
1147.9,-68.9942
1148.0,-68.9906
1148.1,-68.9869
1148.2,-68.9833
1148.3,-68.9796
1148.4,-68.9759
1148.5,-68.9723
1148.6,-68.9686
1148.7,-68.9650
1148.8,-68.9613
1148.9,-68.9577
1149.0,-68.9540
1149.1,-68.9504
1149.2,-68.9467
1149.3,-68.9431
1149.4,-68.9394
1149.5,-68.9358
1149.6,-68.9321
1149.7,-68.9285
1149.8,-68.9248
1149.9,-68.9212
1150.0,-68.9176
1150.1,-68.9139
1150.2,-68.9103
1150.3,-68.9066
1150.4,-68.9030
1150.5,-68.8994
1150.6,-68.8957
1150.7,-68.8921
1150.8,-68.8885
1150.9,-68.8848
1151.0,-68.8812
1151.1,-68.8776
1151.2,-68.8740
1151.3,-68.8703
1151.4,-68.8667
1151.5,-68.8631
1151.6,-68.8595
1151.7,-68.8559
1151.8,-68.8522
1151.9,-68.8486
1152.0,-68.8450
1152.1,-68.8414
1152.2,-68.8378
1152.3,-68.8342
1152.4,-68.8306
1152.5,-68.8270
1152.6,-68.8233
1152.7,-68.8197
1152.8,-68.8161
1152.9,-68.8125
1153.0,-68.8089
1153.1,-68.8053
1153.2,-68.8017
1153.3,-68.7981
1153.4,-68.7945
1153.5,-68.7909
1153.6,-68.7873
1153.7,-68.7837
1153.8,-68.7801
1153.9,-68.7765
1154.0,-68.7730
1154.1,-68.7694
1154.2,-68.7658
1154.3,-68.7622
1154.4,-68.7586
1154.5,-68.7550
1154.6,-68.7514
1154.7,-68.7478
1154.8,-68.7443
1154.9,-68.7407
1155.0,-68.7371
1155.1,-68.7335
1155.2,-68.7299
1155.3,-68.7264
1155.4,-68.7228
1155.5,-68.7192
1155.6,-68.7156
1155.7,-68.7121
1155.8,-68.7085
1155.9,-68.7049
1156.0,-68.7014
1156.1,-68.6978
1156.2,-68.6942
1156.3,-68.6907
1156.4,-68.6871
1156.5,-68.6835
1156.6,-68.6800
1156.7,-68.6764
1156.8,-68.6729
1156.9,-68.6693
1157.0,-68.6658
1157.1,-68.6622
1157.2,-68.6586
1157.3,-68.6551
1157.4,-68.6515
1157.5,-68.6480
1157.6,-68.6444
1157.7,-68.6409
1157.8,-68.6374
1157.9,-68.6338
1158.0,-68.6303
1158.1,-68.6267
1158.2,-68.6232
1158.3,-68.6196
1158.4,-68.6161
1158.5,-68.6126
1158.6,-68.6090
1158.7,-68.6055
1158.8,-68.6020
1158.9,-68.5984
1159.0,-68.5949
1159.1,-68.5914
1159.2,-68.5878
1159.3,-68.5843
1159.4,-68.5808
1159.5,-68.5772
1159.6,-68.5737
1159.7,-68.5702
1159.8,-68.5667
1159.9,-68.5632
1160.0,-68.5596
1160.1,-68.5561
1160.2,-68.5526
1160.3,-68.5491
1160.4,-68.5456
1160.5,-68.5420
1160.6,-68.5385
1160.7,-68.5350
1160.8,-68.5315
1160.9,-68.5280
1161.0,-68.5245
1161.1,-68.5210
1161.2,-68.5175
1161.3,-68.5140
1161.4,-68.5105
1161.5,-68.5070
1161.6,-68.5035
1161.7,-68.5000
1161.8,-68.4965
1161.9,-68.4930
1162.0,-68.4895
1162.1,-68.4860
1162.2,-68.4825
1162.3,-68.4790
1162.4,-68.4755
1162.5,-68.4720
1162.6,-68.4685
1162.7,-68.4650
1162.8,-68.4615
1162.9,-68.4580
1163.0,-68.4546
1163.1,-68.4511
1163.2,-68.4476
1163.3,-68.4441
1163.4,-68.4406
1163.5,-68.4372
1163.6,-68.4337
1163.7,-68.4302
1163.8,-68.4267
1163.9,-68.4232
1164.0,-68.4198
1164.1,-68.4163
1164.2,-68.4128
1164.3,-68.4094
1164.4,-68.4059
1164.5,-68.4024
1164.6,-68.3990
1164.7,-68.3955
1164.8,-68.3920
1164.9,-68.3886
1165.0,-68.3851
1165.1,-68.3816
1165.2,-68.3782
1165.3,-68.3747
1165.4,-68.3713
1165.5,-68.3678
1165.6,-68.3643
1165.7,-68.3609
1165.8,-68.3574
1165.9,-68.3540
1166.0,-68.3505
1166.1,-68.3471
1166.2,-68.3436
1166.3,-68.3402
1166.4,-68.3367
1166.5,-68.3333
1166.6,-68.3299
1166.7,-68.3264
1166.8,-68.3230
1166.9,-68.3195
1167.0,-68.3161
1167.1,-68.3127
1167.2,-68.3092
1167.3,-68.3058
1167.4,-68.3023
1167.5,-68.2989
1167.6,-68.2955
1167.7,-68.2921
1167.8,-68.2886
1167.9,-68.2852
1168.0,-68.2818
1168.1,-68.2783
1168.2,-68.2749
1168.3,-68.2715
1168.4,-68.2681
1168.5,-68.2646
1168.6,-68.2612
1168.7,-68.2578
1168.8,-68.2544
1168.9,-68.2510
1169.0,-68.2475
1169.1,-68.2441
1169.2,-68.2407
1169.3,-68.2373
1169.4,-68.2339
1169.5,-68.2305
1169.6,-68.2271
1169.7,-68.2237
1169.8,-68.2203
1169.9,-68.2169
1170.0,-68.2134
1170.1,-68.2100
1170.2,-68.2066
1170.3,-68.2032
1170.4,-68.1998
1170.5,-68.1964
1170.6,-68.1930
1170.7,-68.1896
1170.8,-68.1862
1170.9,-68.1829
1171.0,-68.1795
1171.1,-68.1761
1171.2,-68.1727
1171.3,-68.1693
1171.4,-68.1659
1171.5,-68.1625
1171.6,-68.1591
1171.7,-68.1557
1171.8,-68.1523
1171.9,-68.1490
1172.0,-68.1456
1172.1,-68.1422
1172.2,-68.1388
1172.3,-68.1354
1172.4,-68.1321
1172.5,-68.1287
1172.6,-68.1253
1172.7,-68.1219
1172.8,-68.1186
1172.9,-68.1152
1173.0,-68.1118
1173.1,-68.1085
1173.2,-68.1051
1173.3,-68.1017
1173.4,-68.0983
1173.5,-68.0950
1173.6,-68.0916
1173.7,-68.0883
1173.8,-68.0849
1173.9,-68.0815
1174.0,-68.0782
1174.1,-68.0748
1174.2,-68.0715
1174.3,-68.0681
1174.4,-68.0647
1174.5,-68.0614
1174.6,-68.0580
1174.7,-68.0547
1174.8,-68.0513
1174.9,-68.0480
1175.0,-68.0446
1175.1,-68.0413
1175.2,-68.0379
1175.3,-68.0346
1175.4,-68.0312
1175.5,-68.0279
1175.6,-68.0246
1175.7,-68.0212
1175.8,-68.0179
1175.9,-68.0145
1176.0,-68.0112
1176.1,-68.0079
1176.2,-68.0045
1176.3,-68.0012
1176.4,-67.9979
1176.5,-67.9945
1176.6,-67.9912
1176.7,-67.9879
1176.8,-67.9845
1176.9,-67.9812
1177.0,-67.9779
1177.1,-67.9746
1177.2,-67.9712
1177.3,-67.9679
1177.4,-67.9646
1177.5,-67.9613
1177.6,-67.9580
1177.7,-67.9546
1177.8,-67.9513
1177.9,-67.9480
1178.0,-67.9447
1178.1,-67.9414
1178.2,-67.9381
1178.3,-67.9347
1178.4,-67.9314
1178.5,-67.9281
1178.6,-67.9248
1178.7,-67.9215
1178.8,-67.9182
1178.9,-67.9149
1179.0,-67.9116
1179.1,-67.9083
1179.2,-67.9050
1179.3,-67.9017
1179.4,-67.8984
1179.5,-67.8951
1179.6,-67.8918
1179.7,-67.8885
1179.8,-67.8852
1179.9,-67.8819
1180.0,-67.8786
1180.1,-67.8753
1180.2,-67.8720
1180.3,-67.8687
1180.4,-67.8654
1180.5,-67.8622
1180.6,-67.8589
1180.7,-67.8556
1180.8,-67.8523
1180.9,-67.8490
1181.0,-67.8457
1181.1,-67.8425
1181.2,-67.8392
1181.3,-67.8359
1181.4,-67.8326
1181.5,-67.8293
1181.6,-67.8261
1181.7,-67.8228
1181.8,-67.8195
1181.9,-67.8162
1182.0,-67.8130
1182.1,-67.8097
1182.2,-67.8064
1182.3,-67.8032
1182.4,-67.7999
1182.5,-67.7966
1182.6,-67.7934
1182.7,-67.7901
1182.8,-67.7868
1182.9,-67.7836
1183.0,-67.7803
1183.1,-67.7771
1183.2,-67.7738
1183.3,-67.7705
1183.4,-67.7673
1183.5,-67.7640
1183.6,-67.7608
1183.7,-67.7575
1183.8,-67.7543
1183.9,-67.7510
1184.0,-67.7478
1184.1,-67.7445
1184.2,-67.7413
1184.3,-67.7380
1184.4,-67.7348
1184.5,-67.7315
1184.6,-67.7283
1184.7,-67.7251
1184.8,-67.7218
1184.9,-67.7186
1185.0,-67.7153
1185.1,-67.7121
1185.2,-67.7089
1185.3,-67.7056
1185.4,-67.7024
1185.5,-67.6992
1185.6,-67.6959
1185.7,-67.6927
1185.8,-67.6895
1185.9,-67.6862
1186.0,-67.6830
1186.1,-67.6798
1186.2,-67.6765
1186.3,-67.6733
1186.4,-67.6701
1186.5,-67.6669
1186.6,-67.6637
1186.7,-67.6604
1186.8,-67.6572
1186.9,-67.6540
1187.0,-67.6508
1187.1,-67.6476
1187.2,-67.6443
1187.3,-67.6411
1187.4,-67.6379
1187.5,-67.6347
1187.6,-67.6315
1187.7,-67.6283
1187.8,-67.6251
1187.9,-67.6219
1188.0,-67.6187
1188.1,-67.6155
1188.2,-67.6123
1188.3,-67.6090
1188.4,-67.6058
1188.5,-67.6026
1188.6,-67.5994
1188.7,-67.5962
1188.8,-67.5930
1188.9,-67.5898
1189.0,-67.5867
1189.1,-67.5835
1189.2,-67.5803
1189.3,-67.5771
1189.4,-67.5739
1189.5,-67.5707
1189.6,-67.5675
1189.7,-67.5643
1189.8,-67.5611
1189.9,-67.5579
1190.0,-67.5548
1190.1,-67.5516
1190.2,-67.5484
1190.3,-67.5452
1190.4,-67.5420
1190.5,-67.5388
1190.6,-67.5357
1190.7,-67.5325
1190.8,-67.5293
1190.9,-67.5261
1191.0,-67.5230
1191.1,-67.5198
1191.2,-67.5166
1191.3,-67.5134
1191.4,-67.5103
1191.5,-67.5071
1191.6,-67.5039
1191.7,-67.5008
1191.8,-67.4976
1191.9,-67.4944
1192.0,-67.4913
1192.1,-67.4881
1192.2,-67.4849
1192.3,-67.4818
1192.4,-67.4786
1192.5,-67.4755
1192.6,-67.4723
1192.7,-67.4691
1192.8,-67.4660
1192.9,-67.4628
1193.0,-67.4597
1193.1,-67.4565
1193.2,-67.4534
1193.3,-67.4502
1193.4,-67.4471
1193.5,-67.4439
1193.6,-67.4408
1193.7,-67.4376
1193.8,-67.4345
1193.9,-67.4313
1194.0,-67.4282
1194.1,-67.4251
1194.2,-67.4219
1194.3,-67.4188
1194.4,-67.4156
1194.5,-67.4125
1194.6,-67.4094
1194.7,-67.4062
1194.8,-67.4031
1194.9,-67.4000
1195.0,-67.3968
1195.1,-67.3937
1195.2,-67.3906
1195.3,-67.3874
1195.4,-67.3843
1195.5,-67.3812
1195.6,-67.3780
1195.7,-67.3749
1195.8,-67.3718
1195.9,-67.3687
1196.0,-67.3656
1196.1,-67.3624
1196.2,-67.3593
1196.3,-67.3562
1196.4,-67.3531
1196.5,-67.3500
1196.6,-67.3468
1196.7,-67.3437
1196.8,-67.3406
1196.9,-67.3375
1197.0,-67.3344
1197.1,-67.3313
1197.2,-67.3282
1197.3,-67.3251
1197.4,-67.3219
1197.5,-67.3188
1197.6,-67.3157
1197.7,-67.3126
1197.8,-67.3095
1197.9,-67.3064
1198.0,-67.3033
1198.1,-67.3002
1198.2,-67.2971
1198.3,-67.2940
1198.4,-67.2909
1198.5,-67.2878
1198.6,-67.2847
1198.7,-67.2816
1198.8,-67.2785
1198.9,-67.2755
1199.0,-67.2724
1199.1,-67.2693
1199.2,-67.2662
1199.3,-67.2631
1199.4,-67.2600
1199.5,-67.2569
1199.6,-67.2538
1199.7,-67.2508
1199.8,-67.2477
1199.9,-67.2446
1200.0,-67.2415
1200.1,-67.2384
1200.2,-67.2353
1200.3,-67.2323
1200.4,-67.2292
1200.5,-67.2261
1200.6,-67.2230
1200.7,-67.2200
1200.8,-67.2169
1200.9,-67.2138
1201.0,-67.2108
1201.1,-67.2077
1201.2,-67.2046
1201.3,-67.2015
1201.4,-67.1985
1201.5,-67.1954
1201.6,-67.1924
1201.7,-67.1893
1201.8,-67.1862
1201.9,-67.1832
1202.0,-67.1801
1202.1,-67.1770
1202.2,-67.1740
1202.3,-67.1709
1202.4,-67.1679
1202.5,-67.1648
1202.6,-67.1618
1202.7,-67.1587
1202.8,-67.1557
1202.9,-67.1526
1203.0,-67.1496
1203.1,-67.1465
1203.2,-67.1435
1203.3,-67.1404
1203.4,-67.1374
1203.5,-67.1343
1203.6,-67.1313
1203.7,-67.1282
1203.8,-67.1252
1203.9,-67.1221
1204.0,-67.1191
1204.1,-67.1161
1204.2,-67.1130
1204.3,-67.1100
1204.4,-67.1070
1204.5,-67.1039
1204.6,-67.1009
1204.7,-67.0979
1204.8,-67.0948
1204.9,-67.0918
1205.0,-67.0888
1205.1,-67.0857
1205.2,-67.0827
1205.3,-67.0797
1205.4,-67.0766
1205.5,-67.0736
1205.6,-67.0706
1205.7,-67.0676
1205.8,-67.0646
1205.9,-67.0615
1206.0,-67.0585
1206.1,-67.0555
1206.2,-67.0525
1206.3,-67.0495
1206.4,-67.0464
1206.5,-67.0434
1206.6,-67.0404
1206.7,-67.0374
1206.8,-67.0344
1206.9,-67.0314
1207.0,-67.0284
1207.1,-67.0254
1207.2,-67.0224
1207.3,-67.0193
1207.4,-67.0163
1207.5,-67.0133
1207.6,-67.0103
1207.7,-67.0073
1207.8,-67.0043
1207.9,-67.0013
1208.0,-66.9983
1208.1,-66.9953
1208.2,-66.9923
1208.3,-66.9893
1208.4,-66.9863
1208.5,-66.9833
1208.6,-66.9803
1208.7,-66.9774
1208.8,-66.9744
1208.9,-66.9714
1209.0,-66.9684
1209.1,-66.9654
1209.2,-66.9624
1209.3,-66.9594
1209.4,-66.9564
1209.5,-66.9534
1209.6,-66.9505
1209.7,-66.9475
1209.8,-66.9445
1209.9,-66.9415
1210.0,-66.9385
1210.1,-66.9356
1210.2,-66.9326
1210.3,-66.9296
1210.4,-66.9266
1210.5,-66.9237
1210.6,-66.9207
1210.7,-66.9177
1210.8,-66.9147
1210.9,-66.9118
1211.0,-66.9088
1211.1,-66.9058
1211.2,-66.9029
1211.3,-66.8999
1211.4,-66.8969
1211.5,-66.8940
1211.6,-66.8910
1211.7,-66.8880
1211.8,-66.8851
1211.9,-66.8821
1212.0,-66.8791
1212.1,-66.8762
1212.2,-66.8732
1212.3,-66.8703
1212.4,-66.8673
1212.5,-66.8644
1212.6,-66.8614
1212.7,-66.8584
1212.8,-66.8555
1212.9,-66.8525
1213.0,-66.8496
1213.1,-66.8466
1213.2,-66.8437
1213.3,-66.8408
1213.4,-66.8378
1213.5,-66.8349
1213.6,-66.8319
1213.7,-66.8290
1213.8,-66.8260
1213.9,-66.8231
1214.0,-66.8201
1214.1,-66.8172
1214.2,-66.8143
1214.3,-66.8113
1214.4,-66.8084
1214.5,-66.8055
1214.6,-66.8025
1214.7,-66.7996
1214.8,-66.7967
1214.9,-66.7937
1215.0,-66.7908
1215.1,-66.7879
1215.2,-66.7849
1215.3,-66.7820
1215.4,-66.7791
1215.5,-66.7762
1215.6,-66.7732
1215.7,-66.7703
1215.8,-66.7674
1215.9,-66.7645
1216.0,-66.7615
1216.1,-66.7586
1216.2,-66.7557
1216.3,-66.7528
1216.4,-66.7499
1216.5,-66.7470
1216.6,-66.7440
1216.7,-66.7411
1216.8,-66.7382
1216.9,-66.7353
1217.0,-66.7324
1217.1,-66.7295
1217.2,-66.7266
1217.3,-66.7237
1217.4,-66.7207
1217.5,-66.7178
1217.6,-66.7149
1217.7,-66.7120
1217.8,-66.7091
1217.9,-66.7062
1218.0,-66.7033
1218.1,-66.7004
1218.2,-66.6975
1218.3,-66.6946
1218.4,-66.6917
1218.5,-66.6888
1218.6,-66.6859
1218.7,-66.6830
1218.8,-66.6801
1218.9,-66.6773
1219.0,-66.6744
1219.1,-66.6715
1219.2,-66.6686
1219.3,-66.6657
1219.4,-66.6628
1219.5,-66.6599
1219.6,-66.6570
1219.7,-66.6541
1219.8,-66.6513
1219.9,-66.6484
1220.0,-66.6455
1220.1,-66.6426
1220.2,-66.6397
1220.3,-66.6369
1220.4,-66.6340
1220.5,-66.6311
1220.6,-66.6282
1220.7,-66.6253
1220.8,-66.6225
1220.9,-66.6196
1221.0,-66.6167
1221.1,-66.6139
1221.2,-66.6110
1221.3,-66.6081
1221.4,-66.6052
1221.5,-66.6024
1221.6,-66.5995
1221.7,-66.5966
1221.8,-66.5938
1221.9,-66.5909
1222.0,-66.5881
1222.1,-66.5852
1222.2,-66.5823
1222.3,-66.5795
1222.4,-66.5766
1222.5,-66.5737
1222.6,-66.5709
1222.7,-66.5680
1222.8,-66.5652
1222.9,-66.5623
1223.0,-66.5595
1223.1,-66.5566
1223.2,-66.5538
1223.3,-66.5509
1223.4,-66.5481
1223.5,-66.5452
1223.6,-66.5424
1223.7,-66.5395
1223.8,-66.5367
1223.9,-66.5338
1224.0,-66.5310
1224.1,-66.5281
1224.2,-66.5253
1224.3,-66.5225
1224.4,-66.5196
1224.5,-66.5168
1224.6,-66.5139
1224.7,-66.5111
1224.8,-66.5083
1224.9,-66.5054
1225.0,-66.5026
1225.1,-66.4998
1225.2,-66.4969
1225.3,-66.4941
1225.4,-66.4913
1225.5,-66.4884
1225.6,-66.4856
1225.7,-66.4828
1225.8,-66.4800
1225.9,-66.4771
1226.0,-66.4743
1226.1,-66.4715
1226.2,-66.4687
1226.3,-66.4658
1226.4,-66.4630
1226.5,-66.4602
1226.6,-66.4574
1226.7,-66.4546
1226.8,-66.4517
1226.9,-66.4489
1227.0,-66.4461
1227.1,-66.4433
1227.2,-66.4405
1227.3,-66.4377
1227.4,-66.4348
1227.5,-66.4320
1227.6,-66.4292
1227.7,-66.4264
1227.8,-66.4236
1227.9,-66.4208
1228.0,-66.4180
1228.1,-66.4152
1228.2,-66.4124
1228.3,-66.4096
1228.4,-66.4068
1228.5,-66.4040
1228.6,-66.4012
1228.7,-66.3984
1228.8,-66.3956
1228.9,-66.3928
1229.0,-66.3900
1229.1,-66.3872
1229.2,-66.3844
1229.3,-66.3816
1229.4,-66.3788
1229.5,-66.3760
1229.6,-66.3732
1229.7,-66.3704
1229.8,-66.3676
1229.9,-66.3649
1230.0,-66.3621
1230.1,-66.3593
1230.2,-66.3565
1230.3,-66.3537
1230.4,-66.3509
1230.5,-66.3481
1230.6,-66.3454
1230.7,-66.3426
1230.8,-66.3398
1230.9,-66.3370
1231.0,-66.3342
1231.1,-66.3315
1231.2,-66.3287
1231.3,-66.3259
1231.4,-66.3231
1231.5,-66.3204
1231.6,-66.3176
1231.7,-66.3148
1231.8,-66.3120
1231.9,-66.3093
1232.0,-66.3065
1232.1,-66.3037
1232.2,-66.3010
1232.3,-66.2982
1232.4,-66.2954
1232.5,-66.2927
1232.6,-66.2899
1232.7,-66.2871
1232.8,-66.2844
1232.9,-66.2816
1233.0,-66.2789
1233.1,-66.2761
1233.2,-66.2733
1233.3,-66.2706
1233.4,-66.2678
1233.5,-66.2651
1233.6,-66.2623
1233.7,-66.2596
1233.8,-66.2568
1233.9,-66.2541
1234.0,-66.2513
1234.1,-66.2486
1234.2,-66.2458
1234.3,-66.2431
1234.4,-66.2403
1234.5,-66.2376
1234.6,-66.2348
1234.7,-66.2321
1234.8,-66.2293
1234.9,-66.2266
1235.0,-66.2238
1235.1,-66.2211
1235.2,-66.2184
1235.3,-66.2156
1235.4,-66.2129
1235.5,-66.2102
1235.6,-66.2074
1235.7,-66.2047
1235.8,-66.2019
1235.9,-66.1992
1236.0,-66.1965
1236.1,-66.1938
1236.2,-66.1910
1236.3,-66.1883
1236.4,-66.1856
1236.5,-66.1828
1236.6,-66.1801
1236.7,-66.1774
1236.8,-66.1747
1236.9,-66.1719
1237.0,-66.1692
1237.1,-66.1665
1237.2,-66.1638
1237.3,-66.1610
1237.4,-66.1583
1237.5,-66.1556
1237.6,-66.1529
1237.7,-66.1502
1237.8,-66.1475
1237.9,-66.1447
1238.0,-66.1420
1238.1,-66.1393
1238.2,-66.1366
1238.3,-66.1339
1238.4,-66.1312
1238.5,-66.1285
1238.6,-66.1258
1238.7,-66.1230
1238.8,-66.1203
1238.9,-66.1176
1239.0,-66.1149
1239.1,-66.1122
1239.2,-66.1095
1239.3,-66.1068
1239.4,-66.1041
1239.5,-66.1014
1239.6,-66.0987
1239.7,-66.0960
1239.8,-66.0933
1239.9,-66.0906
1240.0,-66.0879
1240.1,-66.0852
1240.2,-66.0825
1240.3,-66.0798
1240.4,-66.0771
1240.5,-66.0745
1240.6,-66.0718
1240.7,-66.0691
1240.8,-66.0664
1240.9,-66.0637
1241.0,-66.0610
1241.1,-66.0583
1241.2,-66.0556
1241.3,-66.0529
1241.4,-66.0503
1241.5,-66.0476
1241.6,-66.0449
1241.7,-66.0422
1241.8,-66.0395
1241.9,-66.0369
1242.0,-66.0342
1242.1,-66.0315
1242.2,-66.0288
1242.3,-66.0262
1242.4,-66.0235
1242.5,-66.0208
1242.6,-66.0181
1242.7,-66.0155
1242.8,-66.0128
1242.9,-66.0101
1243.0,-66.0074
1243.1,-66.0048
1243.2,-66.0021
1243.3,-65.9994
1243.4,-65.9968
1243.5,-65.9941
1243.6,-65.9914
1243.7,-65.9888
1243.8,-65.9861
1243.9,-65.9835
1244.0,-65.9808
1244.1,-65.9781
1244.2,-65.9755
1244.3,-65.9728
1244.4,-65.9702
1244.5,-65.9675
1244.6,-65.9649
1244.7,-65.9622
1244.8,-65.9595
1244.9,-65.9569
1245.0,-65.9542
1245.1,-65.9516
1245.2,-65.9489
1245.3,-65.9463
1245.4,-65.9436
1245.5,-65.9410
1245.6,-65.9383
1245.7,-65.9357
1245.8,-65.9331
1245.9,-65.9304
1246.0,-65.9278
1246.1,-65.9251
1246.2,-65.9225
1246.3,-65.9198
1246.4,-65.9172
1246.5,-65.9146
1246.6,-65.9119
1246.7,-65.9093
1246.8,-65.9067
1246.9,-65.9040
1247.0,-65.9014
1247.1,-65.8988
1247.2,-65.8961
1247.3,-65.8935
1247.4,-65.8909
1247.5,-65.8882
1247.6,-65.8856
1247.7,-65.8830
1247.8,-65.8803
1247.9,-65.8777
1248.0,-65.8751
1248.1,-65.8725
1248.2,-65.8698
1248.3,-65.8672
1248.4,-65.8646
1248.5,-65.8620
1248.6,-65.8594
1248.7,-65.8567
1248.8,-65.8541
1248.9,-65.8515
1249.0,-65.8489
1249.1,-65.8463
1249.2,-65.8437
1249.3,-65.8410
1249.4,-65.8384
1249.5,-65.8358
1249.6,-65.8332
1249.7,-65.8306
1249.8,-65.8280
1249.9,-65.8254
1250.0,-65.8228
1250.1,-65.8202
1250.2,-65.8176
1250.3,-65.8149
1250.4,-65.8123
1250.5,-65.8097
1250.6,-65.8071
1250.7,-65.8045
1250.8,-65.8019
1250.9,-65.7993
1251.0,-65.7967
1251.1,-65.7941
1251.2,-65.7915
1251.3,-65.7889
1251.4,-65.7863
1251.5,-65.7838
1251.6,-65.7812
1251.7,-65.7786
1251.8,-65.7760
1251.9,-65.7734
1252.0,-65.7708
1252.1,-65.7682
1252.2,-65.7656
1252.3,-65.7630
1252.4,-65.7604
1252.5,-65.7578
1252.6,-65.7553
1252.7,-65.7527
1252.8,-65.7501
1252.9,-65.7475
1253.0,-65.7449
1253.1,-65.7423
1253.2,-65.7398
1253.3,-65.7372
1253.4,-65.7346
1253.5,-65.7320
1253.6,-65.7295
1253.7,-65.7269
1253.8,-65.7243
1253.9,-65.7217
1254.0,-65.7192
1254.1,-65.7166
1254.2,-65.7140
1254.3,-65.7114
1254.4,-65.7089
1254.5,-65.7063
1254.6,-65.7037
1254.7,-65.7012
1254.8,-65.6986
1254.9,-65.6960
1255.0,-65.6935
1255.1,-65.6909
1255.2,-65.6883
1255.3,-65.6858
1255.4,-65.6832
1255.5,-65.6807
1255.6,-65.6781
1255.7,-65.6755
1255.8,-65.6730
1255.9,-65.6704
1256.0,-65.6679
1256.1,-65.6653
1256.2,-65.6628
1256.3,-65.6602
1256.4,-65.6576
1256.5,-65.6551
1256.6,-65.6525
1256.7,-65.6500
1256.8,-65.6474
1256.9,-65.6449
1257.0,-65.6423
1257.1,-65.6398
1257.2,-65.6373
1257.3,-65.6347
1257.4,-65.6322
1257.5,-65.6296
1257.6,-65.6271
1257.7,-65.6245
1257.8,-65.6220
1257.9,-65.6195
1258.0,-65.6169
1258.1,-65.6144
1258.2,-65.6118
1258.3,-65.6093
1258.4,-65.6068
1258.5,-65.6042
1258.6,-65.6017
1258.7,-65.5992
1258.8,-65.5966
1258.9,-65.5941
1259.0,-65.5916
1259.1,-65.5890
1259.2,-65.5865
1259.3,-65.5840
1259.4,-65.5815
1259.5,-65.5789
1259.6,-65.5764
1259.7,-65.5739
1259.8,-65.5714
1259.9,-65.5688
1260.0,-65.5663
1260.1,-65.5638
1260.2,-65.5613
1260.3,-65.5587
1260.4,-65.5562
1260.5,-65.5537
1260.6,-65.5512
1260.7,-65.5487
1260.8,-65.5462
1260.9,-65.5436
1261.0,-65.5411
1261.1,-65.5386
1261.2,-65.5361
1261.3,-65.5336
1261.4,-65.5311
1261.5,-65.5286
1261.6,-65.5261
1261.7,-65.5236
1261.8,-65.5210
1261.9,-65.5185
1262.0,-65.5160
1262.1,-65.5135
1262.2,-65.5110
1262.3,-65.5085
1262.4,-65.5060
1262.5,-65.5035
1262.6,-65.5010
1262.7,-65.4985
1262.8,-65.4960
1262.9,-65.4935
1263.0,-65.4910
1263.1,-65.4885
1263.2,-65.4860
1263.3,-65.4835
1263.4,-65.4810
1263.5,-65.4785
1263.6,-65.4761
1263.7,-65.4736
1263.8,-65.4711
1263.9,-65.4686
1264.0,-65.4661
1264.1,-65.4636
1264.2,-65.4611
1264.3,-65.4586
1264.4,-65.4561
1264.5,-65.4537
1264.6,-65.4512
1264.7,-65.4487
1264.8,-65.4462
1264.9,-65.4437
1265.0,-65.4412
1265.1,-65.4388
1265.2,-65.4363
1265.3,-65.4338
1265.4,-65.4313
1265.5,-65.4289
1265.6,-65.4264
1265.7,-65.4239
1265.8,-65.4214
1265.9,-65.4190
1266.0,-65.4165
1266.1,-65.4140
1266.2,-65.4115
1266.3,-65.4091
1266.4,-65.4066
1266.5,-65.4041
1266.6,-65.4017
1266.7,-65.3992
1266.8,-65.3967
1266.9,-65.3943
1267.0,-65.3918
1267.1,-65.3893
1267.2,-65.3869
1267.3,-65.3844
1267.4,-65.3820
1267.5,-65.3795
1267.6,-65.3770
1267.7,-65.3746
1267.8,-65.3721
1267.9,-65.3697
1268.0,-65.3672
1268.1,-65.3647
1268.2,-65.3623
1268.3,-65.3598
1268.4,-65.3574
1268.5,-65.3549
1268.6,-65.3525
1268.7,-65.3500
1268.8,-65.3476
1268.9,-65.3451
1269.0,-65.3427
1269.1,-65.3402
1269.2,-65.3378
1269.3,-65.3353
1269.4,-65.3329
1269.5,-65.3305
1269.6,-65.3280
1269.7,-65.3256
1269.8,-65.3231
1269.9,-65.3207
1270.0,-65.3183
1270.1,-65.3158
1270.2,-65.3134
1270.3,-65.3109
1270.4,-65.3085
1270.5,-65.3061
1270.6,-65.3036
1270.7,-65.3012
1270.8,-65.2988
1270.9,-65.2963
1271.0,-65.2939
1271.1,-65.2915
1271.2,-65.2890
1271.3,-65.2866
1271.4,-65.2842
1271.5,-65.2818
1271.6,-65.2793
1271.7,-65.2769
1271.8,-65.2745
1271.9,-65.2721
1272.0,-65.2696
1272.1,-65.2672
1272.2,-65.2648
1272.3,-65.2624
1272.4,-65.2599
1272.5,-65.2575
1272.6,-65.2551
1272.7,-65.2527
1272.8,-65.2503
1272.9,-65.2479
1273.0,-65.2454
1273.1,-65.2430
1273.2,-65.2406
1273.3,-65.2382
1273.4,-65.2358
1273.5,-65.2334
1273.6,-65.2310
1273.7,-65.2285
1273.8,-65.2261
1273.9,-65.2237
1274.0,-65.2213
1274.1,-65.2189
1274.2,-65.2165
1274.3,-65.2141
1274.4,-65.2117
1274.5,-65.2093
1274.6,-65.2069
1274.7,-65.2045
1274.8,-65.2021
1274.9,-65.1997
1275.0,-65.1973
1275.1,-65.1949
1275.2,-65.1925
1275.3,-65.1901
1275.4,-65.1877
1275.5,-65.1853
1275.6,-65.1829
1275.7,-65.1805
1275.8,-65.1781
1275.9,-65.1757
1276.0,-65.1733
1276.1,-65.1710
1276.2,-65.1686
1276.3,-65.1662
1276.4,-65.1638
1276.5,-65.1614
1276.6,-65.1590
1276.7,-65.1566
1276.8,-65.1542
1276.9,-65.1519
1277.0,-65.1495
1277.1,-65.1471
1277.2,-65.1447
1277.3,-65.1423
1277.4,-65.1399
1277.5,-65.1376
1277.6,-65.1352
1277.7,-65.1328
1277.8,-65.1304
1277.9,-65.1281
1278.0,-65.1257
1278.1,-65.1233
1278.2,-65.1209
1278.3,-65.1186
1278.4,-65.1162
1278.5,-65.1138
1278.6,-65.1114
1278.7,-65.1091
1278.8,-65.1067
1278.9,-65.1043
1279.0,-65.1020
1279.1,-65.0996
1279.2,-65.0972
1279.3,-65.0949
1279.4,-65.0925
1279.5,-65.0901
1279.6,-65.0878
1279.7,-65.0854
1279.8,-65.0831
1279.9,-65.0807
1280.0,-65.0783
1280.1,-65.0760
1280.2,-65.0736
1280.3,-65.0713
1280.4,-65.0689
1280.5,-65.0665
1280.6,-65.0642
1280.7,-65.0618
1280.8,-65.0595
1280.9,-65.0571
1281.0,-65.0548
1281.1,-65.0524
1281.2,-65.0501
1281.3,-65.0477
1281.4,-65.0454
1281.5,-65.0430
1281.6,-65.0407
1281.7,-65.0383
1281.8,-65.0360
1281.9,-65.0336
1282.0,-65.0313
1282.1,-65.0290
1282.2,-65.0266
1282.3,-65.0243
1282.4,-65.0219
1282.5,-65.0196
1282.6,-65.0173
1282.7,-65.0149
1282.8,-65.0126
1282.9,-65.0102
1283.0,-65.0079
1283.1,-65.0056
1283.2,-65.0032
1283.3,-65.0009
1283.4,-64.9986
1283.5,-64.9962
1283.6,-64.9939
1283.7,-64.9916
1283.8,-64.9892
1283.9,-64.9869
1284.0,-64.9846
1284.1,-64.9823
1284.2,-64.9799
1284.3,-64.9776
1284.4,-64.9753
1284.5,-64.9730
1284.6,-64.9706
1284.7,-64.9683
1284.8,-64.9660
1284.9,-64.9637
1285.0,-64.9613
1285.1,-64.9590
1285.2,-64.9567
1285.3,-64.9544
1285.4,-64.9521
1285.5,-64.9497
1285.6,-64.9474
1285.7,-64.9451
1285.8,-64.9428
1285.9,-64.9405
1286.0,-64.9382
1286.1,-64.9359
1286.2,-64.9335
1286.3,-64.9312
1286.4,-64.9289
1286.5,-64.9266
1286.6,-64.9243
1286.7,-64.9220
1286.8,-64.9197
1286.9,-64.9174
1287.0,-64.9151
1287.1,-64.9128
1287.2,-64.9105
1287.3,-64.9082
1287.4,-64.9059
1287.5,-64.9036
1287.6,-64.9013
1287.7,-64.8990
1287.8,-64.8967
1287.9,-64.8944
1288.0,-64.8921
1288.1,-64.8898
1288.2,-64.8875
1288.3,-64.8852
1288.4,-64.8829
1288.5,-64.8806
1288.6,-64.8783
1288.7,-64.8760
1288.8,-64.8737
1288.9,-64.8714
1289.0,-64.8691
1289.1,-64.8668
1289.2,-64.8646
1289.3,-64.8623
1289.4,-64.8600
1289.5,-64.8577
1289.6,-64.8554
1289.7,-64.8531
1289.8,-64.8508
1289.9,-64.8486
1290.0,-64.8463
1290.1,-64.8440
1290.2,-64.8417
1290.3,-64.8394
1290.4,-64.8372
1290.5,-64.8349
1290.6,-64.8326
1290.7,-64.8303
1290.8,-64.8280
1290.9,-64.8258
1291.0,-64.8235
1291.1,-64.8212
1291.2,-64.8189
1291.3,-64.8167
1291.4,-64.8144
1291.5,-64.8121
1291.6,-64.8099
1291.7,-64.8076
1291.8,-64.8053
1291.9,-64.8031
1292.0,-64.8008
1292.1,-64.7985
1292.2,-64.7963
1292.3,-64.7940
1292.4,-64.7917
1292.5,-64.7895
1292.6,-64.7872
1292.7,-64.7849
1292.8,-64.7827
1292.9,-64.7804
1293.0,-64.7782
1293.1,-64.7759
1293.2,-64.7736
1293.3,-64.7714
1293.4,-64.7691
1293.5,-64.7669
1293.6,-64.7646
1293.7,-64.7624
1293.8,-64.7601
1293.9,-64.7579
1294.0,-64.7556
1294.1,-64.7533
1294.2,-64.7511
1294.3,-64.7488
1294.4,-64.7466
1294.5,-64.7443
1294.6,-64.7421
1294.7,-64.7399
1294.8,-64.7376
1294.9,-64.7354
1295.0,-64.7331
1295.1,-64.7309
1295.2,-64.7286
1295.3,-64.7264
1295.4,-64.7241
1295.5,-64.7219
1295.6,-64.7197
1295.7,-64.7174
1295.8,-64.7152
1295.9,-64.7129
1296.0,-64.7107
1296.1,-64.7085
1296.2,-64.7062
1296.3,-64.7040
1296.4,-64.7018
1296.5,-64.6995
1296.6,-64.6973
1296.7,-64.6951
1296.8,-64.6928
1296.9,-64.6906
1297.0,-64.6884
1297.1,-64.6862
1297.2,-64.6839
1297.3,-64.6817
1297.4,-64.6795
1297.5,-64.6772
1297.6,-64.6750
1297.7,-64.6728
1297.8,-64.6706
1297.9,-64.6683
1298.0,-64.6661
1298.1,-64.6639
1298.2,-64.6617
1298.3,-64.6595
1298.4,-64.6572
1298.5,-64.6550
1298.6,-64.6528
1298.7,-64.6506
1298.8,-64.6484
1298.9,-64.6462
1299.0,-64.6439
1299.1,-64.6417
1299.2,-64.6395
1299.3,-64.6373
1299.4,-64.6351
1299.5,-64.6329
1299.6,-64.6307
1299.7,-64.6285
1299.8,-64.6262
1299.9,-64.6240
1300.0,-64.6218
1300.1,-64.6196
1300.2,-64.6174
1300.3,-64.6152
1300.4,-64.6130
1300.5,-64.6108
1300.6,-64.6086
1300.7,-64.6064
1300.8,-64.6042
1300.9,-64.6020
1301.0,-64.5998
1301.1,-64.5976
1301.2,-64.5954
1301.3,-64.5932
1301.4,-64.5910
1301.5,-64.5888
1301.6,-64.5866
1301.7,-64.5844
1301.8,-64.5822
1301.9,-64.5800
1302.0,-64.5778
1302.1,-64.5756
1302.2,-64.5734
1302.3,-64.5713
1302.4,-64.5691
1302.5,-64.5669
1302.6,-64.5647
1302.7,-64.5625
1302.8,-64.5603
1302.9,-64.5581
1303.0,-64.5559
1303.1,-64.5538
1303.2,-64.5516
1303.3,-64.5494
1303.4,-64.5472
1303.5,-64.5450
1303.6,-64.5428
1303.7,-64.5407
1303.8,-64.5385
1303.9,-64.5363
1304.0,-64.5341
1304.1,-64.5319
1304.2,-64.5298
1304.3,-64.5276
1304.4,-64.5254
1304.5,-64.5232
1304.6,-64.5211
1304.7,-64.5189
1304.8,-64.5167
1304.9,-64.5146
1305.0,-64.5124
1305.1,-64.5102
1305.2,-64.5080
1305.3,-64.5059
1305.4,-64.5037
1305.5,-64.5015
1305.6,-64.4994
1305.7,-64.4972
1305.8,-64.4950
1305.9,-64.4929
1306.0,-64.4907
1306.1,-64.4885
1306.2,-64.4864
1306.3,-64.4842
1306.4,-64.4821
1306.5,-64.4799
1306.6,-64.4777
1306.7,-64.4756
1306.8,-64.4734
1306.9,-64.4713
1307.0,-64.4691
1307.1,-64.4670
1307.2,-64.4648
1307.3,-64.4626
1307.4,-64.4605
1307.5,-64.4583
1307.6,-64.4562
1307.7,-64.4540
1307.8,-64.4519
1307.9,-64.4497
1308.0,-64.4476
1308.1,-64.4454
1308.2,-64.4433
1308.3,-64.4411
1308.4,-64.4390
1308.5,-64.4368
1308.6,-64.4347
1308.7,-64.4326
1308.8,-64.4304
1308.9,-64.4283
1309.0,-64.4261
1309.1,-64.4240
1309.2,-64.4218
1309.3,-64.4197
1309.4,-64.4176
1309.5,-64.4154
1309.6,-64.4133
1309.7,-64.4111
1309.8,-64.4090
1309.9,-64.4069
1310.0,-64.4047
1310.1,-64.4026
1310.2,-64.4005
1310.3,-64.3983
1310.4,-64.3962
1310.5,-64.3941
1310.6,-64.3919
1310.7,-64.3898
1310.8,-64.3877
1310.9,-64.3856
1311.0,-64.3834
1311.1,-64.3813
1311.2,-64.3792
1311.3,-64.3770
1311.4,-64.3749
1311.5,-64.3728
1311.6,-64.3707
1311.7,-64.3685
1311.8,-64.3664
1311.9,-64.3643
1312.0,-64.3622
1312.1,-64.3601
1312.2,-64.3579
1312.3,-64.3558
1312.4,-64.3537
1312.5,-64.3516
1312.6,-64.3495
1312.7,-64.3474
1312.8,-64.3452
1312.9,-64.3431
1313.0,-64.3410
1313.1,-64.3389
1313.2,-64.3368
1313.3,-64.3347
1313.4,-64.3326
1313.5,-64.3305
1313.6,-64.3283
1313.7,-64.3262
1313.8,-64.3241
1313.9,-64.3220
1314.0,-64.3199
1314.1,-64.3178
1314.2,-64.3157
1314.3,-64.3136
1314.4,-64.3115
1314.5,-64.3094
1314.6,-64.3073
1314.7,-64.3052
1314.8,-64.3031
1314.9,-64.3010
1315.0,-64.2989
1315.1,-64.2968
1315.2,-64.2947
1315.3,-64.2926
1315.4,-64.2905
1315.5,-64.2884
1315.6,-64.2863
1315.7,-64.2842
1315.8,-64.2821
1315.9,-64.2800
1316.0,-64.2779
1316.1,-64.2758
1316.2,-64.2737
1316.3,-64.2716
1316.4,-64.2696
1316.5,-64.2675
1316.6,-64.2654
1316.7,-64.2633
1316.8,-64.2612
1316.9,-64.2591
1317.0,-64.2570
1317.1,-64.2549
1317.2,-64.2529
1317.3,-64.2508
1317.4,-64.2487
1317.5,-64.2466
1317.6,-64.2445
1317.7,-64.2424
1317.8,-64.2404
1317.9,-64.2383
1318.0,-64.2362
1318.1,-64.2341
1318.2,-64.2320
1318.3,-64.2300
1318.4,-64.2279
1318.5,-64.2258
1318.6,-64.2237
1318.7,-64.2217
1318.8,-64.2196
1318.9,-64.2175
1319.0,-64.2155
1319.1,-64.2134
1319.2,-64.2113
1319.3,-64.2092
1319.4,-64.2072
1319.5,-64.2051
1319.6,-64.2030
1319.7,-64.2010
1319.8,-64.1989
1319.9,-64.1968
1320.0,-64.1948
1320.1,-64.1927
1320.2,-64.1906
1320.3,-64.1886
1320.4,-64.1865
1320.5,-64.1845
1320.6,-64.1824
1320.7,-64.1803
1320.8,-64.1783
1320.9,-64.1762
1321.0,-64.1742
1321.1,-64.1721
1321.2,-64.1700
1321.3,-64.1680
1321.4,-64.1659
1321.5,-64.1639
1321.6,-64.1618
1321.7,-64.1598
1321.8,-64.1577
1321.9,-64.1557
1322.0,-64.1536
1322.1,-64.1516
1322.2,-64.1495
1322.3,-64.1475
1322.4,-64.1454
1322.5,-64.1434
1322.6,-64.1413
1322.7,-64.1393
1322.8,-64.1372
1322.9,-64.1352
1323.0,-64.1331
1323.1,-64.1311
1323.2,-64.1290
1323.3,-64.1270
1323.4,-64.1250
1323.5,-64.1229
1323.6,-64.1209
1323.7,-64.1188
1323.8,-64.1168
1323.9,-64.1148
1324.0,-64.1127
1324.1,-64.1107
1324.2,-64.1086
1324.3,-64.1066
1324.4,-64.1046
1324.5,-64.1025
1324.6,-64.1005
1324.7,-64.0985
1324.8,-64.0964
1324.9,-64.0944
1325.0,-64.0924
1325.1,-64.0903
1325.2,-64.0883
1325.3,-64.0863
1325.4,-64.0843
1325.5,-64.0822
1325.6,-64.0802
1325.7,-64.0782
1325.8,-64.0762
1325.9,-64.0741
1326.0,-64.0721
1326.1,-64.0701
1326.2,-64.0681
1326.3,-64.0660
1326.4,-64.0640
1326.5,-64.0620
1326.6,-64.0600
1326.7,-64.0580
1326.8,-64.0559
1326.9,-64.0539
1327.0,-64.0519
1327.1,-64.0499
1327.2,-64.0479
1327.3,-64.0458
1327.4,-64.0438
1327.5,-64.0418
1327.6,-64.0398
1327.7,-64.0378
1327.8,-64.0358
1327.9,-64.0338
1328.0,-64.0318
1328.1,-64.0297
1328.2,-64.0277
1328.3,-64.0257
1328.4,-64.0237
1328.5,-64.0217
1328.6,-64.0197
1328.7,-64.0177
1328.8,-64.0157
1328.9,-64.0137
1329.0,-64.0117
1329.1,-64.0097
1329.2,-64.0077
1329.3,-64.0057
1329.4,-64.0037
1329.5,-64.0017
1329.6,-63.9997
1329.7,-63.9977
1329.8,-63.9957
1329.9,-63.9937
1330.0,-63.9917
1330.1,-63.9897
1330.2,-63.9877
1330.3,-63.9857
1330.4,-63.9837
1330.5,-63.9817
1330.6,-63.9797
1330.7,-63.9777
1330.8,-63.9757
1330.9,-63.9737
1331.0,-63.9717
1331.1,-63.9698
1331.2,-63.9678
1331.3,-63.9658
1331.4,-63.9638
1331.5,-63.9618
1331.6,-63.9598
1331.7,-63.9578
1331.8,-63.9558
1331.9,-63.9539
1332.0,-63.9519
1332.1,-63.9499
1332.2,-63.9479
1332.3,-63.9459
1332.4,-63.9439
1332.5,-63.9420
1332.6,-63.9400
1332.7,-63.9380
1332.8,-63.9360
1332.9,-63.9340
1333.0,-63.9321
1333.1,-63.9301
1333.2,-63.9281
1333.3,-63.9261
1333.4,-63.9242
1333.5,-63.9222
1333.6,-63.9202
1333.7,-63.9182
1333.8,-63.9163
1333.9,-63.9143
1334.0,-63.9123
1334.1,-63.9104
1334.2,-63.9084
1334.3,-63.9064
1334.4,-63.9044
1334.5,-63.9025
1334.6,-63.9005
1334.7,-63.8985
1334.8,-63.8966
1334.9,-63.8946
1335.0,-63.8926
1335.1,-63.8907
1335.2,-63.8887
1335.3,-63.8868
1335.4,-63.8848
1335.5,-63.8828
1335.6,-63.8809
1335.7,-63.8789
1335.8,-63.8770
1335.9,-63.8750
1336.0,-63.8730
1336.1,-63.8711
1336.2,-63.8691
1336.3,-63.8672
1336.4,-63.8652
1336.5,-63.8633
1336.6,-63.8613
1336.7,-63.8593
1336.8,-63.8574
1336.9,-63.8554
1337.0,-63.8535
1337.1,-63.8515
1337.2,-63.8496
1337.3,-63.8476
1337.4,-63.8457
1337.5,-63.8437
1337.6,-63.8418
1337.7,-63.8398
1337.8,-63.8379
1337.9,-63.8360
1338.0,-63.8340
1338.1,-63.8321
1338.2,-63.8301
1338.3,-63.8282
1338.4,-63.8262
1338.5,-63.8243
1338.6,-63.8224
1338.7,-63.8204
1338.8,-63.8185
1338.9,-63.8165
1339.0,-63.8146
1339.1,-63.8127
1339.2,-63.8107
1339.3,-63.8088
1339.4,-63.8069
1339.5,-63.8049
1339.6,-63.8030
1339.7,-63.8010
1339.8,-63.7991
1339.9,-63.7972
1340.0,-63.7952
1340.1,-63.7933
1340.2,-63.7914
1340.3,-63.7895
1340.4,-63.7875
1340.5,-63.7856
1340.6,-63.7837
1340.7,-63.7817
1340.8,-63.7798
1340.9,-63.7779
1341.0,-63.7760
1341.1,-63.7740
1341.2,-63.7721
1341.3,-63.7702
1341.4,-63.7683
1341.5,-63.7663
1341.6,-63.7644
1341.7,-63.7625
1341.8,-63.7606
1341.9,-63.7587
1342.0,-63.7567
1342.1,-63.7548
1342.2,-63.7529
1342.3,-63.7510
1342.4,-63.7491
1342.5,-63.7472
1342.6,-63.7452
1342.7,-63.7433
1342.8,-63.7414
1342.9,-63.7395
1343.0,-63.7376
1343.1,-63.7357
1343.2,-63.7338
1343.3,-63.7319
1343.4,-63.7299
1343.5,-63.7280
1343.6,-63.7261
1343.7,-63.7242
1343.8,-63.7223
1343.9,-63.7204
1344.0,-63.7185
1344.1,-63.7166
1344.2,-63.7147
1344.3,-63.7128
1344.4,-63.7109
1344.5,-63.7090
1344.6,-63.7071
1344.7,-63.7052
1344.8,-63.7033
1344.9,-63.7014
1345.0,-63.6995
1345.1,-63.6976
1345.2,-63.6957
1345.3,-63.6938
1345.4,-63.6919
1345.5,-63.6900
1345.6,-63.6881
1345.7,-63.6862
1345.8,-63.6843
1345.9,-63.6824
1346.0,-63.6805
1346.1,-63.6786
1346.2,-63.6767
1346.3,-63.6748
1346.4,-63.6729
1346.5,-63.6710
1346.6,-63.6691
1346.7,-63.6673
1346.8,-63.6654
1346.9,-63.6635
1347.0,-63.6616
1347.1,-63.6597
1347.2,-63.6578
1347.3,-63.6559
1347.4,-63.6540
1347.5,-63.6522
1347.6,-63.6503
1347.7,-63.6484
1347.8,-63.6465
1347.9,-63.6446
1348.0,-63.6428
1348.1,-63.6409
1348.2,-63.6390
1348.3,-63.6371
1348.4,-63.6352
1348.5,-63.6334
1348.6,-63.6315
1348.7,-63.6296
1348.8,-63.6277
1348.9,-63.6258
1349.0,-63.6240
1349.1,-63.6221
1349.2,-63.6202
1349.3,-63.6184
1349.4,-63.6165
1349.5,-63.6146
1349.6,-63.6127
1349.7,-63.6109
1349.8,-63.6090
1349.9,-63.6071
1350.0,-63.6053
1350.1,-63.6034
1350.2,-63.6015
1350.3,-63.5997
1350.4,-63.5978
1350.5,-63.5959
1350.6,-63.5941
1350.7,-63.5922
1350.8,-63.5903
1350.9,-63.5885
1351.0,-63.5866
1351.1,-63.5847
1351.2,-63.5829
1351.3,-63.5810
1351.4,-63.5792
1351.5,-63.5773
1351.6,-63.5754
1351.7,-63.5736
1351.8,-63.5717
1351.9,-63.5699
1352.0,-63.5680
1352.1,-63.5662
1352.2,-63.5643
1352.3,-63.5624
1352.4,-63.5606
1352.5,-63.5587
1352.6,-63.5569
1352.7,-63.5550
1352.8,-63.5532
1352.9,-63.5513
1353.0,-63.5495
1353.1,-63.5476
1353.2,-63.5458
1353.3,-63.5439
1353.4,-63.5421
1353.5,-63.5402
1353.6,-63.5384
1353.7,-63.5366
1353.8,-63.5347
1353.9,-63.5329
1354.0,-63.5310
1354.1,-63.5292
1354.2,-63.5273
1354.3,-63.5255
1354.4,-63.5236
1354.5,-63.5218
1354.6,-63.5200
1354.7,-63.5181
1354.8,-63.5163
1354.9,-63.5144
1355.0,-63.5126
1355.1,-63.5108
1355.2,-63.5089
1355.3,-63.5071
1355.4,-63.5053
1355.5,-63.5034
1355.6,-63.5016
1355.7,-63.4998
1355.8,-63.4979
1355.9,-63.4961
1356.0,-63.4943
1356.1,-63.4924
1356.2,-63.4906
1356.3,-63.4888
1356.4,-63.4869
1356.5,-63.4851
1356.6,-63.4833
1356.7,-63.4815
1356.8,-63.4796
1356.9,-63.4778
1357.0,-63.4760
1357.1,-63.4742
1357.2,-63.4723
1357.3,-63.4705
1357.4,-63.4687
1357.5,-63.4669
1357.6,-63.4650
1357.7,-63.4632
1357.8,-63.4614
1357.9,-63.4596
1358.0,-63.4578
1358.1,-63.4559
1358.2,-63.4541
1358.3,-63.4523
1358.4,-63.4505
1358.5,-63.4487
1358.6,-63.4469
1358.7,-63.4450
1358.8,-63.4432
1358.9,-63.4414
1359.0,-63.4396
1359.1,-63.4378
1359.2,-63.4360
1359.3,-63.4342
1359.4,-63.4323
1359.5,-63.4305
1359.6,-63.4287
1359.7,-63.4269
1359.8,-63.4251
1359.9,-63.4233
1360.0,-63.4215
1360.1,-63.4197
1360.2,-63.4179
1360.3,-63.4161
1360.4,-63.4143
1360.5,-63.4125
1360.6,-63.4107
1360.7,-63.4089
1360.8,-63.4071
1360.9,-63.4053
1361.0,-63.4035
1361.1,-63.4017
1361.2,-63.3999
1361.3,-63.3981
1361.4,-63.3963
1361.5,-63.3945
1361.6,-63.3927
1361.7,-63.3909
1361.8,-63.3891
1361.9,-63.3873
1362.0,-63.3855
1362.1,-63.3837
1362.2,-63.3819
1362.3,-63.3801
1362.4,-63.3783
1362.5,-63.3765
1362.6,-63.3747
1362.7,-63.3729
1362.8,-63.3711
1362.9,-63.3693
1363.0,-63.3676
1363.1,-63.3658
1363.2,-63.3640
1363.3,-63.3622
1363.4,-63.3604
1363.5,-63.3586
1363.6,-63.3568
1363.7,-63.3550
1363.8,-63.3533
1363.9,-63.3515
1364.0,-63.3497
1364.1,-63.3479
1364.2,-63.3461
1364.3,-63.3443
1364.4,-63.3426
1364.5,-63.3408
1364.6,-63.3390
1364.7,-63.3372
1364.8,-63.3354
1364.9,-63.3337
1365.0,-63.3319
1365.1,-63.3301
1365.2,-63.3283
1365.3,-63.3266
1365.4,-63.3248
1365.5,-63.3230
1365.6,-63.3212
1365.7,-63.3195
1365.8,-63.3177
1365.9,-63.3159
1366.0,-63.3141
1366.1,-63.3124
1366.2,-63.3106
1366.3,-63.3088
1366.4,-63.3071
1366.5,-63.3053
1366.6,-63.3035
1366.7,-63.3018
1366.8,-63.3000
1366.9,-63.2982
1367.0,-63.2965
1367.1,-63.2947
1367.2,-63.2929
1367.3,-63.2912
1367.4,-63.2894
1367.5,-63.2876
1367.6,-63.2859
1367.7,-63.2841
1367.8,-63.2824
1367.9,-63.2806
1368.0,-63.2788
1368.1,-63.2771
1368.2,-63.2753
1368.3,-63.2736
1368.4,-63.2718
1368.5,-63.2700
1368.6,-63.2683
1368.7,-63.2665
1368.8,-63.2648
1368.9,-63.2630
1369.0,-63.2613
1369.1,-63.2595
1369.2,-63.2578
1369.3,-63.2560
1369.4,-63.2543
1369.5,-63.2525
1369.6,-63.2508
1369.7,-63.2490
1369.8,-63.2473
1369.9,-63.2455
1370.0,-63.2438
1370.1,-63.2420
1370.2,-63.2403
1370.3,-63.2385
1370.4,-63.2368
1370.5,-63.2350
1370.6,-63.2333
1370.7,-63.2315
1370.8,-63.2298
1370.9,-63.2281
1371.0,-63.2263
1371.1,-63.2246
1371.2,-63.2228
1371.3,-63.2211
1371.4,-63.2193
1371.5,-63.2176
1371.6,-63.2159
1371.7,-63.2141
1371.8,-63.2124
1371.9,-63.2107
1372.0,-63.2089
1372.1,-63.2072
1372.2,-63.2054
1372.3,-63.2037
1372.4,-63.2020
1372.5,-63.2002
1372.6,-63.1985
1372.7,-63.1968
1372.8,-63.1950
1372.9,-63.1933
1373.0,-63.1916
1373.1,-63.1899
1373.2,-63.1881
1373.3,-63.1864
1373.4,-63.1847
1373.5,-63.1829
1373.6,-63.1812
1373.7,-63.1795
1373.8,-63.1778
1373.9,-63.1760
1374.0,-63.1743
1374.1,-63.1726
1374.2,-63.1709
1374.3,-63.1691
1374.4,-63.1674
1374.5,-63.1657
1374.6,-63.1640
1374.7,-63.1622
1374.8,-63.1605
1374.9,-63.1588
1375.0,-63.1571
1375.1,-63.1554
1375.2,-63.1536
1375.3,-63.1519
1375.4,-63.1502
1375.5,-63.1485
1375.6,-63.1468
1375.7,-63.1451
1375.8,-63.1434
1375.9,-63.1416
1376.0,-63.1399
1376.1,-63.1382
1376.2,-63.1365
1376.3,-63.1348
1376.4,-63.1331
1376.5,-63.1314
1376.6,-63.1297
1376.7,-63.1279
1376.8,-63.1262
1376.9,-63.1245
1377.0,-63.1228
1377.1,-63.1211
1377.2,-63.1194
1377.3,-63.1177
1377.4,-63.1160
1377.5,-63.1143
1377.6,-63.1126
1377.7,-63.1109
1377.8,-63.1092
1377.9,-63.1075
1378.0,-63.1058
1378.1,-63.1041
1378.2,-63.1024
1378.3,-63.1007
1378.4,-63.0990
1378.5,-63.0973
1378.6,-63.0956
1378.7,-63.0939
1378.8,-63.0922
1378.9,-63.0905
1379.0,-63.0888
1379.1,-63.0871
1379.2,-63.0854
1379.3,-63.0837
1379.4,-63.0820
1379.5,-63.0803
1379.6,-63.0786
1379.7,-63.0769
1379.8,-63.0752
1379.9,-63.0735
1380.0,-63.0718
1380.1,-63.0702
1380.2,-63.0685
1380.3,-63.0668
1380.4,-63.0651
1380.5,-63.0634
1380.6,-63.0617
1380.7,-63.0600
1380.8,-63.0583
1380.9,-63.0567
1381.0,-63.0550
1381.1,-63.0533
1381.2,-63.0516
1381.3,-63.0499
1381.4,-63.0482
1381.5,-63.0466
1381.6,-63.0449
1381.7,-63.0432
1381.8,-63.0415
1381.9,-63.0398
1382.0,-63.0381
1382.1,-63.0365
1382.2,-63.0348
1382.3,-63.0331
1382.4,-63.0314
1382.5,-63.0298
1382.6,-63.0281
1382.7,-63.0264
1382.8,-63.0247
1382.9,-63.0231
1383.0,-63.0214
1383.1,-63.0197
1383.2,-63.0180
1383.3,-63.0164
1383.4,-63.0147
1383.5,-63.0130
1383.6,-63.0113
1383.7,-63.0097
1383.8,-63.0080
1383.9,-63.0063
1384.0,-63.0047
1384.1,-63.0030
1384.2,-63.0013
1384.3,-62.9997
1384.4,-62.9980
1384.5,-62.9963
1384.6,-62.9947
1384.7,-62.9930
1384.8,-62.9913
1384.9,-62.9897
1385.0,-62.9880
1385.1,-62.9864
1385.2,-62.9847
1385.3,-62.9830
1385.4,-62.9814
1385.5,-62.9797
1385.6,-62.9781
1385.7,-62.9764
1385.8,-62.9747
1385.9,-62.9731
1386.0,-62.9714
1386.1,-62.9698
1386.2,-62.9681
1386.3,-62.9664
1386.4,-62.9648
1386.5,-62.9631
1386.6,-62.9615
1386.7,-62.9598
1386.8,-62.9582
1386.9,-62.9565
1387.0,-62.9549
1387.1,-62.9532
1387.2,-62.9516
1387.3,-62.9499
1387.4,-62.9483
1387.5,-62.9466
1387.6,-62.9450
1387.7,-62.9433
1387.8,-62.9417
1387.9,-62.9400
1388.0,-62.9384
1388.1,-62.9367
1388.2,-62.9351
1388.3,-62.9334
1388.4,-62.9318
1388.5,-62.9302
1388.6,-62.9285
1388.7,-62.9269
1388.8,-62.9252
1388.9,-62.9236
1389.0,-62.9220
1389.1,-62.9203
1389.2,-62.9187
1389.3,-62.9170
1389.4,-62.9154
1389.5,-62.9138
1389.6,-62.9121
1389.7,-62.9105
1389.8,-62.9088
1389.9,-62.9072
1390.0,-62.9056
1390.1,-62.9039
1390.2,-62.9023
1390.3,-62.9007
1390.4,-62.8990
1390.5,-62.8974
1390.6,-62.8958
1390.7,-62.8941
1390.8,-62.8925
1390.9,-62.8909
1391.0,-62.8892
1391.1,-62.8876
1391.2,-62.8860
1391.3,-62.8844
1391.4,-62.8827
1391.5,-62.8811
1391.6,-62.8795
1391.7,-62.8779
1391.8,-62.8762
1391.9,-62.8746
1392.0,-62.8730
1392.1,-62.8714
1392.2,-62.8697
1392.3,-62.8681
1392.4,-62.8665
1392.5,-62.8649
1392.6,-62.8632
1392.7,-62.8616
1392.8,-62.8600
1392.9,-62.8584
1393.0,-62.8568
1393.1,-62.8551
1393.2,-62.8535
1393.3,-62.8519
1393.4,-62.8503
1393.5,-62.8487
1393.6,-62.8471
1393.7,-62.8454
1393.8,-62.8438
1393.9,-62.8422
1394.0,-62.8406
1394.1,-62.8390
1394.2,-62.8374
1394.3,-62.8358
1394.4,-62.8341
1394.5,-62.8325
1394.6,-62.8309
1394.7,-62.8293
1394.8,-62.8277
1394.9,-62.8261
1395.0,-62.8245
1395.1,-62.8229
1395.2,-62.8213
1395.3,-62.8197
1395.4,-62.8181
1395.5,-62.8165
1395.6,-62.8149
1395.7,-62.8132
1395.8,-62.8116
1395.9,-62.8100
1396.0,-62.8084
1396.1,-62.8068
1396.2,-62.8052
1396.3,-62.8036
1396.4,-62.8020
1396.5,-62.8004
1396.6,-62.7988
1396.7,-62.7972
1396.8,-62.7956
1396.9,-62.7940
1397.0,-62.7924
1397.1,-62.7908
1397.2,-62.7892
1397.3,-62.7876
1397.4,-62.7860
1397.5,-62.7845
1397.6,-62.7829
1397.7,-62.7813
1397.8,-62.7797
1397.9,-62.7781
1398.0,-62.7765
1398.1,-62.7749
1398.2,-62.7733
1398.3,-62.7717
1398.4,-62.7701
1398.5,-62.7685
1398.6,-62.7669
1398.7,-62.7654
1398.8,-62.7638
1398.9,-62.7622
1399.0,-62.7606
1399.1,-62.7590
1399.2,-62.7574
1399.3,-62.7558
1399.4,-62.7542
1399.5,-62.7527
1399.6,-62.7511
1399.7,-62.7495
1399.8,-62.7479
1399.9,-62.7463
1400.0,-62.7447
1400.1,-62.7432
1400.2,-62.7416
1400.3,-62.7400
1400.4,-62.7384
1400.5,-62.7368
1400.6,-62.7353
1400.7,-62.7337
1400.8,-62.7321
1400.9,-62.7305
1401.0,-62.7290
1401.1,-62.7274
1401.2,-62.7258
1401.3,-62.7242
1401.4,-62.7227
1401.5,-62.7211
1401.6,-62.7195
1401.7,-62.7179
1401.8,-62.7164
1401.9,-62.7148
1402.0,-62.7132
1402.1,-62.7117
1402.2,-62.7101
1402.3,-62.7085
1402.4,-62.7069
1402.5,-62.7054
1402.6,-62.7038
1402.7,-62.7022
1402.8,-62.7007
1402.9,-62.6991
1403.0,-62.6975
1403.1,-62.6960
1403.2,-62.6944
1403.3,-62.6928
1403.4,-62.6913
1403.5,-62.6897
1403.6,-62.6882
1403.7,-62.6866
1403.8,-62.6850
1403.9,-62.6835
1404.0,-62.6819
1404.1,-62.6803
1404.2,-62.6788
1404.3,-62.6772
1404.4,-62.6757
1404.5,-62.6741
1404.6,-62.6726
1404.7,-62.6710
1404.8,-62.6694
1404.9,-62.6679
1405.0,-62.6663
1405.1,-62.6648
1405.2,-62.6632
1405.3,-62.6617
1405.4,-62.6601
1405.5,-62.6586
1405.6,-62.6570
1405.7,-62.6554
1405.8,-62.6539
1405.9,-62.6523
1406.0,-62.6508
1406.1,-62.6492
1406.2,-62.6477
1406.3,-62.6461
1406.4,-62.6446
1406.5,-62.6431
1406.6,-62.6415
1406.7,-62.6400
1406.8,-62.6384
1406.9,-62.6369
1407.0,-62.6353
1407.1,-62.6338
1407.2,-62.6322
1407.3,-62.6307
1407.4,-62.6291
1407.5,-62.6276
1407.6,-62.6261
1407.7,-62.6245
1407.8,-62.6230
1407.9,-62.6214
1408.0,-62.6199
1408.1,-62.6184
1408.2,-62.6168
1408.3,-62.6153
1408.4,-62.6137
1408.5,-62.6122
1408.6,-62.6107
1408.7,-62.6091
1408.8,-62.6076
1408.9,-62.6061
1409.0,-62.6045
1409.1,-62.6030
1409.2,-62.6015
1409.3,-62.5999
1409.4,-62.5984
1409.5,-62.5969
1409.6,-62.5953
1409.7,-62.5938
1409.8,-62.5923
1409.9,-62.5907
1410.0,-62.5892
1410.1,-62.5877
1410.2,-62.5861
1410.3,-62.5846
1410.4,-62.5831
1410.5,-62.5816
1410.6,-62.5800
1410.7,-62.5785
1410.8,-62.5770
1410.9,-62.5755
1411.0,-62.5739
1411.1,-62.5724
1411.2,-62.5709
1411.3,-62.5694
1411.4,-62.5678
1411.5,-62.5663
1411.6,-62.5648
1411.7,-62.5633
1411.8,-62.5617
1411.9,-62.5602
1412.0,-62.5587
1412.1,-62.5572
1412.2,-62.5557
1412.3,-62.5541
1412.4,-62.5526
1412.5,-62.5511
1412.6,-62.5496
1412.7,-62.5481
1412.8,-62.5466
1412.9,-62.5450
1413.0,-62.5435
1413.1,-62.5420
1413.2,-62.5405
1413.3,-62.5390
1413.4,-62.5375
1413.5,-62.5360
1413.6,-62.5345
1413.7,-62.5329
1413.8,-62.5314
1413.9,-62.5299
1414.0,-62.5284
1414.1,-62.5269
1414.2,-62.5254
1414.3,-62.5239
1414.4,-62.5224
1414.5,-62.5209
1414.6,-62.5194
1414.7,-62.5179
1414.8,-62.5164
1414.9,-62.5148
1415.0,-62.5133
1415.1,-62.5118
1415.2,-62.5103
1415.3,-62.5088
1415.4,-62.5073
1415.5,-62.5058
1415.6,-62.5043
1415.7,-62.5028
1415.8,-62.5013
1415.9,-62.4998
1416.0,-62.4983
1416.1,-62.4968
1416.2,-62.4953
1416.3,-62.4938
1416.4,-62.4923
1416.5,-62.4908
1416.6,-62.4893
1416.7,-62.4878
1416.8,-62.4863
1416.9,-62.4849
1417.0,-62.4834
1417.1,-62.4819
1417.2,-62.4804
1417.3,-62.4789
1417.4,-62.4774
1417.5,-62.4759
1417.6,-62.4744
1417.7,-62.4729
1417.8,-62.4714
1417.9,-62.4699
1418.0,-62.4684
1418.1,-62.4669
1418.2,-62.4655
1418.3,-62.4640
1418.4,-62.4625
1418.5,-62.4610
1418.6,-62.4595
1418.7,-62.4580
1418.8,-62.4565
1418.9,-62.4551
1419.0,-62.4536
1419.1,-62.4521
1419.2,-62.4506
1419.3,-62.4491
1419.4,-62.4476
1419.5,-62.4461
1419.6,-62.4447
1419.7,-62.4432
1419.8,-62.4417
1419.9,-62.4402
1420.0,-62.4387
1420.1,-62.4373
1420.2,-62.4358
1420.3,-62.4343
1420.4,-62.4328
1420.5,-62.4314
1420.6,-62.4299
1420.7,-62.4284
1420.8,-62.4269
1420.9,-62.4254
1421.0,-62.4240
1421.1,-62.4225
1421.2,-62.4210
1421.3,-62.4196
1421.4,-62.4181
1421.5,-62.4166
1421.6,-62.4151
1421.7,-62.4137
1421.8,-62.4122
1421.9,-62.4107
1422.0,-62.4093
1422.1,-62.4078
1422.2,-62.4063
1422.3,-62.4048
1422.4,-62.4034
1422.5,-62.4019
1422.6,-62.4004
1422.7,-62.3990
1422.8,-62.3975
1422.9,-62.3960
1423.0,-62.3946
1423.1,-62.3931
1423.2,-62.3917
1423.3,-62.3902
1423.4,-62.3887
1423.5,-62.3873
1423.6,-62.3858
1423.7,-62.3843
1423.8,-62.3829
1423.9,-62.3814
1424.0,-62.3800
1424.1,-62.3785
1424.2,-62.3770
1424.3,-62.3756
1424.4,-62.3741
1424.5,-62.3727
1424.6,-62.3712
1424.7,-62.3697
1424.8,-62.3683
1424.9,-62.3668
1425.0,-62.3654
1425.1,-62.3639
1425.2,-62.3625
1425.3,-62.3610
1425.4,-62.3596
1425.5,-62.3581
1425.6,-62.3567
1425.7,-62.3552
1425.8,-62.3538
1425.9,-62.3523
1426.0,-62.3509
1426.1,-62.3494
1426.2,-62.3480
1426.3,-62.3465
1426.4,-62.3451
1426.5,-62.3436
1426.6,-62.3422
1426.7,-62.3407
1426.8,-62.3393
1426.9,-62.3378
1427.0,-62.3364
1427.1,-62.3349
1427.2,-62.3335
1427.3,-62.3320
1427.4,-62.3306
1427.5,-62.3292
1427.6,-62.3277
1427.7,-62.3263
1427.8,-62.3248
1427.9,-62.3234
1428.0,-62.3219
1428.1,-62.3205
1428.2,-62.3191
1428.3,-62.3176
1428.4,-62.3162
1428.5,-62.3147
1428.6,-62.3133
1428.7,-62.3119
1428.8,-62.3104
1428.9,-62.3090
1429.0,-62.3076
1429.1,-62.3061
1429.2,-62.3047
1429.3,-62.3033
1429.4,-62.3018
1429.5,-62.3004
1429.6,-62.2990
1429.7,-62.2975
1429.8,-62.2961
1429.9,-62.2947
1430.0,-62.2932
1430.1,-62.2918
1430.2,-62.2904
1430.3,-62.2889
1430.4,-62.2875
1430.5,-62.2861
1430.6,-62.2846
1430.7,-62.2832
1430.8,-62.2818
1430.9,-62.2804
1431.0,-62.2789
1431.1,-62.2775
1431.2,-62.2761
1431.3,-62.2747
1431.4,-62.2732
1431.5,-62.2718
1431.6,-62.2704
1431.7,-62.2690
1431.8,-62.2675
1431.9,-62.2661
1432.0,-62.2647
1432.1,-62.2633
1432.2,-62.2619
1432.3,-62.2604
1432.4,-62.2590
1432.5,-62.2576
1432.6,-62.2562
1432.7,-62.2548
1432.8,-62.2533
1432.9,-62.2519
1433.0,-62.2505
1433.1,-62.2491
1433.2,-62.2477
1433.3,-62.2463
1433.4,-62.2448
1433.5,-62.2434
1433.6,-62.2420
1433.7,-62.2406
1433.8,-62.2392
1433.9,-62.2378
1434.0,-62.2364
1434.1,-62.2350
1434.2,-62.2335
1434.3,-62.2321
1434.4,-62.2307
1434.5,-62.2293
1434.6,-62.2279
1434.7,-62.2265
1434.8,-62.2251
1434.9,-62.2237
1435.0,-62.2223
1435.1,-62.2209
1435.2,-62.2195
1435.3,-62.2180
1435.4,-62.2166
1435.5,-62.2152
1435.6,-62.2138
1435.7,-62.2124
1435.8,-62.2110
1435.9,-62.2096
1436.0,-62.2082
1436.1,-62.2068
1436.2,-62.2054
1436.3,-62.2040
1436.4,-62.2026
1436.5,-62.2012
1436.6,-62.1998
1436.7,-62.1984
1436.8,-62.1970
1436.9,-62.1956
1437.0,-62.1942
1437.1,-62.1928
1437.2,-62.1914
1437.3,-62.1900
1437.4,-62.1886
1437.5,-62.1872
1437.6,-62.1858
1437.7,-62.1844
1437.8,-62.1830
1437.9,-62.1816
1438.0,-62.1803
1438.1,-62.1789
1438.2,-62.1775
1438.3,-62.1761
1438.4,-62.1747
1438.5,-62.1733
1438.6,-62.1719
1438.7,-62.1705
1438.8,-62.1691
1438.9,-62.1677
1439.0,-62.1663
1439.1,-62.1650
1439.2,-62.1636
1439.3,-62.1622
1439.4,-62.1608
1439.5,-62.1594
1439.6,-62.1580
1439.7,-62.1566
1439.8,-62.1552
1439.9,-62.1539
1440.0,-62.1525
1440.1,-62.1511
1440.2,-62.1497
1440.3,-62.1483
1440.4,-62.1469
1440.5,-62.1456
1440.6,-62.1442
1440.7,-62.1428
1440.8,-62.1414
1440.9,-62.1400
1441.0,-62.1387
1441.1,-62.1373
1441.2,-62.1359
1441.3,-62.1345
1441.4,-62.1331
1441.5,-62.1318
1441.6,-62.1304
1441.7,-62.1290
1441.8,-62.1276
1441.9,-62.1263
1442.0,-62.1249
1442.1,-62.1235
1442.2,-62.1221
1442.3,-62.1208
1442.4,-62.1194
1442.5,-62.1180
1442.6,-62.1166
1442.7,-62.1153
1442.8,-62.1139
1442.9,-62.1125
1443.0,-62.1112
1443.1,-62.1098
1443.2,-62.1084
1443.3,-62.1071
1443.4,-62.1057
1443.5,-62.1043
1443.6,-62.1029
1443.7,-62.1016
1443.8,-62.1002
1443.9,-62.0988
1444.0,-62.0975
1444.1,-62.0961
1444.2,-62.0947
1444.3,-62.0934
1444.4,-62.0920
1444.5,-62.0907
1444.6,-62.0893
1444.7,-62.0879
1444.8,-62.0866
1444.9,-62.0852
1445.0,-62.0838
1445.1,-62.0825
1445.2,-62.0811
1445.3,-62.0798
1445.4,-62.0784
1445.5,-62.0770
1445.6,-62.0757
1445.7,-62.0743
1445.8,-62.0730
1445.9,-62.0716
1446.0,-62.0703
1446.1,-62.0689
1446.2,-62.0675
1446.3,-62.0662
1446.4,-62.0648
1446.5,-62.0635
1446.6,-62.0621
1446.7,-62.0608
1446.8,-62.0594
1446.9,-62.0581
1447.0,-62.0567
1447.1,-62.0554
1447.2,-62.0540
1447.3,-62.0527
1447.4,-62.0513
1447.5,-62.0500
1447.6,-62.0486
1447.7,-62.0473
1447.8,-62.0459
1447.9,-62.0446
1448.0,-62.0432
1448.1,-62.0419
1448.2,-62.0405
1448.3,-62.0392
1448.4,-62.0378
1448.5,-62.0365
1448.6,-62.0351
1448.7,-62.0338
1448.8,-62.0324
1448.9,-62.0311
1449.0,-62.0298
1449.1,-62.0284
1449.2,-62.0271
1449.3,-62.0257
1449.4,-62.0244
1449.5,-62.0230
1449.6,-62.0217
1449.7,-62.0204
1449.8,-62.0190
1449.9,-62.0177
1450.0,-62.0163
1450.1,-62.0150
1450.2,-62.0137
1450.3,-62.0123
1450.4,-62.0110
1450.5,-62.0097
1450.6,-62.0083
1450.7,-62.0070
1450.8,-62.0056
1450.9,-62.0043
1451.0,-62.0030
1451.1,-62.0016
1451.2,-62.0003
1451.3,-61.9990
1451.4,-61.9976
1451.5,-61.9963
1451.6,-61.9950
1451.7,-61.9936
1451.8,-61.9923
1451.9,-61.9910
1452.0,-61.9897
1452.1,-61.9883
1452.2,-61.9870
1452.3,-61.9857
1452.4,-61.9843
1452.5,-61.9830
1452.6,-61.9817
1452.7,-61.9804
1452.8,-61.9790
1452.9,-61.9777
1453.0,-61.9764
1453.1,-61.9751
1453.2,-61.9737
1453.3,-61.9724
1453.4,-61.9711
1453.5,-61.9698
1453.6,-61.9684
1453.7,-61.9671
1453.8,-61.9658
1453.9,-61.9645
1454.0,-61.9631
1454.1,-61.9618
1454.2,-61.9605
1454.3,-61.9592
1454.4,-61.9579
1454.5,-61.9565
1454.6,-61.9552
1454.7,-61.9539
1454.8,-61.9526
1454.9,-61.9513
1455.0,-61.9500
1455.1,-61.9486
1455.2,-61.9473
1455.3,-61.9460
1455.4,-61.9447
1455.5,-61.9434
1455.6,-61.9421
1455.7,-61.9408
1455.8,-61.9394
1455.9,-61.9381
1456.0,-61.9368
1456.1,-61.9355
1456.2,-61.9342
1456.3,-61.9329
1456.4,-61.9316
1456.5,-61.9303
1456.6,-61.9289
1456.7,-61.9276
1456.8,-61.9263
1456.9,-61.9250
1457.0,-61.9237
1457.1,-61.9224
1457.2,-61.9211
1457.3,-61.9198
1457.4,-61.9185
1457.5,-61.9172
1457.6,-61.9159
1457.7,-61.9146
1457.8,-61.9133
1457.9,-61.9120
1458.0,-61.9107
1458.1,-61.9094
1458.2,-61.9080
1458.3,-61.9067
1458.4,-61.9054
1458.5,-61.9041
1458.6,-61.9028
1458.7,-61.9015
1458.8,-61.9002
1458.9,-61.8989
1459.0,-61.8976
1459.1,-61.8963
1459.2,-61.8950
1459.3,-61.8937
1459.4,-61.8924
1459.5,-61.8912
1459.6,-61.8899
1459.7,-61.8886
1459.8,-61.8873
1459.9,-61.8860
1460.0,-61.8847
1460.1,-61.8834
1460.2,-61.8821
1460.3,-61.8808
1460.4,-61.8795
1460.5,-61.8782
1460.6,-61.8769
1460.7,-61.8756
1460.8,-61.8743
1460.9,-61.8730
1461.0,-61.8717
1461.1,-61.8705
1461.2,-61.8692
1461.3,-61.8679
1461.4,-61.8666
1461.5,-61.8653
1461.6,-61.8640
1461.7,-61.8627
1461.8,-61.8614
1461.9,-61.8601
1462.0,-61.8589
1462.1,-61.8576
1462.2,-61.8563
1462.3,-61.8550
1462.4,-61.8537
1462.5,-61.8524
1462.6,-61.8511
1462.7,-61.8499
1462.8,-61.8486
1462.9,-61.8473
1463.0,-61.8460
1463.1,-61.8447
1463.2,-61.8435
1463.3,-61.8422
1463.4,-61.8409
1463.5,-61.8396
1463.6,-61.8383
1463.7,-61.8371
1463.8,-61.8358
1463.9,-61.8345
1464.0,-61.8332
1464.1,-61.8319
1464.2,-61.8307
1464.3,-61.8294
1464.4,-61.8281
1464.5,-61.8268
1464.6,-61.8256
1464.7,-61.8243
1464.8,-61.8230
1464.9,-61.8217
1465.0,-61.8205
1465.1,-61.8192
1465.2,-61.8179
1465.3,-61.8166
1465.4,-61.8154
1465.5,-61.8141
1465.6,-61.8128
1465.7,-61.8116
1465.8,-61.8103
1465.9,-61.8090
1466.0,-61.8077
1466.1,-61.8065
1466.2,-61.8052
1466.3,-61.8039
1466.4,-61.8027
1466.5,-61.8014
1466.6,-61.8001
1466.7,-61.7989
1466.8,-61.7976
1466.9,-61.7963
1467.0,-61.7951
1467.1,-61.7938
1467.2,-61.7925
1467.3,-61.7913
1467.4,-61.7900
1467.5,-61.7888
1467.6,-61.7875
1467.7,-61.7862
1467.8,-61.7850
1467.9,-61.7837
1468.0,-61.7824
1468.1,-61.7812
1468.2,-61.7799
1468.3,-61.7787
1468.4,-61.7774
1468.5,-61.7762
1468.6,-61.7749
1468.7,-61.7736
1468.8,-61.7724
1468.9,-61.7711
1469.0,-61.7699
1469.1,-61.7686
1469.2,-61.7673
1469.3,-61.7661
1469.4,-61.7648
1469.5,-61.7636
1469.6,-61.7623
1469.7,-61.7611
1469.8,-61.7598
1469.9,-61.7586
1470.0,-61.7573
1470.1,-61.7561
1470.2,-61.7548
1470.3,-61.7536
1470.4,-61.7523
1470.5,-61.7511
1470.6,-61.7498
1470.7,-61.7486
1470.8,-61.7473
1470.9,-61.7461
1471.0,-61.7448
1471.1,-61.7436
1471.2,-61.7423
1471.3,-61.7411
1471.4,-61.7398
1471.5,-61.7386
1471.6,-61.7373
1471.7,-61.7361
1471.8,-61.7348
1471.9,-61.7336
1472.0,-61.7324
1472.1,-61.7311
1472.2,-61.7299
1472.3,-61.7286
1472.4,-61.7274
1472.5,-61.7261
1472.6,-61.7249
1472.7,-61.7237
1472.8,-61.7224
1472.9,-61.7212
1473.0,-61.7199
1473.1,-61.7187
1473.2,-61.7175
1473.3,-61.7162
1473.4,-61.7150
1473.5,-61.7137
1473.6,-61.7125
1473.7,-61.7113
1473.8,-61.7100
1473.9,-61.7088
1474.0,-61.7076
1474.1,-61.7063
1474.2,-61.7051
1474.3,-61.7038
1474.4,-61.7026
1474.5,-61.7014
1474.6,-61.7001
1474.7,-61.6989
1474.8,-61.6977
1474.9,-61.6964
1475.0,-61.6952
1475.1,-61.6940
1475.2,-61.6928
1475.3,-61.6915
1475.4,-61.6903
1475.5,-61.6891
1475.6,-61.6878
1475.7,-61.6866
1475.8,-61.6854
1475.9,-61.6841
1476.0,-61.6829
1476.1,-61.6817
1476.2,-61.6805
1476.3,-61.6792
1476.4,-61.6780
1476.5,-61.6768
1476.6,-61.6756
1476.7,-61.6743
1476.8,-61.6731
1476.9,-61.6719
1477.0,-61.6707
1477.1,-61.6694
1477.2,-61.6682
1477.3,-61.6670
1477.4,-61.6658
1477.5,-61.6645
1477.6,-61.6633
1477.7,-61.6621
1477.8,-61.6609
1477.9,-61.6597
1478.0,-61.6584
1478.1,-61.6572
1478.2,-61.6560
1478.3,-61.6548
1478.4,-61.6536
1478.5,-61.6524
1478.6,-61.6511
1478.7,-61.6499
1478.8,-61.6487
1478.9,-61.6475
1479.0,-61.6463
1479.1,-61.6451
1479.2,-61.6438
1479.3,-61.6426
1479.4,-61.6414
1479.5,-61.6402
1479.6,-61.6390
1479.7,-61.6378
1479.8,-61.6366
1479.9,-61.6353
1480.0,-61.6341
1480.1,-61.6329
1480.2,-61.6317
1480.3,-61.6305
1480.4,-61.6293
1480.5,-61.6281
1480.6,-61.6269
1480.7,-61.6257
1480.8,-61.6245
1480.9,-61.6233
1481.0,-61.6220
1481.1,-61.6208
1481.2,-61.6196
1481.3,-61.6184
1481.4,-61.6172
1481.5,-61.6160
1481.6,-61.6148
1481.7,-61.6136
1481.8,-61.6124
1481.9,-61.6112
1482.0,-61.6100
1482.1,-61.6088
1482.2,-61.6076
1482.3,-61.6064
1482.4,-61.6052
1482.5,-61.6040
1482.6,-61.6028
1482.7,-61.6016
1482.8,-61.6004
1482.9,-61.5992
1483.0,-61.5980
1483.1,-61.5968
1483.2,-61.5956
1483.3,-61.5944
1483.4,-61.5932
1483.5,-61.5920
1483.6,-61.5908
1483.7,-61.5896
1483.8,-61.5884
1483.9,-61.5872
1484.0,-61.5860
1484.1,-61.5848
1484.2,-61.5836
1484.3,-61.5824
1484.4,-61.5812
1484.5,-61.5800
1484.6,-61.5788
1484.7,-61.5776
1484.8,-61.5765
1484.9,-61.5753
1485.0,-61.5741
1485.1,-61.5729
1485.2,-61.5717
1485.3,-61.5705
1485.4,-61.5693
1485.5,-61.5681
1485.6,-61.5669
1485.7,-61.5657
1485.8,-61.5646
1485.9,-61.5634
1486.0,-61.5622
1486.1,-61.5610
1486.2,-61.5598
1486.3,-61.5586
1486.4,-61.5574
1486.5,-61.5562
1486.6,-61.5551
1486.7,-61.5539
1486.8,-61.5527
1486.9,-61.5515
1487.0,-61.5503
1487.1,-61.5491
1487.2,-61.5480
1487.3,-61.5468
1487.4,-61.5456
1487.5,-61.5444
1487.6,-61.5432
1487.7,-61.5420
1487.8,-61.5409
1487.9,-61.5397
1488.0,-61.5385
1488.1,-61.5373
1488.2,-61.5361
1488.3,-61.5350
1488.4,-61.5338
1488.5,-61.5326
1488.6,-61.5314
1488.7,-61.5303
1488.8,-61.5291
1488.9,-61.5279
1489.0,-61.5267
1489.1,-61.5256
1489.2,-61.5244
1489.3,-61.5232
1489.4,-61.5220
1489.5,-61.5209
1489.6,-61.5197
1489.7,-61.5185
1489.8,-61.5173
1489.9,-61.5162
1490.0,-61.5150
1490.1,-61.5138
1490.2,-61.5127
1490.3,-61.5115
1490.4,-61.5103
1490.5,-61.5091
1490.6,-61.5080
1490.7,-61.5068
1490.8,-61.5056
1490.9,-61.5045
1491.0,-61.5033
1491.1,-61.5021
1491.2,-61.5010
1491.3,-61.4998
1491.4,-61.4986
1491.5,-61.4975
1491.6,-61.4963
1491.7,-61.4951
1491.8,-61.4940
1491.9,-61.4928
1492.0,-61.4916
1492.1,-61.4905
1492.2,-61.4893
1492.3,-61.4882
1492.4,-61.4870
1492.5,-61.4858
1492.6,-61.4847
1492.7,-61.4835
1492.8,-61.4823
1492.9,-61.4812
1493.0,-61.4800
1493.1,-61.4789
1493.2,-61.4777
1493.3,-61.4765
1493.4,-61.4754
1493.5,-61.4742
1493.6,-61.4731
1493.7,-61.4719
1493.8,-61.4708
1493.9,-61.4696
1494.0,-61.4684
1494.1,-61.4673
1494.2,-61.4661
1494.3,-61.4650
1494.4,-61.4638
1494.5,-61.4627
1494.6,-61.4615
1494.7,-61.4604
1494.8,-61.4592
1494.9,-61.4581
1495.0,-61.4569
1495.1,-61.4557
1495.2,-61.4546
1495.3,-61.4534
1495.4,-61.4523
1495.5,-61.4511
1495.6,-61.4500
1495.7,-61.4488
1495.8,-61.4477
1495.9,-61.4465
1496.0,-61.4454
1496.1,-61.4442
1496.2,-61.4431
1496.3,-61.4420
1496.4,-61.4408
1496.5,-61.4397
1496.6,-61.4385
1496.7,-61.4374
1496.8,-61.4362
1496.9,-61.4351
1497.0,-61.4339
1497.1,-61.4328
1497.2,-61.4316
1497.3,-61.4305
1497.4,-61.4294
1497.5,-61.4282
1497.6,-61.4271
1497.7,-61.4259
1497.8,-61.4248
1497.9,-61.4236
1498.0,-61.4225
1498.1,-61.4214
1498.2,-61.4202
1498.3,-61.4191
1498.4,-61.4179
1498.5,-61.4168
1498.6,-61.4157
1498.7,-61.4145
1498.8,-61.4134
1498.9,-61.4122
1499.0,-61.4111
1499.1,-61.4100
1499.2,-61.4088
1499.3,-61.4077
1499.4,-61.4066
1499.5,-61.4054
1499.6,-61.4043
1499.7,-61.4032
1499.8,-61.4020
1499.9,-61.4009
1500.0,-61.3998
1500.1,-61.3986
1500.2,-61.3975
1500.3,-61.3964
1500.4,-61.3952
1500.5,-61.3941
1500.6,-61.3930
1500.7,-61.3918
1500.8,-61.3907
1500.9,-61.3896
1501.0,-61.3884
1501.1,-61.3873
1501.2,-61.3862
1501.3,-61.3851
1501.4,-61.3839
1501.5,-61.3828
1501.6,-61.3817
1501.7,-61.3806
1501.8,-61.3794
1501.9,-61.3783
1502.0,-61.3772
1502.1,-61.3760
1502.2,-61.3749
1502.3,-61.3738
1502.4,-61.3727
1502.5,-61.3715
1502.6,-61.3704
1502.7,-61.3693
1502.8,-61.3682
1502.9,-61.3671
1503.0,-61.3659
1503.1,-61.3648
1503.2,-61.3637
1503.3,-61.3626
1503.4,-61.3614
1503.5,-61.3603
1503.6,-61.3592
1503.7,-61.3581
1503.8,-61.3570
1503.9,-61.3558
1504.0,-61.3547
1504.1,-61.3536
1504.2,-61.3525
1504.3,-61.3514
1504.4,-61.3503
1504.5,-61.3491
1504.6,-61.3480
1504.7,-61.3469
1504.8,-61.3458
1504.9,-61.3447
1505.0,-61.3436
1505.1,-61.3425
1505.2,-61.3413
1505.3,-61.3402
1505.4,-61.3391
1505.5,-61.3380
1505.6,-61.3369
1505.7,-61.3358
1505.8,-61.3347
1505.9,-61.3336
1506.0,-61.3324
1506.1,-61.3313
1506.2,-61.3302
1506.3,-61.3291
1506.4,-61.3280
1506.5,-61.3269
1506.6,-61.3258
1506.7,-61.3247
1506.8,-61.3236
1506.9,-61.3225
1507.0,-61.3214
1507.1,-61.3202
1507.2,-61.3191
1507.3,-61.3180
1507.4,-61.3169
1507.5,-61.3158
1507.6,-61.3147
1507.7,-61.3136
1507.8,-61.3125
1507.9,-61.3114
1508.0,-61.3103
1508.1,-61.3092
1508.2,-61.3081
1508.3,-61.3070
1508.4,-61.3059
1508.5,-61.3048
1508.6,-61.3037
1508.7,-61.3026
1508.8,-61.3015
1508.9,-61.3004
1509.0,-61.2993
1509.1,-61.2982
1509.2,-61.2971
1509.3,-61.2960
1509.4,-61.2949
1509.5,-61.2938
1509.6,-61.2927
1509.7,-61.2916
1509.8,-61.2905
1509.9,-61.2894
1510.0,-61.2883
1510.1,-61.2872
1510.2,-61.2861
1510.3,-61.2850
1510.4,-61.2839
1510.5,-61.2828
1510.6,-61.2817
1510.7,-61.2806
1510.8,-61.2795
1510.9,-61.2785
1511.0,-61.2774
1511.1,-61.2763
1511.2,-61.2752
1511.3,-61.2741
1511.4,-61.2730
1511.5,-61.2719
1511.6,-61.2708
1511.7,-61.2697
1511.8,-61.2686
1511.9,-61.2675
1512.0,-61.2665
1512.1,-61.2654
1512.2,-61.2643
1512.3,-61.2632
1512.4,-61.2621
1512.5,-61.2610
1512.6,-61.2599
1512.7,-61.2588
1512.8,-61.2578
1512.9,-61.2567
1513.0,-61.2556
1513.1,-61.2545
1513.2,-61.2534
1513.3,-61.2523
1513.4,-61.2512
1513.5,-61.2502
1513.6,-61.2491
1513.7,-61.2480
1513.8,-61.2469
1513.9,-61.2458
1514.0,-61.2448
1514.1,-61.2437
1514.2,-61.2426
1514.3,-61.2415
1514.4,-61.2404
1514.5,-61.2393
1514.6,-61.2383
1514.7,-61.2372
1514.8,-61.2361
1514.9,-61.2350
1515.0,-61.2340
1515.1,-61.2329
1515.2,-61.2318
1515.3,-61.2307
1515.4,-61.2296
1515.5,-61.2286
1515.6,-61.2275
1515.7,-61.2264
1515.8,-61.2253
1515.9,-61.2243
1516.0,-61.2232
1516.1,-61.2221
1516.2,-61.2210
1516.3,-61.2200
1516.4,-61.2189
1516.5,-61.2178
1516.6,-61.2168
1516.7,-61.2157
1516.8,-61.2146
1516.9,-61.2135
1517.0,-61.2125
1517.1,-61.2114
1517.2,-61.2103
1517.3,-61.2093
1517.4,-61.2082
1517.5,-61.2071
1517.6,-61.2060
1517.7,-61.2050
1517.8,-61.2039
1517.9,-61.2028
1518.0,-61.2018
1518.1,-61.2007
1518.2,-61.1996
1518.3,-61.1986
1518.4,-61.1975
1518.5,-61.1964
1518.6,-61.1954
1518.7,-61.1943
1518.8,-61.1932
1518.9,-61.1922
1519.0,-61.1911
1519.1,-61.1901
1519.2,-61.1890
1519.3,-61.1879
1519.4,-61.1869
1519.5,-61.1858
1519.6,-61.1847
1519.7,-61.1837
1519.8,-61.1826
1519.9,-61.1816
1520.0,-61.1805
1520.1,-61.1794
1520.2,-61.1784
1520.3,-61.1773
1520.4,-61.1763
1520.5,-61.1752
1520.6,-61.1741
1520.7,-61.1731
1520.8,-61.1720
1520.9,-61.1710
1521.0,-61.1699
1521.1,-61.1689
1521.2,-61.1678
1521.3,-61.1667
1521.4,-61.1657
1521.5,-61.1646
1521.6,-61.1636
1521.7,-61.1625
1521.8,-61.1615
1521.9,-61.1604
1522.0,-61.1594
1522.1,-61.1583
1522.2,-61.1573
1522.3,-61.1562
1522.4,-61.1552
1522.5,-61.1541
1522.6,-61.1531
1522.7,-61.1520
1522.8,-61.1510
1522.9,-61.1499
1523.0,-61.1489
1523.1,-61.1478
1523.2,-61.1468
1523.3,-61.1457
1523.4,-61.1447
1523.5,-61.1436
1523.6,-61.1426
1523.7,-61.1415
1523.8,-61.1405
1523.9,-61.1394
1524.0,-61.1384
1524.1,-61.1373
1524.2,-61.1363
1524.3,-61.1352
1524.4,-61.1342
1524.5,-61.1331
1524.6,-61.1321
1524.7,-61.1311
1524.8,-61.1300
1524.9,-61.1290
1525.0,-61.1279
1525.1,-61.1269
1525.2,-61.1258
1525.3,-61.1248
1525.4,-61.1238
1525.5,-61.1227
1525.6,-61.1217
1525.7,-61.1206
1525.8,-61.1196
1525.9,-61.1186
1526.0,-61.1175
1526.1,-61.1165
1526.2,-61.1154
1526.3,-61.1144
1526.4,-61.1134
1526.5,-61.1123
1526.6,-61.1113
1526.7,-61.1103
1526.8,-61.1092
1526.9,-61.1082
1527.0,-61.1071
1527.1,-61.1061
1527.2,-61.1051
1527.3,-61.1040
1527.4,-61.1030
1527.5,-61.1020
1527.6,-61.1009
1527.7,-61.0999
1527.8,-61.0989
1527.9,-61.0978
1528.0,-61.0968
1528.1,-61.0958
1528.2,-61.0947
1528.3,-61.0937
1528.4,-61.0927
1528.5,-61.0917
1528.6,-61.0906
1528.7,-61.0896
1528.8,-61.0886
1528.9,-61.0875
1529.0,-61.0865
1529.1,-61.0855
1529.2,-61.0844
1529.3,-61.0834
1529.4,-61.0824
1529.5,-61.0814
1529.6,-61.0803
1529.7,-61.0793
1529.8,-61.0783
1529.9,-61.0773
1530.0,-61.0762
1530.1,-61.0752
1530.2,-61.0742
1530.3,-61.0732
1530.4,-61.0721
1530.5,-61.0711
1530.6,-61.0701
1530.7,-61.0691
1530.8,-61.0680
1530.9,-61.0670
1531.0,-61.0660
1531.1,-61.0650
1531.2,-61.0640
1531.3,-61.0629
1531.4,-61.0619
1531.5,-61.0609
1531.6,-61.0599
1531.7,-61.0588
1531.8,-61.0578
1531.9,-61.0568
1532.0,-61.0558
1532.1,-61.0548
1532.2,-61.0538
1532.3,-61.0527
1532.4,-61.0517
1532.5,-61.0507
1532.6,-61.0497
1532.7,-61.0487
1532.8,-61.0477
1532.9,-61.0466
1533.0,-61.0456
1533.1,-61.0446
1533.2,-61.0436
1533.3,-61.0426
1533.4,-61.0416
1533.5,-61.0406
1533.6,-61.0395
1533.7,-61.0385
1533.8,-61.0375
1533.9,-61.0365
1534.0,-61.0355
1534.1,-61.0345
1534.2,-61.0335
1534.3,-61.0325
1534.4,-61.0314
1534.5,-61.0304
1534.6,-61.0294
1534.7,-61.0284
1534.8,-61.0274
1534.9,-61.0264
1535.0,-61.0254
1535.1,-61.0244
1535.2,-61.0234
1535.3,-61.0224
1535.4,-61.0214
1535.5,-61.0203
1535.6,-61.0193
1535.7,-61.0183
1535.8,-61.0173
1535.9,-61.0163
1536.0,-61.0153
1536.1,-61.0143
1536.2,-61.0133
1536.3,-61.0123
1536.4,-61.0113
1536.5,-61.0103
1536.6,-61.0093
1536.7,-61.0083
1536.8,-61.0073
1536.9,-61.0063
1537.0,-61.0053
1537.1,-61.0043
1537.2,-61.0033
1537.3,-61.0023
1537.4,-61.0013
1537.5,-61.0003
1537.6,-60.9993
1537.7,-60.9983
1537.8,-60.9973
1537.9,-60.9963
1538.0,-60.9953
1538.1,-60.9943
1538.2,-60.9933
1538.3,-60.9923
1538.4,-60.9913
1538.5,-60.9903
1538.6,-60.9893
1538.7,-60.9883
1538.8,-60.9873
1538.9,-60.9863
1539.0,-60.9853
1539.1,-60.9843
1539.2,-60.9833
1539.3,-60.9823
1539.4,-60.9813
1539.5,-60.9803
1539.6,-60.9793
1539.7,-60.9784
1539.8,-60.9774
1539.9,-60.9764
1540.0,-60.9754
1540.1,-60.9744
1540.2,-60.9734
1540.3,-60.9724
1540.4,-60.9714
1540.5,-60.9704
1540.6,-60.9694
1540.7,-60.9684
1540.8,-60.9675
1540.9,-60.9665
1541.0,-60.9655
1541.1,-60.9645
1541.2,-60.9635
1541.3,-60.9625
1541.4,-60.9615
1541.5,-60.9605
1541.6,-60.9596
1541.7,-60.9586
1541.8,-60.9576
1541.9,-60.9566
1542.0,-60.9556
1542.1,-60.9546
1542.2,-60.9536
1542.3,-60.9527
1542.4,-60.9517
1542.5,-60.9507
1542.6,-60.9497
1542.7,-60.9487
1542.8,-60.9477
1542.9,-60.9468
1543.0,-60.9458
1543.1,-60.9448
1543.2,-60.9438
1543.3,-60.9428
1543.4,-60.9418
1543.5,-60.9409
1543.6,-60.9399
1543.7,-60.9389
1543.8,-60.9379
1543.9,-60.9370
1544.0,-60.9360
1544.1,-60.9350
1544.2,-60.9340
1544.3,-60.9330
1544.4,-60.9321
1544.5,-60.9311
1544.6,-60.9301
1544.7,-60.9291
1544.8,-60.9282
1544.9,-60.9272
1545.0,-60.9262
1545.1,-60.9252
1545.2,-60.9243
1545.3,-60.9233
1545.4,-60.9223
1545.5,-60.9213
1545.6,-60.9204
1545.7,-60.9194
1545.8,-60.9184
1545.9,-60.9174
1546.0,-60.9165
1546.1,-60.9155
1546.2,-60.9145
1546.3,-60.9135
1546.4,-60.9126
1546.5,-60.9116
1546.6,-60.9106
1546.7,-60.9097
1546.8,-60.9087
1546.9,-60.9077
1547.0,-60.9068
1547.1,-60.9058
1547.2,-60.9048
1547.3,-60.9039
1547.4,-60.9029
1547.5,-60.9019
1547.6,-60.9010
1547.7,-60.9000
1547.8,-60.8990
1547.9,-60.8981
1548.0,-60.8971
1548.1,-60.8961
1548.2,-60.8952
1548.3,-60.8942
1548.4,-60.8932
1548.5,-60.8923
1548.6,-60.8913
1548.7,-60.8903
1548.8,-60.8894
1548.9,-60.8884
1549.0,-60.8874
1549.1,-60.8865
1549.2,-60.8855
1549.3,-60.8846
1549.4,-60.8836
1549.5,-60.8826
1549.6,-60.8817
1549.7,-60.8807
1549.8,-60.8798
1549.9,-60.8788
1550.0,-60.8778
1550.1,-60.8769
1550.2,-60.8759
1550.3,-60.8750
1550.4,-60.8740
1550.5,-60.8730
1550.6,-60.8721
1550.7,-60.8711
1550.8,-60.8702
1550.9,-60.8692
1551.0,-60.8683
1551.1,-60.8673
1551.2,-60.8663
1551.3,-60.8654
1551.4,-60.8644
1551.5,-60.8635
1551.6,-60.8625
1551.7,-60.8616
1551.8,-60.8606
1551.9,-60.8597
1552.0,-60.8587
1552.1,-60.8578
1552.2,-60.8568
1552.3,-60.8559
1552.4,-60.8549
1552.5,-60.8540
1552.6,-60.8530
1552.7,-60.8521
1552.8,-60.8511
1552.9,-60.8502
1553.0,-60.8492
1553.1,-60.8483
1553.2,-60.8473
1553.3,-60.8464
1553.4,-60.8454
1553.5,-60.8445
1553.6,-60.8435
1553.7,-60.8426
1553.8,-60.8416
1553.9,-60.8407
1554.0,-60.8397
1554.1,-60.8388
1554.2,-60.8378
1554.3,-60.8369
1554.4,-60.8359
1554.5,-60.8350
1554.6,-60.8340
1554.7,-60.8331
1554.8,-60.8322
1554.9,-60.8312
1555.0,-60.8303
1555.1,-60.8293
1555.2,-60.8284
1555.3,-60.8274
1555.4,-60.8265
1555.5,-60.8256
1555.6,-60.8246
1555.7,-60.8237
1555.8,-60.8227
1555.9,-60.8218
1556.0,-60.8209
1556.1,-60.8199
1556.2,-60.8190
1556.3,-60.8180
1556.4,-60.8171
1556.5,-60.8162
1556.6,-60.8152
1556.7,-60.8143
1556.8,-60.8133
1556.9,-60.8124
1557.0,-60.8115
1557.1,-60.8105
1557.2,-60.8096
1557.3,-60.8087
1557.4,-60.8077
1557.5,-60.8068
1557.6,-60.8058
1557.7,-60.8049
1557.8,-60.8040
1557.9,-60.8030
1558.0,-60.8021
1558.1,-60.8012
1558.2,-60.8002
1558.3,-60.7993
1558.4,-60.7984
1558.5,-60.7974
1558.6,-60.7965
1558.7,-60.7956
1558.8,-60.7946
1558.9,-60.7937
1559.0,-60.7928
1559.1,-60.7919
1559.2,-60.7909
1559.3,-60.7900
1559.4,-60.7891
1559.5,-60.7881
1559.6,-60.7872
1559.7,-60.7863
1559.8,-60.7853
1559.9,-60.7844
1560.0,-60.7835
1560.1,-60.7826
1560.2,-60.7816
1560.3,-60.7807
1560.4,-60.7798
1560.5,-60.7789
1560.6,-60.7779
1560.7,-60.7770
1560.8,-60.7761
1560.9,-60.7752
1561.0,-60.7742
1561.1,-60.7733
1561.2,-60.7724
1561.3,-60.7715
1561.4,-60.7705
1561.5,-60.7696
1561.6,-60.7687
1561.7,-60.7678
1561.8,-60.7668
1561.9,-60.7659
1562.0,-60.7650
1562.1,-60.7641
1562.2,-60.7632
1562.3,-60.7622
1562.4,-60.7613
1562.5,-60.7604
1562.6,-60.7595
1562.7,-60.7585
1562.8,-60.7576
1562.9,-60.7567
1563.0,-60.7558
1563.1,-60.7549
1563.2,-60.7540
1563.3,-60.7530
1563.4,-60.7521
1563.5,-60.7512
1563.6,-60.7503
1563.7,-60.7494
1563.8,-60.7485
1563.9,-60.7475
1564.0,-60.7466
1564.1,-60.7457
1564.2,-60.7448
1564.3,-60.7439
1564.4,-60.7430
1564.5,-60.7420
1564.6,-60.7411
1564.7,-60.7402
1564.8,-60.7393
1564.9,-60.7384
1565.0,-60.7375
1565.1,-60.7366
1565.2,-60.7357
1565.3,-60.7347
1565.4,-60.7338
1565.5,-60.7329
1565.6,-60.7320
1565.7,-60.7311
1565.8,-60.7302
1565.9,-60.7293
1566.0,-60.7284
1566.1,-60.7275
1566.2,-60.7266
1566.3,-60.7256
1566.4,-60.7247
1566.5,-60.7238
1566.6,-60.7229
1566.7,-60.7220
1566.8,-60.7211
1566.9,-60.7202
1567.0,-60.7193
1567.1,-60.7184
1567.2,-60.7175
1567.3,-60.7166
1567.4,-60.7157
1567.5,-60.7148
1567.6,-60.7139
1567.7,-60.7130
1567.8,-60.7121
1567.9,-60.7111
1568.0,-60.7102
1568.1,-60.7093
1568.2,-60.7084
1568.3,-60.7075
1568.4,-60.7066
1568.5,-60.7057
1568.6,-60.7048
1568.7,-60.7039
1568.8,-60.7030
1568.9,-60.7021
1569.0,-60.7012
1569.1,-60.7003
1569.2,-60.6994
1569.3,-60.6985
1569.4,-60.6976
1569.5,-60.6967
1569.6,-60.6958
1569.7,-60.6949
1569.8,-60.6940
1569.9,-60.6931
1570.0,-60.6922
1570.1,-60.6913
1570.2,-60.6904
1570.3,-60.6895
1570.4,-60.6886
1570.5,-60.6878
1570.6,-60.6869
1570.7,-60.6860
1570.8,-60.6851
1570.9,-60.6842
1571.0,-60.6833
1571.1,-60.6824
1571.2,-60.6815
1571.3,-60.6806
1571.4,-60.6797
1571.5,-60.6788
1571.6,-60.6779
1571.7,-60.6770
1571.8,-60.6761
1571.9,-60.6752
1572.0,-60.6743
1572.1,-60.6735
1572.2,-60.6726
1572.3,-60.6717
1572.4,-60.6708
1572.5,-60.6699
1572.6,-60.6690
1572.7,-60.6681
1572.8,-60.6672
1572.9,-60.6663
1573.0,-60.6654
1573.1,-60.6646
1573.2,-60.6637
1573.3,-60.6628
1573.4,-60.6619
1573.5,-60.6610
1573.6,-60.6601
1573.7,-60.6592
1573.8,-60.6583
1573.9,-60.6575
1574.0,-60.6566
1574.1,-60.6557
1574.2,-60.6548
1574.3,-60.6539
1574.4,-60.6530
1574.5,-60.6522
1574.6,-60.6513
1574.7,-60.6504
1574.8,-60.6495
1574.9,-60.6486
1575.0,-60.6477
1575.1,-60.6469
1575.2,-60.6460
1575.3,-60.6451
1575.4,-60.6442
1575.5,-60.6433
1575.6,-60.6424
1575.7,-60.6416
1575.8,-60.6407
1575.9,-60.6398
1576.0,-60.6389
1576.1,-60.6380
1576.2,-60.6372
1576.3,-60.6363
1576.4,-60.6354
1576.5,-60.6345
1576.6,-60.6337
1576.7,-60.6328
1576.8,-60.6319
1576.9,-60.6310
1577.0,-60.6301
1577.1,-60.6293
1577.2,-60.6284
1577.3,-60.6275
1577.4,-60.6266
1577.5,-60.6258
1577.6,-60.6249
1577.7,-60.6240
1577.8,-60.6231
1577.9,-60.6223
1578.0,-60.6214
1578.1,-60.6205
1578.2,-60.6196
1578.3,-60.6188
1578.4,-60.6179
1578.5,-60.6170
1578.6,-60.6162
1578.7,-60.6153
1578.8,-60.6144
1578.9,-60.6135
1579.0,-60.6127
1579.1,-60.6118
1579.2,-60.6109
1579.3,-60.6101
1579.4,-60.6092
1579.5,-60.6083
1579.6,-60.6074
1579.7,-60.6066
1579.8,-60.6057
1579.9,-60.6048
1580.0,-60.6040
1580.1,-60.6031
1580.2,-60.6022
1580.3,-60.6014
1580.4,-60.6005
1580.5,-60.5996
1580.6,-60.5988
1580.7,-60.5979
1580.8,-60.5970
1580.9,-60.5962
1581.0,-60.5953
1581.1,-60.5944
1581.2,-60.5936
1581.3,-60.5927
1581.4,-60.5918
1581.5,-60.5910
1581.6,-60.5901
1581.7,-60.5893
1581.8,-60.5884
1581.9,-60.5875
1582.0,-60.5867
1582.1,-60.5858
1582.2,-60.5849
1582.3,-60.5841
1582.4,-60.5832
1582.5,-60.5824
1582.6,-60.5815
1582.7,-60.5806
1582.8,-60.5798
1582.9,-60.5789
1583.0,-60.5781
1583.1,-60.5772
1583.2,-60.5763
1583.3,-60.5755
1583.4,-60.5746
1583.5,-60.5738
1583.6,-60.5729
1583.7,-60.5721
1583.8,-60.5712
1583.9,-60.5703
1584.0,-60.5695
1584.1,-60.5686
1584.2,-60.5678
1584.3,-60.5669
1584.4,-60.5661
1584.5,-60.5652
1584.6,-60.5644
1584.7,-60.5635
1584.8,-60.5626
1584.9,-60.5618
1585.0,-60.5609
1585.1,-60.5601
1585.2,-60.5592
1585.3,-60.5584
1585.4,-60.5575
1585.5,-60.5567
1585.6,-60.5558
1585.7,-60.5550
1585.8,-60.5541
1585.9,-60.5533
1586.0,-60.5524
1586.1,-60.5516
1586.2,-60.5507
1586.3,-60.5499
1586.4,-60.5490
1586.5,-60.5482
1586.6,-60.5473
1586.7,-60.5465
1586.8,-60.5456
1586.9,-60.5448
1587.0,-60.5439
1587.1,-60.5431
1587.2,-60.5422
1587.3,-60.5414
1587.4,-60.5405
1587.5,-60.5397
1587.6,-60.5388
1587.7,-60.5380
1587.8,-60.5371
1587.9,-60.5363
1588.0,-60.5355
1588.1,-60.5346
1588.2,-60.5338
1588.3,-60.5329
1588.4,-60.5321
1588.5,-60.5312
1588.6,-60.5304
1588.7,-60.5295
1588.8,-60.5287
1588.9,-60.5279
1589.0,-60.5270
1589.1,-60.5262
1589.2,-60.5253
1589.3,-60.5245
1589.4,-60.5236
1589.5,-60.5228
1589.6,-60.5220
1589.7,-60.5211
1589.8,-60.5203
1589.9,-60.5194
1590.0,-60.5186
1590.1,-60.5178
1590.2,-60.5169
1590.3,-60.5161
1590.4,-60.5152
1590.5,-60.5144
1590.6,-60.5136
1590.7,-60.5127
1590.8,-60.5119
1590.9,-60.5111
1591.0,-60.5102
1591.1,-60.5094
1591.2,-60.5086
1591.3,-60.5077
1591.4,-60.5069
1591.5,-60.5060
1591.6,-60.5052
1591.7,-60.5044
1591.8,-60.5035
1591.9,-60.5027
1592.0,-60.5019
1592.1,-60.5010
1592.2,-60.5002
1592.3,-60.4994
1592.4,-60.4985
1592.5,-60.4977
1592.6,-60.4969
1592.7,-60.4960
1592.8,-60.4952
1592.9,-60.4944
1593.0,-60.4935
1593.1,-60.4927
1593.2,-60.4919
1593.3,-60.4911
1593.4,-60.4902
1593.5,-60.4894
1593.6,-60.4886
1593.7,-60.4877
1593.8,-60.4869
1593.9,-60.4861
1594.0,-60.4852
1594.1,-60.4844
1594.2,-60.4836
1594.3,-60.4828
1594.4,-60.4819
1594.5,-60.4811
1594.6,-60.4803
1594.7,-60.4795
1594.8,-60.4786
1594.9,-60.4778
1595.0,-60.4770
1595.1,-60.4762
1595.2,-60.4753
1595.3,-60.4745
1595.4,-60.4737
1595.5,-60.4729
1595.6,-60.4720
1595.7,-60.4712
1595.8,-60.4704
1595.9,-60.4696
1596.0,-60.4687
1596.1,-60.4679
1596.2,-60.4671
1596.3,-60.4663
1596.4,-60.4654
1596.5,-60.4646
1596.6,-60.4638
1596.7,-60.4630
1596.8,-60.4622
1596.9,-60.4613
1597.0,-60.4605
1597.1,-60.4597
1597.2,-60.4589
1597.3,-60.4581
1597.4,-60.4572
1597.5,-60.4564
1597.6,-60.4556
1597.7,-60.4548
1597.8,-60.4540
1597.9,-60.4531
1598.0,-60.4523
1598.1,-60.4515
1598.2,-60.4507
1598.3,-60.4499
1598.4,-60.4491
1598.5,-60.4482
1598.6,-60.4474
1598.7,-60.4466
1598.8,-60.4458
1598.9,-60.4450
1599.0,-60.4442
1599.1,-60.4434
1599.2,-60.4425
1599.3,-60.4417
1599.4,-60.4409
1599.5,-60.4401
1599.6,-60.4393
1599.7,-60.4385
1599.8,-60.4377
1599.9,-60.4368
1600.0,-60.4360
1600.1,-60.4352
1600.2,-60.4344
1600.3,-60.4336
1600.4,-60.4328
1600.5,-60.4320
1600.6,-60.4312
1600.7,-60.4304
1600.8,-60.4295
1600.9,-60.4287
1601.0,-60.4279
1601.1,-60.4271
1601.2,-60.4263
1601.3,-60.4255
1601.4,-60.4247
1601.5,-60.4239
1601.6,-60.4231
1601.7,-60.4223
1601.8,-60.4215
1601.9,-60.4207
1602.0,-60.4198
1602.1,-60.4190
1602.2,-60.4182
1602.3,-60.4174
1602.4,-60.4166
1602.5,-60.4158
1602.6,-60.4150
1602.7,-60.4142
1602.8,-60.4134
1602.9,-60.4126
1603.0,-60.4118
1603.1,-60.4110
1603.2,-60.4102
1603.3,-60.4094
1603.4,-60.4086
1603.5,-60.4078
1603.6,-60.4070
1603.7,-60.4062
1603.8,-60.4054
1603.9,-60.4046
1604.0,-60.4038
1604.1,-60.4030
1604.2,-60.4022
1604.3,-60.4014
1604.4,-60.4006
1604.5,-60.3998
1604.6,-60.3990
1604.7,-60.3982
1604.8,-60.3974
1604.9,-60.3966
1605.0,-60.3958
1605.1,-60.3950
1605.2,-60.3942
1605.3,-60.3934
1605.4,-60.3926
1605.5,-60.3918
1605.6,-60.3910
1605.7,-60.3902
1605.8,-60.3894
1605.9,-60.3886
1606.0,-60.3878
1606.1,-60.3870
1606.2,-60.3862
1606.3,-60.3854
1606.4,-60.3846
1606.5,-60.3838
1606.6,-60.3830
1606.7,-60.3822
1606.8,-60.3814
1606.9,-60.3806
1607.0,-60.3799
1607.1,-60.3791
1607.2,-60.3783
1607.3,-60.3775
1607.4,-60.3767
1607.5,-60.3759
1607.6,-60.3751
1607.7,-60.3743
1607.8,-60.3735
1607.9,-60.3727
1608.0,-60.3719
1608.1,-60.3711
1608.2,-60.3704
1608.3,-60.3696
1608.4,-60.3688
1608.5,-60.3680
1608.6,-60.3672
1608.7,-60.3664
1608.8,-60.3656
1608.9,-60.3648
1609.0,-60.3640
1609.1,-60.3633
1609.2,-60.3625
1609.3,-60.3617
1609.4,-60.3609
1609.5,-60.3601
1609.6,-60.3593
1609.7,-60.3585
1609.8,-60.3577
1609.9,-60.3570
1610.0,-60.3562
1610.1,-60.3554
1610.2,-60.3546
1610.3,-60.3538
1610.4,-60.3530
1610.5,-60.3522
1610.6,-60.3515
1610.7,-60.3507
1610.8,-60.3499
1610.9,-60.3491
1611.0,-60.3483
1611.1,-60.3475
1611.2,-60.3468
1611.3,-60.3460
1611.4,-60.3452
1611.5,-60.3444
1611.6,-60.3436
1611.7,-60.3429
1611.8,-60.3421
1611.9,-60.3413
1612.0,-60.3405
1612.1,-60.3397
1612.2,-60.3390
1612.3,-60.3382
1612.4,-60.3374
1612.5,-60.3366
1612.6,-60.3358
1612.7,-60.3351
1612.8,-60.3343
1612.9,-60.3335
1613.0,-60.3327
1613.1,-60.3320
1613.2,-60.3312
1613.3,-60.3304
1613.4,-60.3296
1613.5,-60.3288
1613.6,-60.3281
1613.7,-60.3273
1613.8,-60.3265
1613.9,-60.3257
1614.0,-60.3250
1614.1,-60.3242
1614.2,-60.3234
1614.3,-60.3226
1614.4,-60.3219
1614.5,-60.3211
1614.6,-60.3203
1614.7,-60.3195
1614.8,-60.3188
1614.9,-60.3180
1615.0,-60.3172
1615.1,-60.3165
1615.2,-60.3157
1615.3,-60.3149
1615.4,-60.3141
1615.5,-60.3134
1615.6,-60.3126
1615.7,-60.3118
1615.8,-60.3111
1615.9,-60.3103
1616.0,-60.3095
1616.1,-60.3087
1616.2,-60.3080
1616.3,-60.3072
1616.4,-60.3064
1616.5,-60.3057
1616.6,-60.3049
1616.7,-60.3041
1616.8,-60.3034
1616.9,-60.3026
1617.0,-60.3018
1617.1,-60.3011
1617.2,-60.3003
1617.3,-60.2995
1617.4,-60.2988
1617.5,-60.2980
1617.6,-60.2972
1617.7,-60.2965
1617.8,-60.2957
1617.9,-60.2949
1618.0,-60.2942
1618.1,-60.2934
1618.2,-60.2926
1618.3,-60.2919
1618.4,-60.2911
1618.5,-60.2904
1618.6,-60.2896
1618.7,-60.2888
1618.8,-60.2881
1618.9,-60.2873
1619.0,-60.2865
1619.1,-60.2858
1619.2,-60.2850
1619.3,-60.2843
1619.4,-60.2835
1619.5,-60.2827
1619.6,-60.2820
1619.7,-60.2812
1619.8,-60.2804
1619.9,-60.2797
1620.0,-60.2789
1620.1,-60.2782
1620.2,-60.2774
1620.3,-60.2767
1620.4,-60.2759
1620.5,-60.2751
1620.6,-60.2744
1620.7,-60.2736
1620.8,-60.2729
1620.9,-60.2721
1621.0,-60.2713
1621.1,-60.2706
1621.2,-60.2698
1621.3,-60.2691
1621.4,-60.2683
1621.5,-60.2676
1621.6,-60.2668
1621.7,-60.2661
1621.8,-60.2653
1621.9,-60.2645
1622.0,-60.2638
1622.1,-60.2630
1622.2,-60.2623
1622.3,-60.2615
1622.4,-60.2608
1622.5,-60.2600
1622.6,-60.2593
1622.7,-60.2585
1622.8,-60.2578
1622.9,-60.2570
1623.0,-60.2563
1623.1,-60.2555
1623.2,-60.2547
1623.3,-60.2540
1623.4,-60.2532
1623.5,-60.2525
1623.6,-60.2517
1623.7,-60.2510
1623.8,-60.2502
1623.9,-60.2495
1624.0,-60.2487
1624.1,-60.2480
1624.2,-60.2472
1624.3,-60.2465
1624.4,-60.2457
1624.5,-60.2450
1624.6,-60.2443
1624.7,-60.2435
1624.8,-60.2428
1624.9,-60.2420
1625.0,-60.2413
1625.1,-60.2405
1625.2,-60.2398
1625.3,-60.2390
1625.4,-60.2383
1625.5,-60.2375
1625.6,-60.2368
1625.7,-60.2360
1625.8,-60.2353
1625.9,-60.2345
1626.0,-60.2338
1626.1,-60.2331
1626.2,-60.2323
1626.3,-60.2316
1626.4,-60.2308
1626.5,-60.2301
1626.6,-60.2293
1626.7,-60.2286
1626.8,-60.2279
1626.9,-60.2271
1627.0,-60.2264
1627.1,-60.2256
1627.2,-60.2249
1627.3,-60.2241
1627.4,-60.2234
1627.5,-60.2227
1627.6,-60.2219
1627.7,-60.2212
1627.8,-60.2204
1627.9,-60.2197
1628.0,-60.2190
1628.1,-60.2182
1628.2,-60.2175
1628.3,-60.2167
1628.4,-60.2160
1628.5,-60.2153
1628.6,-60.2145
1628.7,-60.2138
1628.8,-60.2131
1628.9,-60.2123
1629.0,-60.2116
1629.1,-60.2108
1629.2,-60.2101
1629.3,-60.2094
1629.4,-60.2086
1629.5,-60.2079
1629.6,-60.2072
1629.7,-60.2064
1629.8,-60.2057
1629.9,-60.2050
1630.0,-60.2042
1630.1,-60.2035
1630.2,-60.2027
1630.3,-60.2020
1630.4,-60.2013
1630.5,-60.2005
1630.6,-60.1998
1630.7,-60.1991
1630.8,-60.1983
1630.9,-60.1976
1631.0,-60.1969
1631.1,-60.1961
1631.2,-60.1954
1631.3,-60.1947
1631.4,-60.1940
1631.5,-60.1932
1631.6,-60.1925
1631.7,-60.1918
1631.8,-60.1910
1631.9,-60.1903
1632.0,-60.1896
1632.1,-60.1888
1632.2,-60.1881
1632.3,-60.1874
1632.4,-60.1867
1632.5,-60.1859
1632.6,-60.1852
1632.7,-60.1845
1632.8,-60.1837
1632.9,-60.1830
1633.0,-60.1823
1633.1,-60.1816
1633.2,-60.1808
1633.3,-60.1801
1633.4,-60.1794
1633.5,-60.1786
1633.6,-60.1779
1633.7,-60.1772
1633.8,-60.1765
1633.9,-60.1757
1634.0,-60.1750
1634.1,-60.1743
1634.2,-60.1736
1634.3,-60.1728
1634.4,-60.1721
1634.5,-60.1714
1634.6,-60.1707
1634.7,-60.1700
1634.8,-60.1692
1634.9,-60.1685
1635.0,-60.1678
1635.1,-60.1671
1635.2,-60.1663
1635.3,-60.1656
1635.4,-60.1649
1635.5,-60.1642
1635.6,-60.1635
1635.7,-60.1627
1635.8,-60.1620
1635.9,-60.1613
1636.0,-60.1606
1636.1,-60.1598
1636.2,-60.1591
1636.3,-60.1584
1636.4,-60.1577
1636.5,-60.1570
1636.6,-60.1563
1636.7,-60.1555
1636.8,-60.1548
1636.9,-60.1541
1637.0,-60.1534
1637.1,-60.1527
1637.2,-60.1519
1637.3,-60.1512
1637.4,-60.1505
1637.5,-60.1498
1637.6,-60.1491
1637.7,-60.1484
1637.8,-60.1476
1637.9,-60.1469
1638.0,-60.1462
1638.1,-60.1455
1638.2,-60.1448
1638.3,-60.1441
1638.4,-60.1434
1638.5,-60.1426
1638.6,-60.1419
1638.7,-60.1412
1638.8,-60.1405
1638.9,-60.1398
1639.0,-60.1391
1639.1,-60.1384
1639.2,-60.1376
1639.3,-60.1369
1639.4,-60.1362
1639.5,-60.1355
1639.6,-60.1348
1639.7,-60.1341
1639.8,-60.1334
1639.9,-60.1327
1640.0,-60.1320
1640.1,-60.1312
1640.2,-60.1305
1640.3,-60.1298
1640.4,-60.1291
1640.5,-60.1284
1640.6,-60.1277
1640.7,-60.1270
1640.8,-60.1263
1640.9,-60.1256
1641.0,-60.1249
1641.1,-60.1242
1641.2,-60.1234
1641.3,-60.1227
1641.4,-60.1220
1641.5,-60.1213
1641.6,-60.1206
1641.7,-60.1199
1641.8,-60.1192
1641.9,-60.1185
1642.0,-60.1178
1642.1,-60.1171
1642.2,-60.1164
1642.3,-60.1157
1642.4,-60.1150
1642.5,-60.1143
1642.6,-60.1136
1642.7,-60.1129
1642.8,-60.1121
1642.9,-60.1114
1643.0,-60.1107
1643.1,-60.1100
1643.2,-60.1093
1643.3,-60.1086
1643.4,-60.1079
1643.5,-60.1072
1643.6,-60.1065
1643.7,-60.1058
1643.8,-60.1051
1643.9,-60.1044
1644.0,-60.1037
1644.1,-60.1030
1644.2,-60.1023
1644.3,-60.1016
1644.4,-60.1009
1644.5,-60.1002
1644.6,-60.0995
1644.7,-60.0988
1644.8,-60.0981
1644.9,-60.0974
1645.0,-60.0967
1645.1,-60.0960
1645.2,-60.0953
1645.3,-60.0946
1645.4,-60.0939
1645.5,-60.0932
1645.6,-60.0925
1645.7,-60.0918
1645.8,-60.0911
1645.9,-60.0904
1646.0,-60.0897
1646.1,-60.0890
1646.2,-60.0883
1646.3,-60.0876
1646.4,-60.0870
1646.5,-60.0863
1646.6,-60.0856
1646.7,-60.0849
1646.8,-60.0842
1646.9,-60.0835
1647.0,-60.0828
1647.1,-60.0821
1647.2,-60.0814
1647.3,-60.0807
1647.4,-60.0800
1647.5,-60.0793
1647.6,-60.0786
1647.7,-60.0779
1647.8,-60.0772
1647.9,-60.0765
1648.0,-60.0759
1648.1,-60.0752
1648.2,-60.0745
1648.3,-60.0738
1648.4,-60.0731
1648.5,-60.0724
1648.6,-60.0717
1648.7,-60.0710
1648.8,-60.0703
1648.9,-60.0696
1649.0,-60.0689
1649.1,-60.0683
1649.2,-60.0676
1649.3,-60.0669
1649.4,-60.0662
1649.5,-60.0655
1649.6,-60.0648
1649.7,-60.0641
1649.8,-60.0634
1649.9,-60.0627
1650.0,-60.0621
1650.1,-60.0614
1650.2,-60.0607
1650.3,-60.0600
1650.4,-60.0593
1650.5,-60.0586
1650.6,-60.0579
1650.7,-60.0573
1650.8,-60.0566
1650.9,-60.0559
1651.0,-60.0552
1651.1,-60.0545
1651.2,-60.0538
1651.3,-60.0531
1651.4,-60.0525
1651.5,-60.0518
1651.6,-60.0511
1651.7,-60.0504
1651.8,-60.0497
1651.9,-60.0490
1652.0,-60.0484
1652.1,-60.0477
1652.2,-60.0470
1652.3,-60.0463
1652.4,-60.0456
1652.5,-60.0449
1652.6,-60.0443
1652.7,-60.0436
1652.8,-60.0429
1652.9,-60.0422
1653.0,-60.0415
1653.1,-60.0409
1653.2,-60.0402
1653.3,-60.0395
1653.4,-60.0388
1653.5,-60.0381
1653.6,-60.0375
1653.7,-60.0368
1653.8,-60.0361
1653.9,-60.0354
1654.0,-60.0347
1654.1,-60.0341
1654.2,-60.0334
1654.3,-60.0327
1654.4,-60.0320
1654.5,-60.0314
1654.6,-60.0307
1654.7,-60.0300
1654.8,-60.0293
1654.9,-60.0287
1655.0,-60.0280
1655.1,-60.0273
1655.2,-60.0266
1655.3,-60.0259
1655.4,-60.0253
1655.5,-60.0246
1655.6,-60.0239
1655.7,-60.0232
1655.8,-60.0226
1655.9,-60.0219
1656.0,-60.0212
1656.1,-60.0206
1656.2,-60.0199
1656.3,-60.0192
1656.4,-60.0185
1656.5,-60.0179
1656.6,-60.0172
1656.7,-60.0165
1656.8,-60.0158
1656.9,-60.0152
1657.0,-60.0145
1657.1,-60.0138
1657.2,-60.0132
1657.3,-60.0125
1657.4,-60.0118
1657.5,-60.0111
1657.6,-60.0105
1657.7,-60.0098
1657.8,-60.0091
1657.9,-60.0085
1658.0,-60.0078
1658.1,-60.0071
1658.2,-60.0065
1658.3,-60.0058
1658.4,-60.0051
1658.5,-60.0045
1658.6,-60.0038
1658.7,-60.0031
1658.8,-60.0025
1658.9,-60.0018
1659.0,-60.0011
1659.1,-60.0004
1659.2,-59.9998
1659.3,-59.9991
1659.4,-59.9984
1659.5,-59.9978
1659.6,-59.9971
1659.7,-59.9965
1659.8,-59.9958
1659.9,-59.9951
1660.0,-59.9945
1660.1,-59.9938
1660.2,-59.9931
1660.3,-59.9925
1660.4,-59.9918
1660.5,-59.9911
1660.6,-59.9905
1660.7,-59.9898
1660.8,-59.9891
1660.9,-59.9885
1661.0,-59.9878
1661.1,-59.9872
1661.2,-59.9865
1661.3,-59.9858
1661.4,-59.9852
1661.5,-59.9845
1661.6,-59.9838
1661.7,-59.9832
1661.8,-59.9825
1661.9,-59.9819
1662.0,-59.9812
1662.1,-59.9805
1662.2,-59.9799
1662.3,-59.9792
1662.4,-59.9786
1662.5,-59.9779
1662.6,-59.9772
1662.7,-59.9766
1662.8,-59.9759
1662.9,-59.9753
1663.0,-59.9746
1663.1,-59.9740
1663.2,-59.9733
1663.3,-59.9726
1663.4,-59.9720
1663.5,-59.9713
1663.6,-59.9707
1663.7,-59.9700
1663.8,-59.9694
1663.9,-59.9687
1664.0,-59.9680
1664.1,-59.9674
1664.2,-59.9667
1664.3,-59.9661
1664.4,-59.9654
1664.5,-59.9648
1664.6,-59.9641
1664.7,-59.9635
1664.8,-59.9628
1664.9,-59.9621
1665.0,-59.9615
1665.1,-59.9608
1665.2,-59.9602
1665.3,-59.9595
1665.4,-59.9589
1665.5,-59.9582
1665.6,-59.9576
1665.7,-59.9569
1665.8,-59.9563
1665.9,-59.9556
1666.0,-59.9550
1666.1,-59.9543
1666.2,-59.9537
1666.3,-59.9530
1666.4,-59.9524
1666.5,-59.9517
1666.6,-59.9511
1666.7,-59.9504
1666.8,-59.9498
1666.9,-59.9491
1667.0,-59.9485
1667.1,-59.9478
1667.2,-59.9472
1667.3,-59.9465
1667.4,-59.9459
1667.5,-59.9452
1667.6,-59.9446
1667.7,-59.9439
1667.8,-59.9433
1667.9,-59.9426
1668.0,-59.9420
1668.1,-59.9413
1668.2,-59.9407
1668.3,-59.9400
1668.4,-59.9394
1668.5,-59.9387
1668.6,-59.9381
1668.7,-59.9374
1668.8,-59.9368
1668.9,-59.9362
1669.0,-59.9355
1669.1,-59.9349
1669.2,-59.9342
1669.3,-59.9336
1669.4,-59.9329
1669.5,-59.9323
1669.6,-59.9316
1669.7,-59.9310
1669.8,-59.9304
1669.9,-59.9297
1670.0,-59.9291
1670.1,-59.9284
1670.2,-59.9278
1670.3,-59.9271
1670.4,-59.9265
1670.5,-59.9259
1670.6,-59.9252
1670.7,-59.9246
1670.8,-59.9239
1670.9,-59.9233
1671.0,-59.9227
1671.1,-59.9220
1671.2,-59.9214
1671.3,-59.9207
1671.4,-59.9201
1671.5,-59.9194
1671.6,-59.9188
1671.7,-59.9182
1671.8,-59.9175
1671.9,-59.9169
1672.0,-59.9163
1672.1,-59.9156
1672.2,-59.9150
1672.3,-59.9143
1672.4,-59.9137
1672.5,-59.9131
1672.6,-59.9124
1672.7,-59.9118
1672.8,-59.9111
1672.9,-59.9105
1673.0,-59.9099
1673.1,-59.9092
1673.2,-59.9086
1673.3,-59.9080
1673.4,-59.9073
1673.5,-59.9067
1673.6,-59.9061
1673.7,-59.9054
1673.8,-59.9048
1673.9,-59.9042
1674.0,-59.9035
1674.1,-59.9029
1674.2,-59.9023
1674.3,-59.9016
1674.4,-59.9010
1674.5,-59.9004
1674.6,-59.8997
1674.7,-59.8991
1674.8,-59.8985
1674.9,-59.8978
1675.0,-59.8972
1675.1,-59.8966
1675.2,-59.8959
1675.3,-59.8953
1675.4,-59.8947
1675.5,-59.8940
1675.6,-59.8934
1675.7,-59.8928
1675.8,-59.8921
1675.9,-59.8915
1676.0,-59.8909
1676.1,-59.8902
1676.2,-59.8896
1676.3,-59.8890
1676.4,-59.8884
1676.5,-59.8877
1676.6,-59.8871
1676.7,-59.8865
1676.8,-59.8858
1676.9,-59.8852
1677.0,-59.8846
1677.1,-59.8840
1677.2,-59.8833
1677.3,-59.8827
1677.4,-59.8821
1677.5,-59.8814
1677.6,-59.8808
1677.7,-59.8802
1677.8,-59.8796
1677.9,-59.8789
1678.0,-59.8783
1678.1,-59.8777
1678.2,-59.8771
1678.3,-59.8764
1678.4,-59.8758
1678.5,-59.8752
1678.6,-59.8746
1678.7,-59.8739
1678.8,-59.8733
1678.9,-59.8727
1679.0,-59.8721
1679.1,-59.8714
1679.2,-59.8708
1679.3,-59.8702
1679.4,-59.8696
1679.5,-59.8689
1679.6,-59.8683
1679.7,-59.8677
1679.8,-59.8671
1679.9,-59.8665
1680.0,-57.8461
1680.1,-57.8398
1680.2,-57.8333
1680.3,-57.8266
1680.4,-57.8196
1680.5,-57.8123
1680.6,-57.8047
1680.7,-57.7968
1680.8,-57.7885
1680.9,-57.7800
1681.0,-57.7711
1681.1,-57.7619
1681.2,-57.7523
1681.3,-57.7423
1681.4,-57.7319
1681.5,-57.7210
1681.6,-57.7098
1681.7,-57.6981
1681.8,-57.6860
1681.9,-57.6733
1682.0,-57.6602
1682.1,-57.6465
1682.2,-57.6323
1682.3,-57.6176
1682.4,-57.6023
1682.5,-57.5863
1682.6,-57.5698
1682.7,-57.5525
1682.8,-57.5346
1682.9,-57.5160
1683.0,-57.4967
1683.1,-57.4767
1683.2,-57.4558
1683.3,-57.4341
1683.4,-57.4116
1683.5,-57.3883
1683.6,-57.3640
1683.7,-57.3388
1683.8,-57.3126
1683.9,-57.2854
1684.0,-57.2572
1684.1,-57.2279
1684.2,-57.1975
1684.3,-57.1659
1684.4,-57.1332
1684.5,-57.0992
1684.6,-57.0639
1684.7,-57.0273
1684.8,-56.9894
1684.9,-56.9500
1685.0,-56.9092
1685.1,-56.8669
1685.2,-56.8230
1685.3,-56.7775
1685.4,-56.7304
1685.5,-56.6815
1685.6,-56.6309
1685.7,-56.5785
1685.8,-56.5242
1685.9,-56.4680
1686.0,-56.4098
1686.1,-56.3496
1686.2,-56.2872
1686.3,-56.2227
1686.4,-56.1560
1686.5,-56.0870
1686.6,-56.0157
1686.7,-55.9420
1686.8,-55.8658
1686.9,-55.7870
1687.0,-55.7057
1687.1,-55.6218
1687.2,-55.5351
1687.3,-55.4457
1687.4,-55.3535
1687.5,-55.2583
1687.6,-55.1603
1687.7,-55.0592
1687.8,-54.9551
1687.9,-54.8478
1688.0,-54.7374
1688.1,-54.6238
1688.2,-54.5070
1688.3,-54.3868
1688.4,-54.2633
1688.5,-54.1364
1688.6,-54.0061
1688.7,-53.8724
1688.8,-53.7352
1688.9,-53.5945
1689.0,-53.4502
1689.1,-53.3025
1689.2,-53.1512
1689.3,-52.9963
1689.4,-52.8380
1689.5,-52.6761
1689.6,-52.5107
1689.7,-52.3417
1689.8,-52.1694
1689.9,-51.9936
1690.0,-51.8143
1690.1,-51.6318
1690.2,-51.4460
1690.3,-51.2569
1690.4,-51.0647
1690.5,-50.8694
1690.6,-50.6711
1690.7,-50.4700
1690.8,-50.2660
1690.9,-50.0593
1691.0,-49.8501
1691.1,-49.6384
1691.2,-49.4244
1691.3,-49.2082
1691.4,-48.9900
1691.5,-48.7698
1691.6,-48.5479
1691.7,-48.3245
1691.8,-48.0996
1691.9,-47.8734
1692.0,-47.6462
1692.1,-47.4180
1692.2,-47.1892
1692.3,-46.9598
1692.4,-46.7300
1692.5,-46.5000
1692.6,-46.2700
1692.7,-46.0402
1692.8,-45.8108
1692.9,-45.5820
1693.0,-45.3538
1693.1,-45.1266
1693.2,-44.9004
1693.3,-44.6755
1693.4,-44.4521
1693.5,-44.2302
1693.6,-44.0100
1693.7,-43.7918
1693.8,-43.5756
1693.9,-43.3616
1694.0,-43.1499
1694.1,-42.9407
1694.2,-42.7340
1694.3,-42.5300
1694.4,-42.3289
1694.5,-42.1306
1694.6,-41.9353
1694.7,-41.7431
1694.8,-41.5540
1694.9,-41.3682
1695.0,-41.1857
1695.1,-41.0064
1695.2,-40.8306
1695.3,-40.6583
1695.4,-40.4893
1695.5,-40.3239
1695.6,-40.1620
1695.7,-40.0037
1695.8,-39.8488
1695.9,-39.6975
1696.0,-39.5498
1696.1,-39.4055
1696.2,-39.2648
1696.3,-39.1276
1696.4,-38.9939
1696.5,-38.8636
1696.6,-38.7367
1696.7,-38.6132
1696.8,-38.4930
1696.9,-38.3762
1697.0,-38.2626
1697.1,-38.1522
1697.2,-38.0449
1697.3,-37.9408
1697.4,-37.8397
1697.5,-37.7417
1697.6,-37.6465
1697.7,-37.5543
1697.8,-37.4649
1697.9,-37.3782
1698.0,-37.2943
1698.1,-37.2130
1698.2,-37.1342
1698.3,-37.0580
1698.4,-36.9843
1698.5,-36.9130
1698.6,-36.8440
1698.7,-36.7773
1698.8,-36.7128
1698.9,-36.6504
1699.0,-36.5902
1699.1,-36.5320
1699.2,-36.4758
1699.3,-36.4215
1699.4,-36.3691
1699.5,-36.3185
1699.6,-36.2696
1699.7,-36.2225
1699.8,-36.1770
1699.9,-36.1331
1700.0,-36.0908
1700.1,-36.0500
1700.2,-36.0106
1700.3,-35.9727
1700.4,-35.9361
1700.5,-35.9008
1700.6,-35.8668
1700.7,-35.8341
1700.8,-35.8025
1700.9,-35.7721
1701.0,-35.7428
1701.1,-35.7146
1701.2,-35.6874
1701.3,-35.6612
1701.4,-35.6360
1701.5,-35.6117
1701.6,-35.5884
1701.7,-35.5659
1701.8,-35.5442
1701.9,-35.5233
1702.0,-35.5033
1702.1,-35.4840
1702.2,-35.4654
1702.3,-35.4475
1702.4,-35.4302
1702.5,-35.4137
1702.6,-35.3977
1702.7,-35.3824
1702.8,-35.3677
1702.9,-35.3535
1703.0,-35.3398
1703.1,-35.3267
1703.2,-35.3140
1703.3,-35.3019
1703.4,-35.2902
1703.5,-35.2790
1703.6,-35.2681
1703.7,-35.2577
1703.8,-35.2477
1703.9,-35.2381
1704.0,-35.2289
1704.1,-35.2200
1704.2,-35.2115
1704.3,-35.2032
1704.4,-35.1953
1704.5,-35.1877
1704.6,-35.1804
1704.7,-35.1734
1704.8,-35.1667
1704.9,-35.1602
1705.0,-35.0000
1705.1,-13.9975
1705.2,7.0025
1705.3,28.0000
1705.4,28.0000
1705.5,28.0000
1705.6,15.1429
1705.7,2.2857
1705.8,-10.5714
1705.9,-23.4286
1706.0,-36.2857
1706.1,-49.1429
1706.2,-62.0000
1706.3,-62.2500
1706.4,-62.5000
1706.5,-62.7500
1706.6,-63.0000
1706.7,-63.2500
1706.8,-63.5000
1706.9,-63.7500
1707.0,-63.4771
1707.1,-63.2846
1707.2,-63.0238
1707.3,-62.6723
1707.4,-62.2022
1707.5,-61.5803
1707.6,-60.7688
1707.7,-59.7285
1707.8,-58.4255
1707.9,-56.8394
1708.0,-54.9751
1708.1,-52.8711
1708.2,-50.6034
1708.3,-48.2770
1708.4,-46.0081
1708.5,-43.9020
1708.6,-42.0345
1708.7,-40.4448
1708.8,-39.1377
1708.9,-38.0932
1709.0,-37.2772
1709.1,-36.6509
1709.2,-36.1765
1709.3,-35.8207
1709.4,-35.5557
1709.5,-34.8346
1709.6,-34.8309
1709.7,-34.8272
1709.8,-34.8235
1709.9,-34.8199
1710.0,-34.8162
1710.1,-34.8125
1710.2,-34.8088
1710.3,-34.8051
1710.4,-34.8015
1710.5,-34.7978
1710.6,-34.7941
1710.7,-34.7904
1710.8,-34.7868
1710.9,-34.7831
1711.0,-34.7794
1711.1,-34.7757
1711.2,-34.7721
1711.3,-34.7684
1711.4,-34.7647
1711.5,-34.7610
1711.6,-34.7574
1711.7,-34.7537
1711.8,-34.7500
1711.9,-34.7463
1712.0,-34.7426
1712.1,-34.7390
1712.2,-34.7353
1712.3,-34.7316
1712.4,-34.7279
1712.5,-34.7243
1712.6,-34.7206
1712.7,-34.7169
1712.8,-34.7132
1712.9,-34.7096
1713.0,-34.7059
1713.1,-34.7022
1713.2,-34.6985
1713.3,-34.6949
1713.4,-34.6912
1713.5,-34.6875
1713.6,-34.6838
1713.7,-34.6801
1713.8,-34.6765
1713.9,-34.6728
1714.0,-34.6691
1714.1,-34.6654
1714.2,-34.6618
1714.3,-34.6581
1714.4,-34.6544
1714.5,-34.6507
1714.6,-34.6471
1714.7,-34.6434
1714.8,-34.6397
1714.9,-34.6360
1715.0,-34.6324
1715.1,-34.6287
1715.2,-34.6250
1715.3,-34.6213
1715.4,-34.6176
1715.5,-34.6140
1715.6,-34.6103
1715.7,-34.6066
1715.8,-34.6029
1715.9,-34.5993
1716.0,-34.5956
1716.1,-34.5919
1716.2,-34.5882
1716.3,-34.5846
1716.4,-34.5809
1716.5,-34.5772
1716.6,-34.5735
1716.7,-34.5699
1716.8,-34.5662
1716.9,-34.5625
1717.0,-34.5588
1717.1,-34.5551
1717.2,-34.5515
1717.3,-34.5478
1717.4,-34.5441
1717.5,-34.5404
1717.6,-34.5368
1717.7,-34.5331
1717.8,-34.5294
1717.9,-34.5257
1718.0,-34.5221
1718.1,-34.5184
1718.2,-34.5147
1718.3,-34.5110
1718.4,-34.5074
1718.5,-34.5037
1718.6,-34.5000
1718.7,-34.4963
1718.8,-34.4926
1718.9,-34.4890
1719.0,-34.4853
1719.1,-34.4816
1719.2,-34.4779
1719.3,-34.4743
1719.4,-34.4706
1719.5,-34.4669
1719.6,-34.4632
1719.7,-34.4596
1719.8,-34.4559
1719.9,-34.4522
1720.0,-34.4485
1720.1,-34.4449
1720.2,-34.4412
1720.3,-34.4375
1720.4,-34.4338
1720.5,-34.4301
1720.6,-34.4265
1720.7,-34.4228
1720.8,-34.4191
1720.9,-34.4154
1721.0,-34.4118
1721.1,-34.4081
1721.2,-34.4044
1721.3,-34.4007
1721.4,-34.3971
1721.5,-34.3934
1721.6,-34.3897
1721.7,-34.3860
1721.8,-34.3824
1721.9,-34.3787
1722.0,-34.3750
1722.1,-34.3713
1722.2,-34.3676
1722.3,-34.3640
1722.4,-34.3603
1722.5,-34.3566
1722.6,-34.3529
1722.7,-34.3493
1722.8,-34.3456
1722.9,-34.3419
1723.0,-34.3382
1723.1,-34.3346
1723.2,-34.3309
1723.3,-34.3272
1723.4,-34.3235
1723.5,-34.3199
1723.6,-34.3162
1723.7,-34.3125
1723.8,-34.3088
1723.9,-34.3051
1724.0,-34.3015
1724.1,-34.2978
1724.2,-34.2941
1724.3,-34.2904
1724.4,-34.2868
1724.5,-34.2831
1724.6,-34.2794
1724.7,-34.2757
1724.8,-34.2721
1724.9,-34.2684
1725.0,-34.2647
1725.1,-34.2610
1725.2,-34.2574
1725.3,-34.2537
1725.4,-34.2500
1725.5,-34.2463
1725.6,-34.2426
1725.7,-34.2390
1725.8,-34.2353
1725.9,-34.2316
1726.0,-34.2279
1726.1,-34.2243
1726.2,-34.2206
1726.3,-34.2169
1726.4,-34.2132
1726.5,-34.2096
1726.6,-34.2059
1726.7,-34.2022
1726.8,-34.1985
1726.9,-34.1949
1727.0,-34.1912
1727.1,-34.1875
1727.2,-34.1838
1727.3,-34.1801
1727.4,-34.1765
1727.5,-34.1728
1727.6,-34.1691
1727.7,-34.1654
1727.8,-34.1618
1727.9,-34.1581
1728.0,-34.1544
1728.1,-34.1507
1728.2,-34.1471
1728.3,-34.1434
1728.4,-34.1397
1728.5,-34.1360
1728.6,-34.1324
1728.7,-34.1287
1728.8,-34.1250
1728.9,-34.1213
1729.0,-34.1176
1729.1,-34.1140
1729.2,-34.1103
1729.3,-31.1492
1729.4,-10.4447
1729.5,10.2574
1729.6,28.0000
1729.7,28.0000
1729.8,26.1633
1729.9,13.3061
1730.0,0.4490
1730.1,-12.4082
1730.2,-25.2653
1730.3,-38.1224
1730.4,-50.9796
1730.5,-62.0357
1730.6,-62.2857
1730.7,-62.5357
1730.8,-62.7857
1730.9,-63.0357
1731.0,-63.2857
1731.1,-63.5357
1731.2,-63.7857
1731.3,-63.4363
1731.4,-63.2290
1731.5,-62.9484
1731.6,-62.5705
1731.7,-62.0660
1731.8,-61.3995
1731.9,-60.5318
1732.0,-59.4229
1732.1,-58.0390
1732.2,-56.3623
1732.3,-54.4022
1732.4,-52.2040
1732.5,-49.8510
1732.6,-47.4545
1732.7,-45.1340
1732.8,-42.9945
1732.9,-41.1093
1733.0,-39.5130
1733.1,-38.2063
1733.2,-37.1658
1733.3,-36.3554
1733.4,-35.7347
1733.5,-35.2653
1733.6,-34.9137
1733.7,-34.6520
1733.8,-33.9412
1733.9,-33.9375
1734.0,-33.9338
1734.1,-33.9301
1734.2,-33.9265
1734.3,-33.9228
1734.4,-33.9191
1734.5,-33.9154
1734.6,-33.9118
1734.7,-33.9081
1734.8,-33.9044
1734.9,-33.9007
1735.0,-33.8971
1735.1,-33.8934
1735.2,-33.8897
1735.3,-33.8860
1735.4,-33.8824
1735.5,-33.8787
1735.6,-33.8750
1735.7,-33.8713
1735.8,-33.8676
1735.9,-33.8640
1736.0,-33.8603
1736.1,-33.8566
1736.2,-33.8529
1736.3,-33.8493
1736.4,-33.8456
1736.5,-33.8419
1736.6,-33.8382
1736.7,-33.8346
1736.8,-33.8309
1736.9,-33.8272
1737.0,-33.8235
1737.1,-33.8199
1737.2,-33.8162
1737.3,-33.8125
1737.4,-33.8088
1737.5,-33.8051
1737.6,-33.8015
1737.7,-33.7978
1737.8,-33.7941
1737.9,-33.7904
1738.0,-33.7868
1738.1,-33.7831
1738.2,-33.7794
1738.3,-33.7757
1738.4,-33.7721
1738.5,-33.7684
1738.6,-33.7647
1738.7,-33.7610
1738.8,-33.7574
1738.9,-33.7537
1739.0,-33.7500
1739.1,-33.7463
1739.2,-33.7426
1739.3,-33.7390
1739.4,-33.7353
1739.5,-33.7316
1739.6,-33.7279
1739.7,-33.7243
1739.8,-33.7206
1739.9,-33.7169
1740.0,-33.7132
1740.1,-33.7096
1740.2,-33.7059
1740.3,-33.7022
1740.4,-33.6985
1740.5,-33.6949
1740.6,-33.6912
1740.7,-33.6875
1740.8,-33.6838
1740.9,-33.6801
1741.0,-33.6765
1741.1,-33.6728
1741.2,-33.6691
1741.3,-33.6654
1741.4,-33.6618
1741.5,-33.6581
1741.6,-33.6544
1741.7,-33.6507
1741.8,-33.6471
1741.9,-33.6434
1742.0,-33.6397
1742.1,-33.6360
1742.2,-33.6324
1742.3,-33.6287
1742.4,-33.6250
1742.5,-33.6213
1742.6,-33.6176
1742.7,-33.6140
1742.8,-33.6103
1742.9,-33.6066
1743.0,-33.6029
1743.1,-33.5993
1743.2,-33.5956
1743.3,-33.5919
1743.4,-33.5882
1743.5,-33.5846
1743.6,-33.5809
1743.7,-33.5772
1743.8,-33.5735
1743.9,-33.5699
1744.0,-33.5662
1744.1,-33.5625
1744.2,-33.5588
1744.3,-33.5551
1744.4,-33.5515
1744.5,-33.5478
1744.6,-33.5441
1744.7,-33.5404
1744.8,-33.5368
1744.9,-33.5331
1745.0,-33.5294
1745.1,-33.5257
1745.2,-33.5221
1745.3,-33.5184
1745.4,-33.5147
1745.5,-33.5110
1745.6,-33.5074
1745.7,-33.5037
1745.8,-33.5000
1745.9,-33.4963
1746.0,-33.4926
1746.1,-33.4890
1746.2,-33.4853
1746.3,-33.4816
1746.4,-33.4779
1746.5,-33.4743
1746.6,-33.4706
1746.7,-33.4669
1746.8,-33.4632
1746.9,-33.4596
1747.0,-33.4559
1747.1,-33.4522
1747.2,-33.4485
1747.3,-33.4449
1747.4,-33.4412
1747.5,-33.4375
1747.6,-33.4338
1747.7,-33.4301
1747.8,-33.4265
1747.9,-33.4228
1748.0,-33.4191
1748.1,-33.4154
1748.2,-33.4118
1748.3,-33.4081
1748.4,-33.4044
1748.5,-33.4007
1748.6,-33.3971
1748.7,-33.3934
1748.8,-33.3897
1748.9,-33.3860
1749.0,-33.3824
1749.1,-33.3787
1749.2,-33.3750
1749.3,-33.3713
1749.4,-33.3676
1749.5,-33.3640
1749.6,-33.3603
1749.7,-33.3566
1749.8,-33.3529
1749.9,-33.3493
1750.0,-33.3456
1750.1,-33.3419
1750.2,-33.3382
1750.3,-33.3346
1750.4,-33.3309
1750.5,-33.3272
1750.6,-33.3235
1750.7,-33.3199
1750.8,-33.3162
1750.9,-33.3125
1751.0,-33.3088
1751.1,-33.3051
1751.2,-33.3015
1751.3,-33.2978
1751.4,-33.2941
1751.5,-33.2904
1751.6,-33.2868
1751.7,-33.2831
1751.8,-33.2794
1751.9,-33.2757
1752.0,-33.2721
1752.1,-33.2684
1752.2,-33.2647
1752.3,-33.2610
1752.4,-33.2574
1752.5,-33.2537
1752.6,-33.2500
1752.7,-33.2463
1752.8,-33.2426
1752.9,-33.2390
1753.0,-33.2353
1753.1,-33.2316
1753.2,-33.2279
1753.3,-33.2243
1753.4,-33.2206
1753.5,-33.2169
1753.6,-27.3834
1753.7,-6.9769
1753.8,13.4272
1753.9,28.0000
1754.0,28.0000
1754.1,24.3265
1754.2,11.4694
1754.3,-1.3878
1754.4,-14.2449
1754.5,-27.1020
1754.6,-39.9592
1754.7,-52.8163
1754.8,-62.0714
1754.9,-62.3214
1755.0,-62.5714
1755.1,-62.8214
1755.2,-63.0714
1755.3,-63.3214
1755.4,-63.5714
1755.5,-63.8214
1755.6,-63.3928
1755.7,-63.1699
1755.8,-62.8682
1755.9,-62.4625
1756.0,-61.9214
1756.1,-61.2081
1756.2,-60.2815
1756.3,-59.1010
1756.4,-57.6335
1756.5,-55.8639
1756.6,-53.8066
1756.7,-51.5142
1756.8,-49.0774
1756.9,-46.6133
1757.0,-44.2445
1757.1,-42.0752
1757.2,-40.1752
1757.3,-38.5748
1757.4,-37.2704
1757.5,-36.2354
1757.6,-35.4314
1757.7,-34.8170
1757.8,-34.3531
1757.9,-34.0060
1758.0,-33.7478
1758.1,-33.0478
1758.2,-33.0441
1758.3,-33.0404
1758.4,-33.0368
1758.5,-33.0331
1758.6,-33.0294
1758.7,-33.0257
1758.8,-33.0221
1758.9,-33.0184
1759.0,-33.0147
1759.1,-33.0110
1759.2,-33.0074
1759.3,-33.0037
1759.4,-33.0000
1759.5,-32.9963
1759.6,-32.9926
1759.7,-32.9890
1759.8,-32.9853
1759.9,-32.9816
1760.0,-32.9779
1760.1,-32.9743
1760.2,-32.9706
1760.3,-32.9669
1760.4,-32.9632
1760.5,-32.9596
1760.6,-32.9559
1760.7,-32.9522
1760.8,-32.9485
1760.9,-32.9449
1761.0,-32.9412
1761.1,-32.9375
1761.2,-32.9338
1761.3,-32.9301
1761.4,-32.9265
1761.5,-32.9228
1761.6,-32.9191
1761.7,-32.9154
1761.8,-32.9118
1761.9,-32.9081
1762.0,-32.9044
1762.1,-32.9007
1762.2,-32.8971
1762.3,-32.8934
1762.4,-32.8897
1762.5,-32.8860
1762.6,-32.8824
1762.7,-32.8787
1762.8,-32.8750
1762.9,-32.8713
1763.0,-32.8676
1763.1,-32.8640
1763.2,-32.8603
1763.3,-32.8566
1763.4,-32.8529
1763.5,-32.8493
1763.6,-32.8456
1763.7,-32.8419
1763.8,-32.8382
1763.9,-32.8346
1764.0,-32.8309
1764.1,-32.8272
1764.2,-32.8235
1764.3,-32.8199
1764.4,-32.8162
1764.5,-32.8125
1764.6,-32.8088
1764.7,-32.8051
1764.8,-32.8015
1764.9,-32.7978
1765.0,-32.7941
1765.1,-32.7904
1765.2,-32.7868
1765.3,-32.7831
1765.4,-32.7794
1765.5,-32.7757
1765.6,-32.7721
1765.7,-32.7684
1765.8,-32.7647
1765.9,-32.7610
1766.0,-32.7574
1766.1,-32.7537
1766.2,-32.7500
1766.3,-32.7463
1766.4,-32.7426
1766.5,-32.7390
1766.6,-32.7353
1766.7,-32.7316
1766.8,-32.7279
1766.9,-32.7243
1767.0,-32.7206
1767.1,-32.7169
1767.2,-32.7132
1767.3,-32.7096
1767.4,-32.7059
1767.5,-32.7022
1767.6,-32.6985
1767.7,-32.6949
1767.8,-32.6912
1767.9,-32.6875
1768.0,-32.6838
1768.1,-32.6801
1768.2,-32.6765
1768.3,-32.6728
1768.4,-32.6691
1768.5,-32.6654
1768.6,-32.6618
1768.7,-32.6581
1768.8,-32.6544
1768.9,-32.6507
1769.0,-32.6471
1769.1,-32.6434
1769.2,-32.6397
1769.3,-32.6360
1769.4,-32.6324
1769.5,-32.6287
1769.6,-32.6250
1769.7,-32.6213
1769.8,-32.6176
1769.9,-32.6140
1770.0,-32.6103
1770.1,-32.6066
1770.2,-32.6029
1770.3,-32.5993
1770.4,-32.5956
1770.5,-32.5919
1770.6,-32.5882
1770.7,-32.5846
1770.8,-32.5809
1770.9,-32.5772
1771.0,-32.5735
1771.1,-32.5699
1771.2,-32.5662
1771.3,-32.5625
1771.4,-32.5588
1771.5,-32.5551
1771.6,-32.5515
1771.7,-32.5478
1771.8,-32.5441
1771.9,-32.5404
1772.0,-32.5368
1772.1,-32.5331
1772.2,-32.5294
1772.3,-32.5257
1772.4,-32.5221
1772.5,-32.5184
1772.6,-32.5147
1772.7,-32.5110
1772.8,-32.5074
1772.9,-32.5037
1773.0,-32.5000
1773.1,-32.4963
1773.2,-32.4926
1773.3,-32.4890
1773.4,-32.4853
1773.5,-32.4816
1773.6,-32.4779
1773.7,-32.4743
1773.8,-32.4706
1773.9,-32.4669
1774.0,-32.4632
1774.1,-32.4596
1774.2,-32.4559
1774.3,-32.4522
1774.4,-32.4485
1774.5,-32.4449
1774.6,-32.4412
1774.7,-32.4375
1774.8,-32.4338
1774.9,-32.4301
1775.0,-32.4265
1775.1,-32.4228
1775.2,-32.4191
1775.3,-32.4154
1775.4,-32.4118
1775.5,-32.4081
1775.6,-32.4044
1775.7,-32.4007
1775.8,-32.3971
1775.9,-32.3934
1776.0,-32.3897
1776.1,-32.3860
1776.2,-32.3824
1776.3,-32.3787
1776.4,-32.3750
1776.5,-32.3713
1776.6,-32.3676
1776.7,-32.3640
1776.8,-32.3603
1776.9,-32.3566
1777.0,-32.3529
1777.1,-32.3493
1777.2,-32.3456
1777.3,-32.3419
1777.4,-32.3382
1777.5,-32.3346
1777.6,-32.3309
1777.7,-32.3272
1777.8,-32.3235
1777.9,-23.7027
1778.0,-3.5942
1778.1,16.5119
1778.2,28.0000
1778.3,28.0000
1778.4,22.4898
1778.5,9.6327
1778.6,-3.2245
1778.7,-16.0816
1778.8,-28.9388
1778.9,-41.7959
1779.0,-54.6531
1779.1,-62.1071
1779.2,-62.3571
1779.3,-62.6071
1779.4,-62.8571
1779.5,-63.1071
1779.6,-63.3571
1779.7,-63.6071
1779.8,-63.8571
1779.9,-63.3466
1780.0,-63.1071
1780.1,-62.7831
1780.2,-62.3478
1780.3,-61.7683
1780.4,-61.0056
1780.5,-60.0174
1780.6,-58.7624
1780.7,-57.2084
1780.8,-55.3437
1780.9,-53.1881
1781.0,-50.8018
1781.1,-48.2828
1781.2,-45.7541
1781.3,-43.3404
1781.4,-41.1447
1781.5,-39.2329
1781.6,-37.6308
1781.7,-36.3305
1781.8,-35.3022
1781.9,-34.5056
1782.0,-33.8980
1782.1,-33.4399
1782.2,-33.0976
1782.3,-32.8432
1782.4,-32.1544
1782.5,-32.1507
1782.6,-32.1471
1782.7,-32.1434
1782.8,-32.1397
1782.9,-32.1360
1783.0,-32.1324
1783.1,-32.1287
1783.2,-32.1250
1783.3,-32.1213
1783.4,-32.1176
1783.5,-32.1140
1783.6,-32.1103
1783.7,-32.1066
1783.8,-32.1029
1783.9,-32.0993
1784.0,-32.0956
1784.1,-32.0919
1784.2,-32.0882
1784.3,-32.0846
1784.4,-32.0809
1784.5,-32.0772
1784.6,-32.0735
1784.7,-32.0699
1784.8,-32.0662
1784.9,-32.0625
1785.0,-32.0588
1785.1,-32.0551
1785.2,-32.0515
1785.3,-32.0478
1785.4,-32.0441
1785.5,-32.0404
1785.6,-32.0368
1785.7,-32.0331
1785.8,-32.0294
1785.9,-32.0257
1786.0,-32.0221
1786.1,-32.0184
1786.2,-32.0147
1786.3,-32.0110
1786.4,-32.0074
1786.5,-32.0037
1786.6,-32.0000
1786.7,-31.9963
1786.8,-31.9926
1786.9,-31.9890
1787.0,-31.9853
1787.1,-31.9816
1787.2,-31.9779
1787.3,-31.9743
1787.4,-31.9706
1787.5,-31.9669
1787.6,-31.9632
1787.7,-31.9596
1787.8,-31.9559
1787.9,-31.9522
1788.0,-31.9485
1788.1,-31.9449
1788.2,-31.9412
1788.3,-31.9375
1788.4,-31.9338
1788.5,-31.9301
1788.6,-31.9265
1788.7,-31.9228
1788.8,-31.9191
1788.9,-31.9154
1789.0,-31.9118
1789.1,-31.9081
1789.2,-31.9044
1789.3,-31.9007
1789.4,-31.8971
1789.5,-31.8934
1789.6,-31.8897
1789.7,-31.8860
1789.8,-31.8824
1789.9,-31.8787
1790.0,-31.8750
1790.1,-31.8713
1790.2,-31.8676
1790.3,-31.8640
1790.4,-31.8603
1790.5,-31.8566
1790.6,-31.8529
1790.7,-31.8493
1790.8,-31.8456
1790.9,-31.8419
1791.0,-31.8382
1791.1,-31.8346
1791.2,-31.8309
1791.3,-31.8272
1791.4,-31.8235
1791.5,-31.8199
1791.6,-31.8162
1791.7,-31.8125
1791.8,-31.8088
1791.9,-31.8051
1792.0,-31.8015
1792.1,-31.7978
1792.2,-31.7941
1792.3,-31.7904
1792.4,-31.7868
1792.5,-31.7831
1792.6,-31.7794
1792.7,-31.7757
1792.8,-31.7721
1792.9,-31.7684
1793.0,-31.7647
1793.1,-31.7610
1793.2,-31.7574
1793.3,-31.7537
1793.4,-31.7500
1793.5,-31.7463
1793.6,-31.7426
1793.7,-31.7390
1793.8,-31.7353
1793.9,-31.7316
1794.0,-31.7279
1794.1,-31.7243
1794.2,-31.7206
1794.3,-31.7169
1794.4,-31.7132
1794.5,-31.7096
1794.6,-31.7059
1794.7,-31.7022
1794.8,-31.6985
1794.9,-31.6949
1795.0,-31.6912
1795.1,-31.6875
1795.2,-31.6838
1795.3,-31.6801
1795.4,-31.6765
1795.5,-31.6728
1795.6,-31.6691
1795.7,-31.6654
1795.8,-31.6618
1795.9,-31.6581
1796.0,-31.6544
1796.1,-31.6507
1796.2,-31.6471
1796.3,-31.6434
1796.4,-31.6397
1796.5,-31.6360
1796.6,-31.6324
1796.7,-31.6287
1796.8,-31.6250
1796.9,-31.6213
1797.0,-31.6176
1797.1,-31.6140
1797.2,-31.6103
1797.3,-31.6066
1797.4,-31.6029
1797.5,-31.5993
1797.6,-31.5956
1797.7,-31.5919
1797.8,-31.5882
1797.9,-31.5846
1798.0,-31.5809
1798.1,-31.5772
1798.2,-31.5735
1798.3,-31.5699
1798.4,-31.5662
1798.5,-31.5625
1798.6,-31.5588
1798.7,-31.5551
1798.8,-31.5515
1798.9,-31.5478
1799.0,-31.5441
1799.1,-31.5404
1799.2,-31.5368
1799.3,-31.5331
1799.4,-31.5294
1799.5,-31.5257
1799.6,-31.5221
1799.7,-31.5184
1799.8,-31.5147
1799.9,-31.5110
1800.0,-31.5074
1800.1,-31.5037
1800.2,-31.5000
1800.3,-31.4963
1800.4,-31.4926
1800.5,-31.4890
1800.6,-31.4853
1800.7,-31.4816
1800.8,-31.4779
1800.9,-31.4743
1801.0,-31.4706
1801.1,-31.4669
1801.2,-31.4632
1801.3,-31.4596
1801.4,-31.4559
1801.5,-31.4522
1801.6,-31.4485
1801.7,-31.4449
1801.8,-31.4412
1801.9,-31.4375
1802.0,-31.4338
1802.1,-31.4301
1802.2,-20.1071
1802.3,-0.2966
1802.4,19.5116
1802.5,28.0000
1802.6,28.0000
1802.7,20.6531
1802.8,7.7959
1802.9,-5.0612
1803.0,-17.9184
1803.1,-30.7755
1803.2,-43.6327
1803.3,-56.4898
1803.4,-62.1429
1803.5,-62.3929
1803.6,-62.6429
1803.7,-62.8929
1803.8,-63.1429
1803.9,-63.3929
1804.0,-63.6429
1804.1,-63.8929
1804.2,-63.2975
1804.3,-63.0403
1804.4,-62.6927
1804.5,-62.2262
1804.6,-61.6061
1804.7,-60.7915
1804.8,-59.7389
1804.9,-58.4064
1805.0,-56.7633
1805.1,-54.8013
1805.2,-52.5466
1805.3,-50.0668
1805.4,-47.4676
1805.5,-44.8773
1805.6,-42.4222
1805.7,-40.2034
1805.8,-38.2829
1805.9,-36.6813
1806.0,-35.3869
1806.1,-34.3665
1806.2,-33.5780
1806.3,-32.9778
1806.4,-32.5260
1806.5,-32.1887
1806.6,-31.9383
1806.7,-31.2610
1806.8,-31.2574
1806.9,-31.2537
1807.0,-31.2500
1807.1,-31.2463
1807.2,-31.2426
1807.3,-31.2390
1807.4,-31.2353
1807.5,-31.2316
1807.6,-31.2279
1807.7,-31.2243
1807.8,-31.2206
1807.9,-31.2169
1808.0,-31.2132
1808.1,-31.2096
1808.2,-31.2059
1808.3,-31.2022
1808.4,-31.1985
1808.5,-31.1949
1808.6,-31.1912
1808.7,-31.1875
1808.8,-31.1838
1808.9,-31.1801
1809.0,-31.1765
1809.1,-31.1728
1809.2,-31.1691
1809.3,-31.1654
1809.4,-31.1618
1809.5,-31.1581
1809.6,-31.1544
1809.7,-31.1507
1809.8,-31.1471
1809.9,-31.1434
1810.0,-31.1397
1810.1,-31.1360
1810.2,-31.1324
1810.3,-31.1287
1810.4,-31.1250
1810.5,-31.1213
1810.6,-31.1176
1810.7,-31.1140
1810.8,-31.1103
1810.9,-31.1066
1811.0,-31.1029
1811.1,-31.0993
1811.2,-31.0956
1811.3,-31.0919
1811.4,-31.0882
1811.5,-31.0846
1811.6,-31.0809
1811.7,-31.0772
1811.8,-31.0735
1811.9,-31.0699
1812.0,-31.0662
1812.1,-31.0625
1812.2,-31.0588
1812.3,-31.0551
1812.4,-31.0515
1812.5,-31.0478
1812.6,-31.0441
1812.7,-31.0404
1812.8,-31.0368
1812.9,-31.0331
1813.0,-31.0294
1813.1,-31.0257
1813.2,-31.0221
1813.3,-31.0184
1813.4,-31.0147
1813.5,-31.0110
1813.6,-31.0074
1813.7,-31.0037
1813.8,-31.0000
1813.9,-30.9963
1814.0,-30.9926
1814.1,-30.9890
1814.2,-30.9853
1814.3,-30.9816
1814.4,-30.9779
1814.5,-30.9743
1814.6,-30.9706
1814.7,-30.9669
1814.8,-30.9632
1814.9,-30.9596
1815.0,-30.9559
1815.1,-30.9522
1815.2,-30.9485
1815.3,-30.9449
1815.4,-30.9412
1815.5,-30.9375
1815.6,-30.9338
1815.7,-30.9301
1815.8,-30.9265
1815.9,-30.9228
1816.0,-30.9191
1816.1,-30.9154
1816.2,-30.9118
1816.3,-30.9081
1816.4,-30.9044
1816.5,-30.9007
1816.6,-30.8971
1816.7,-30.8934
1816.8,-30.8897
1816.9,-30.8860
1817.0,-30.8824
1817.1,-30.8787
1817.2,-30.8750
1817.3,-30.8713
1817.4,-30.8676
1817.5,-30.8640
1817.6,-30.8603
1817.7,-30.8566
1817.8,-30.8529
1817.9,-30.8493
1818.0,-30.8456
1818.1,-30.8419
1818.2,-30.8382
1818.3,-30.8346
1818.4,-30.8309
1818.5,-30.8272
1818.6,-30.8235
1818.7,-30.8199
1818.8,-30.8162
1818.9,-30.8125
1819.0,-30.8088
1819.1,-30.8051
1819.2,-30.8015
1819.3,-30.7978
1819.4,-30.7941
1819.5,-30.7904
1819.6,-30.7868
1819.7,-30.7831
1819.8,-30.7794
1819.9,-30.7757
1820.0,-30.7721
1820.1,-30.7684
1820.2,-30.7647
1820.3,-30.7610
1820.4,-30.7574
1820.5,-30.7537
1820.6,-30.7500
1820.7,-30.7463
1820.8,-30.7426
1820.9,-30.7390
1821.0,-30.7353
1821.1,-30.7316
1821.2,-30.7279
1821.3,-30.7243
1821.4,-30.7206
1821.5,-30.7169
1821.6,-30.7132
1821.7,-30.7096
1821.8,-30.7059
1821.9,-30.7022
1822.0,-30.6985
1822.1,-30.6949
1822.2,-30.6912
1822.3,-30.6875
1822.4,-30.6838
1822.5,-30.6801
1822.6,-30.6765
1822.7,-30.6728
1822.8,-30.6691
1822.9,-30.6654
1823.0,-30.6618
1823.1,-30.6581
1823.2,-30.6544
1823.3,-30.6507
1823.4,-30.6471
1823.5,-30.6434
1823.6,-30.6397
1823.7,-30.6360
1823.8,-30.6324
1823.9,-30.6287
1824.0,-30.6250
1824.1,-30.6213
1824.2,-30.6176
1824.3,-30.6140
1824.4,-30.6103
1824.5,-30.6066
1824.6,-30.6029
1824.7,-30.5993
1824.8,-30.5956
1824.9,-30.5919
1825.0,-30.5882
1825.1,-30.5846
1825.2,-30.5809
1825.3,-30.5772
1825.4,-30.5735
1825.5,-30.5699
1825.6,-30.5662
1825.7,-30.5625
1825.8,-30.5588
1825.9,-30.5551
1826.0,-30.5515
1826.1,-30.5478
1826.2,-30.5441
1826.3,-30.5404
1826.4,-30.5368
1826.5,-16.5966
1826.6,2.9160
1826.7,22.4261
1826.8,28.0000
1826.9,28.0000
1827.0,18.8163
1827.1,5.9592
1827.2,-6.8980
1827.3,-19.7551
1827.4,-32.6122
1827.5,-45.4694
1827.6,-58.3265
1827.7,-62.1786
1827.8,-62.4286
1827.9,-62.6786
1828.0,-62.9286
1828.1,-63.1786
1828.2,-63.4286
1828.3,-63.6786
1828.4,-63.9286
1828.5,-63.2453
1828.6,-62.9693
1828.7,-62.5967
1828.8,-62.0973
1828.9,-61.4343
1829.0,-60.5654
1829.1,-59.4454
1829.2,-58.0324
1829.3,-56.2975
1829.4,-54.2363
1829.5,-51.8817
1829.6,-49.3093
1829.7,-46.6322
1829.8,-43.9835
1829.9,-41.4905
1830.0,-39.2522
1830.1,-37.3257
1830.2,-35.7270
1830.3,-34.4399
1830.4,-33.4286
1830.5,-32.6490
1830.6,-32.0566
1830.7,-31.6114
1830.8,-31.2793
1830.9,-31.0329
1831.0,-30.3676
1831.1,-30.3640
1831.2,-30.3603
1831.3,-30.3566
1831.4,-30.3529
1831.5,-30.3493
1831.6,-30.3456
1831.7,-30.3419
1831.8,-30.3382
1831.9,-30.3346
1832.0,-30.3309
1832.1,-30.3272
1832.2,-30.3235
1832.3,-30.3199
1832.4,-30.3162
1832.5,-30.3125
1832.6,-30.3088
1832.7,-30.3051
1832.8,-30.3015
1832.9,-30.2978
1833.0,-30.2941
1833.1,-30.2904
1833.2,-30.2868
1833.3,-30.2831
1833.4,-30.2794
1833.5,-30.2757
1833.6,-30.2721
1833.7,-30.2684
1833.8,-30.2647
1833.9,-30.2610
1834.0,-30.2574
1834.1,-30.2537
1834.2,-30.2500
1834.3,-30.2463
1834.4,-30.2426
1834.5,-30.2390
1834.6,-30.2353
1834.7,-30.2316
1834.8,-30.2279
1834.9,-30.2243
1835.0,-30.2206
1835.1,-30.2169
1835.2,-30.2132
1835.3,-30.2096
1835.4,-30.2059
1835.5,-30.2022
1835.6,-30.1985
1835.7,-30.1949
1835.8,-30.1912
1835.9,-30.1875
1836.0,-30.1838
1836.1,-30.1801
1836.2,-30.1765
1836.3,-30.1728
1836.4,-30.1691
1836.5,-30.1654
1836.6,-30.1618
1836.7,-30.1581
1836.8,-30.1544
1836.9,-30.1507
1837.0,-30.1471
1837.1,-30.1434
1837.2,-30.1397
1837.3,-30.1360
1837.4,-30.1324
1837.5,-30.1287
1837.6,-30.1250
1837.7,-30.1213
1837.8,-30.1176
1837.9,-30.1140
1838.0,-30.1103
1838.1,-30.1066
1838.2,-30.1029
1838.3,-30.0993
1838.4,-30.0956
1838.5,-30.0919
1838.6,-30.0882
1838.7,-30.0846
1838.8,-30.0809
1838.9,-30.0772
1839.0,-30.0735
1839.1,-30.0699
1839.2,-30.0662
1839.3,-30.0625
1839.4,-30.0588
1839.5,-30.0551
1839.6,-30.0515
1839.7,-30.0478
1839.8,-30.0441
1839.9,-30.0404
1840.0,-30.0368
1840.1,-30.0331
1840.2,-30.0294
1840.3,-30.0257
1840.4,-30.0221
1840.5,-30.0184
1840.6,-30.0147
1840.7,-30.0110
1840.8,-30.0074
1840.9,-30.0037
1841.0,-30.0000
1841.1,-30.0382
1841.2,-30.0765
1841.3,-30.1147
1841.4,-30.1529
1841.5,-30.1912
1841.6,-30.2294
1841.7,-30.2676
1841.8,-30.3059
1841.9,-30.3441
1842.0,-30.3824
1842.1,-30.4206
1842.2,-30.4588
1842.3,-30.4971
1842.4,-30.5353
1842.5,-30.5735
1842.6,-30.6118
1842.7,-30.6500
1842.8,-30.6882
1842.9,-30.7265
1843.0,-30.7647
1843.1,-30.8029
1843.2,-30.8412
1843.3,-30.8794
1843.4,-30.9176
1843.5,-30.9559
1843.6,-30.9941
1843.7,-31.0324
1843.8,-31.0706
1843.9,-31.1088
1844.0,-31.1471
1844.1,-31.1853
1844.2,-31.2235
1844.3,-31.2618
1844.4,-31.3000
1844.5,-31.3382
1844.6,-31.3765
1844.7,-31.4147
1844.8,-31.4529
1844.9,-31.4912
1845.0,-31.5294
1845.1,-31.5676
1845.2,-31.6059
1845.3,-31.6441
1845.4,-31.6824
1845.5,-31.7206
1845.6,-31.7588
1845.7,-31.7971
1845.8,-31.8353
1845.9,-31.8735
1846.0,-31.9118
1846.1,-31.9500
1846.2,-31.9882
1846.3,-32.0265
1846.4,-32.0647
1846.5,-32.1029
1846.6,-32.1412
1846.7,-32.1794
1846.8,-32.2176
1846.9,-32.2559
1847.0,-32.2941
1847.1,-32.3324
1847.2,-32.3706
1847.3,-32.4088
1847.4,-32.4471
1847.5,-32.4853
1847.6,-32.5235
1847.7,-32.5618
1847.8,-32.6000
1847.9,-32.6382
1848.0,-32.6765
1848.1,-32.7147
1848.2,-32.7529
1848.3,-32.7912
1848.4,-32.8294
1848.5,-32.8676
1848.6,-32.9059
1848.7,-32.9441
1848.8,-32.9824
1848.9,-33.0206
1849.0,-33.0588
1849.1,-33.0971
1849.2,-33.1353
1849.3,-33.1735
1849.4,-33.2118
1849.5,-33.2500
1849.6,-33.2882
1849.7,-33.3265
1849.8,-33.3647
1849.9,-33.4029
1850.0,-33.4412
1850.1,-33.4794
1850.2,-33.5176
1850.3,-33.5559
1850.4,-33.5941
1850.5,-33.6324
1850.6,-33.6706
1850.7,-33.7088
1850.8,-16.1050
1850.9,4.4627
1851.0,25.0560
1851.1,28.0000
1851.2,28.0000
1851.3,16.9796
1851.4,4.1224
1851.5,-8.7347
1851.6,-21.5918
1851.7,-34.4490
1851.8,-47.3061
1851.9,-60.1633
1852.0,-62.2143
1852.1,-62.4643
1852.2,-62.7143
1852.3,-62.9643
1852.4,-63.2143
1852.5,-63.4643
1852.6,-63.7143
1852.7,-63.9643
1852.8,-63.3062
1852.9,-63.0541
1853.0,-62.7147
1853.1,-62.2609
1853.2,-61.6604
1853.3,-60.8763
1853.4,-59.8699
1853.5,-58.6069
1853.6,-57.0654
1853.7,-55.2471
1853.8,-53.1867
1853.9,-50.9558
1854.0,-48.6568
1854.1,-46.4054
1854.2,-44.3088
1854.3,-42.4467
1854.4,-40.8620
1854.5,-39.5627
1854.6,-38.5307
1854.7,-37.7326
1854.8,-37.1294
1854.9,-36.6826
1855.0,-36.3580
1855.1,-36.1271
1855.2,-35.9669
1855.3,-35.4676
1855.4,-35.5059
1855.5,-35.5441
1855.6,-35.5824
1855.7,-35.6206
1855.8,-35.6588
1855.9,-35.6971
1856.0,-35.7353
1856.1,-35.7735
1856.2,-35.8118
1856.3,-35.8500
1856.4,-35.8882
1856.5,-35.9265
1856.6,-35.9647
1856.7,-36.0029
1856.8,-36.0412
1856.9,-36.0794
1857.0,-36.1176
1857.1,-36.1559
1857.2,-36.1941
1857.3,-36.2324
1857.4,-36.2706
1857.5,-36.3088
1857.6,-36.3471
1857.7,-36.3853
1857.8,-36.4235
1857.9,-36.4618
1858.0,-36.5000
1858.1,-36.5382
1858.2,-36.5765
1858.3,-36.6147
1858.4,-36.6529
1858.5,-36.6912
1858.6,-36.7294
1858.7,-36.7676
1858.8,-36.8059
1858.9,-36.8441
1859.0,-36.8824
1859.1,-36.9206
1859.2,-36.9588
1859.3,-36.9971
1859.4,-37.0353
1859.5,-37.0735
1859.6,-37.1118
1859.7,-37.1500
1859.8,-37.1882
1859.9,-37.2265
1860.0,-37.2647
1860.1,-37.3029
1860.2,-37.3412
1860.3,-37.3794
1860.4,-37.4176
1860.5,-37.4559
1860.6,-37.4941
1860.7,-37.5324
1860.8,-37.5706
1860.9,-37.6088
1861.0,-37.6471
1861.1,-37.6853
1861.2,-37.7235
1861.3,-37.7618
1861.4,-37.8000
1861.5,-37.8382
1861.6,-37.8765
1861.7,-37.9147
1861.8,-37.9529
1861.9,-37.9912
1862.0,-38.0294
1862.1,-38.0676
1862.2,-38.1059
1862.3,-38.1441
1862.4,-38.1824
1862.5,-38.2206
1862.6,-38.2588
1862.7,-38.2971
1862.8,-38.3353
1862.9,-38.3735
1863.0,-38.4118
1863.1,-38.4500
1863.2,-38.4882
1863.3,-38.5265
1863.4,-38.5647
1863.5,-38.6029
1863.6,-38.6412
1863.7,-38.6794
1863.8,-38.7176
1863.9,-38.7559
1864.0,-38.7941
1864.1,-38.8324
1864.2,-38.8706
1864.3,-38.9088
1864.4,-38.9471
1864.5,-38.9853
1864.6,-39.0235
1864.7,-39.0618
1864.8,-39.1000
1864.9,-39.1382
1865.0,-39.1765
1865.1,-39.2147
1865.2,-39.2529
1865.3,-39.2912
1865.4,-39.3294
1865.5,-39.3676
1865.6,-39.4059
1865.7,-39.4441
1865.8,-39.4824
1865.9,-39.5206
1866.0,-39.5588
1866.1,-39.5971
1866.2,-39.6353
1866.3,-39.6735
1866.4,-39.7118
1866.5,-39.7500
1866.6,-39.7882
1866.7,-39.8265
1866.8,-39.8647
1866.9,-39.9029
1867.0,-39.9412
1867.1,-39.9794
1867.2,-40.0176
1867.3,-40.0559
1867.4,-40.0941
1867.5,-40.1324
1867.6,-40.1706
1867.7,-40.2088
1867.8,-40.2471
1867.9,-40.2853
1868.0,-40.3235
1868.1,-40.3618
1868.2,-40.4000
1868.3,-40.4382
1868.4,-40.4765
1868.5,-40.5147
1868.6,-40.5529
1868.7,-40.5912
1868.8,-40.6294
1868.9,-40.6676
1869.0,-40.7059
1869.1,-40.7441
1869.2,-40.7824
1869.3,-40.8206
1869.4,-40.8588
1869.5,-40.8971
1869.6,-40.9353
1869.7,-40.9735
1869.8,-41.0118
1869.9,-41.0500
1870.0,-41.0882
1870.1,-41.1265
1870.2,-41.1647
1870.3,-41.2029
1870.4,-41.2412
1870.5,-41.2794
1870.6,-41.3176
1870.7,-41.3559
1870.8,-41.3941
1870.9,-41.4324
1871.0,-41.4706
1871.1,-41.5088
1871.2,-41.5471
1871.3,-41.5853
1871.4,-41.6235
1871.5,-41.6618
1871.6,-41.7000
1871.7,-41.7382
1871.8,-41.7765
1871.9,-41.8147
1872.0,-41.8529
1872.1,-41.8912
1872.2,-41.9294
1872.3,-41.9676
1872.4,-42.0059
1872.5,-42.0441
1872.6,-42.0824
1872.7,-42.1206
1872.8,-42.1588
1872.9,-42.1971
1873.0,-42.2353
1873.1,-42.2735
1873.2,-42.3118
1873.3,-42.3500
1873.4,-42.3882
1873.5,-42.4265
1873.6,-42.4647
1873.7,-42.5029
1873.8,-42.5412
1873.9,-42.5794
1874.0,-42.6176
1874.1,-42.6559
1874.2,-42.6941
1874.3,-42.7324
1874.4,-42.7706
1874.5,-42.8088
1874.6,-42.8471
1874.7,-42.8853
1874.8,-42.9235
1874.9,-42.9618
1875.0,-43.0000
1875.1,-43.2682
1875.2,-43.5343
1875.3,-43.7984
1875.4,-44.0605
1875.5,-44.3206
1875.6,-44.5787
1875.7,-44.8348
1875.8,-45.0889
1875.9,-45.3411
1876.0,-45.5914
1876.1,-45.8397
1876.2,-46.0861
1876.3,-46.3307
1876.4,-46.5734
1876.5,-46.8142
1876.6,-47.0532
1876.7,-47.2903
1876.8,-47.5256
1876.9,-47.7591
1877.0,-47.9909
1877.1,-48.2208
1877.2,-48.4490
1877.3,-48.6755
1877.4,-48.9002
1877.5,-49.1231
1877.6,-49.3444
1877.7,-49.5640
1877.8,-49.7819
1877.9,-49.9981
1878.0,-50.2127
1878.1,-50.4256
1878.2,-50.6369
1878.3,-50.8466
1878.4,-51.0547
1878.5,-51.2612
1878.6,-51.4661
1878.7,-51.6694
1878.8,-51.8711
1878.9,-52.0714
1879.0,-52.2700
1879.1,-52.4672
1879.2,-52.6629
1879.3,-52.8570
1879.4,-53.0497
1879.5,-53.2409
1879.6,-53.4306
1879.7,-53.6189
1879.8,-53.8057
1879.9,-53.9911
1880.0,-54.1751
1880.1,-54.3576
1880.2,-54.5388
1880.3,-54.7186
1880.4,-54.8970
1880.5,-55.0740
1880.6,-55.2497
1880.7,-55.4240
1880.8,-55.5970
1880.9,-55.7687
1881.0,-55.9390
1881.1,-56.1081
1881.2,-56.2758
1881.3,-56.4423
1881.4,-56.6075
1881.5,-56.7714
1881.6,-56.9341
1881.7,-57.0955
1881.8,-57.2557
1881.9,-57.4147
1882.0,-57.5724
1882.1,-57.7289
1882.2,-57.8843
1882.3,-58.0384
1882.4,-58.1914
1882.5,-58.3432
1882.6,-58.4938
1882.7,-58.6433
1882.8,-58.7916
1882.9,-58.9388
1883.0,-59.0848
1883.1,-59.2298
1883.2,-59.3736
1883.3,-59.5164
1883.4,-59.6580
1883.5,-59.7985
1883.6,-59.9380
1883.7,-60.0764
1883.8,-60.2138
1883.9,-60.3501
1884.0,-60.4853
1884.1,-60.6195
1884.2,-60.7527
1884.3,-60.8849
1884.4,-61.0160
1884.5,-61.1462
1884.6,-61.2753
1884.7,-61.4035
1884.8,-61.5306
1884.9,-61.6568
1885.0,-61.7821
1885.1,-61.9063
1885.2,-62.0297
1885.3,-62.1520
1885.4,-62.2735
1885.5,-62.3940
1885.6,-62.5136
1885.7,-62.6323
1885.8,-62.7500
1885.9,-62.8669
1886.0,-62.9828
1886.1,-63.0979
1886.2,-63.2121
1886.3,-63.3254
1886.4,-63.4379
1886.5,-63.5494
1886.6,-63.6602
1886.7,-63.7701
1886.8,-63.8791
1886.9,-63.9873
1887.0,-64.0947
1887.1,-64.2012
1887.2,-64.3070
1887.3,-64.4119
1887.4,-64.5160
1887.5,-64.6194
1887.6,-64.7219
1887.7,-64.8236
1887.8,-64.9246
1887.9,-65.0248
1888.0,-65.1242
1888.1,-65.2229
1888.2,-65.3208
1888.3,-65.4180
1888.4,-65.5144
1888.5,-65.6100
1888.6,-65.7050
1888.7,-65.7992
1888.8,-65.8927
1888.9,-65.9855
1889.0,-66.0775
1889.1,-66.1689
1889.2,-66.2595
1889.3,-66.3495
1889.4,-66.4388
1889.5,-66.5274
1889.6,-66.6153
1889.7,-66.7025
1889.8,-66.7891
1889.9,-66.8750
1890.0,-66.9603
1890.1,-67.0449
1890.2,-67.1288
1890.3,-67.2121
1890.4,-67.2948
1890.5,-67.3768
1890.6,-67.4582
1890.7,-67.5390
1890.8,-67.6191
1890.9,-67.6987
1891.0,-67.7776
1891.1,-67.8560
1891.2,-67.9337
1891.3,-68.0108
1891.4,-68.0874
1891.5,-68.1633
1891.6,-68.2387
1891.7,-68.3135
1891.8,-68.3877
1891.9,-68.4614
1892.0,-68.5345
1892.1,-68.6070
1892.2,-68.6790
1892.3,-68.7504
1892.4,-68.8213
1892.5,-68.8916
1892.6,-68.9614
1892.7,-69.0307
1892.8,-69.0994
1892.9,-69.1676
1893.0,-69.2353
1893.1,-69.3025
1893.2,-69.3691
1893.3,-69.4352
1893.4,-69.5009
1893.5,-69.5660
1893.6,-69.6306
1893.7,-69.6948
1893.8,-69.7584
1893.9,-69.8216
1894.0,-69.8842
1894.1,-69.9464
1894.2,-70.0081
1894.3,-70.0694
1894.4,-70.1301
1894.5,-70.1904
1894.6,-70.2503
1894.7,-70.3097
1894.8,-70.3686
1894.9,-70.4271
1895.0,-70.4851
1895.1,-70.5427
1895.2,-70.5998
1895.3,-70.6565
1895.4,-70.7128
1895.5,-70.7687
1895.6,-70.8241
1895.7,-70.8791
1895.8,-70.9336
1895.9,-70.9878
1896.0,-71.0415
1896.1,-71.0948
1896.2,-71.1477
1896.3,-71.2002
1896.4,-71.2524
1896.5,-71.3041
1896.6,-71.3554
1896.7,-71.4063
1896.8,-71.4568
1896.9,-71.5069
1897.0,-71.5567
1897.1,-71.6061
1897.2,-71.6551
1897.3,-71.7037
1897.4,-71.7519
1897.5,-71.7998
1897.6,-71.8473
1897.7,-71.8945
1897.8,-71.9413
1897.9,-71.9877
1898.0,-72.0338
1898.1,-72.0795
1898.2,-72.1248
1898.3,-72.1699
1898.4,-72.2145
1898.5,-72.2589
1898.6,-72.3029
1898.7,-72.3465
1898.8,-72.3898
1898.9,-72.4328
1899.0,-72.4755
1899.1,-72.5178
1899.2,-72.5598
1899.3,-72.6015
1899.4,-72.6429
1899.5,-72.6839
1899.6,-72.7247
1899.7,-72.7651
1899.8,-72.8052
1899.9,-72.8450
1900.0,-72.8845
1900.1,-72.9237
1900.2,-72.9626
1900.3,-73.0012
1900.4,-73.0395
1900.5,-73.0775
1900.6,-73.1153
1900.7,-73.1527
1900.8,-73.1898
1900.9,-73.2267
1901.0,-73.2633
1901.1,-73.2996
1901.2,-73.3356
1901.3,-73.3713
1901.4,-73.4068
1901.5,-73.4420
1901.6,-73.4769
1901.7,-73.5116
1901.8,-73.5460
1901.9,-73.5801
1902.0,-73.6140
1902.1,-73.6476
1902.2,-73.6809
1902.3,-73.7140
1902.4,-73.7469
1902.5,-73.7795
1902.6,-73.8118
1902.7,-73.8439
1902.8,-73.8757
1902.9,-73.9073
1903.0,-73.9387
1903.1,-73.9698
1903.2,-74.0007
1903.3,-74.0314
1903.4,-74.0618
1903.5,-74.0919
1903.6,-74.1219
1903.7,-74.1516
1903.8,-74.1811
1903.9,-74.2104
1904.0,-74.2394
1904.1,-74.2682
1904.2,-74.2968
1904.3,-74.3252
1904.4,-74.3533
1904.5,-74.3813
1904.6,-74.4090
1904.7,-74.4365
1904.8,-74.4638
1904.9,-74.4909
1905.0,-74.5178
1905.1,-74.5445
1905.2,-74.5710
1905.3,-74.5973
1905.4,-74.6233
1905.5,-74.6492
1905.6,-74.6749
1905.7,-74.7004
1905.8,-74.7257
1905.9,-74.7507
1906.0,-74.7756
1906.1,-74.8004
1906.2,-74.8249
1906.3,-74.8492
1906.4,-74.8733
1906.5,-74.8973
1906.6,-74.9211
1906.7,-74.9447
1906.8,-74.9681
1906.9,-74.9913
1907.0,-75.0144
1907.1,-75.0373
1907.2,-75.0600
1907.3,-75.0825
1907.4,-75.1048
1907.5,-75.1270
1907.6,-75.1490
1907.7,-75.1709
1907.8,-75.1926
1907.9,-75.2141
1908.0,-75.2354
1908.1,-75.2566
1908.2,-75.2776
1908.3,-75.2985
1908.4,-75.3192
1908.5,-75.3397
1908.6,-75.3601
1908.7,-75.3804
1908.8,-75.4004
1908.9,-75.4203
1909.0,-75.4401
1909.1,-75.4597
1909.2,-75.4792
1909.3,-75.4985
1909.4,-75.5177
1909.5,-75.5367
1909.6,-75.5556
1909.7,-75.5743
1909.8,-75.5929
1909.9,-75.6113
1910.0,-75.6296
1910.1,-75.6478
1910.2,-75.6658
1910.3,-75.6837
1910.4,-75.7015
1910.5,-75.7191
1910.6,-75.7366
1910.7,-75.7539
1910.8,-75.7711
1910.9,-75.7882
1911.0,-75.8051
1911.1,-75.8220
1911.2,-75.8387
1911.3,-75.8552
1911.4,-75.8716
1911.5,-75.8880
1911.6,-75.9041
1911.7,-75.9202
1911.8,-75.9361
1911.9,-75.9520
1912.0,-75.9676
1912.1,-75.9832
1912.2,-75.9987
1912.3,-76.0140
1912.4,-76.0292
1912.5,-76.0443
1912.6,-76.0593
1912.7,-76.0742
1912.8,-76.0889
1912.9,-76.1036
1913.0,-76.1181
1913.1,-76.1325
1913.2,-76.1469
1913.3,-76.1611
1913.4,-76.1751
1913.5,-76.1891
1913.6,-76.2030
1913.7,-76.2168
1913.8,-76.2304
1913.9,-76.2440
1914.0,-76.2575
1914.1,-76.2708
1914.2,-76.2841
1914.3,-76.2972
1914.4,-76.3103
1914.5,-76.3232
1914.6,-76.3361
1914.7,-76.3488
1914.8,-76.3615
1914.9,-76.3740
1915.0,-76.3865
1915.1,-76.3988
1915.2,-76.4111
1915.3,-76.4233
1915.4,-76.4354
1915.5,-76.4473
1915.6,-76.4592
1915.7,-76.4711
1915.8,-76.4828
1915.9,-76.4944
1916.0,-76.5059
1916.1,-76.5174
1916.2,-76.5287
1916.3,-76.5400
1916.4,-76.5512
1916.5,-76.5623
1916.6,-76.5733
1916.7,-76.5843
1916.8,-76.5951
1916.9,-76.6059
1917.0,-76.6166
1917.1,-76.6272
1917.2,-76.6377
1917.3,-76.6481
1917.4,-76.6585
1917.5,-76.6688
1917.6,-76.6790
1917.7,-76.6891
1917.8,-76.6991
1917.9,-76.7091
1918.0,-76.7190
1918.1,-76.7288
1918.2,-76.7385
1918.3,-76.7482
1918.4,-76.7578
1918.5,-76.7673
1918.6,-76.7768
1918.7,-76.7861
1918.8,-76.7954
1918.9,-76.8047
1919.0,-76.8138
1919.1,-76.8229
1919.2,-76.8319
1919.3,-76.8409
1919.4,-76.8498
1919.5,-76.8586
1919.6,-76.8673
1919.7,-76.8760
1919.8,-76.8846
1919.9,-76.8932
1920.0,-76.9016
1920.1,-76.9101
1920.2,-76.9184
1920.3,-76.9267
1920.4,-76.9349
1920.5,-76.9431
1920.6,-76.9512
1920.7,-76.9592
1920.8,-76.9672
1920.9,-76.9751
1921.0,-76.9830
1921.1,-76.9908
1921.2,-76.9985
1921.3,-77.0062
1921.4,-77.0138
1921.5,-77.0213
1921.6,-77.0288
1921.7,-77.0363
1921.8,-77.0437
1921.9,-77.0510
1922.0,-77.0583
1922.1,-77.0655
1922.2,-77.0726
1922.3,-77.0798
1922.4,-77.0868
1922.5,-77.0938
1922.6,-77.1007
1922.7,-77.1076
1922.8,-77.1145
1922.9,-77.1213
1923.0,-77.1280
1923.1,-77.1347
1923.2,-77.1413
1923.3,-77.1479
1923.4,-77.1544
1923.5,-77.1609
1923.6,-77.1673
1923.7,-77.1737
1923.8,-77.1800
1923.9,-77.1863
1924.0,-77.1926
1924.1,-77.1987
1924.2,-77.2049
1924.3,-77.2110
1924.4,-77.2170
1924.5,-77.2230
1924.6,-77.2290
1924.7,-77.2349
1924.8,-77.2407
1924.9,-77.2466
1925.0,-77.2523
1925.1,-77.2581
1925.2,-77.2638
1925.3,-77.2694
1925.4,-77.2750
1925.5,-77.2805
1925.6,-77.2861
1925.7,-77.2915
1925.8,-77.2970
1925.9,-77.3023
1926.0,-77.3077
1926.1,-77.3130
1926.2,-77.3183
1926.3,-77.3235
1926.4,-77.3287
1926.5,-77.3338
1926.6,-77.3389
1926.7,-77.3440
1926.8,-77.3490
1926.9,-77.3540
1927.0,-77.3590
1927.1,-77.3639
1927.2,-77.3687
1927.3,-77.3736
1927.4,-77.3784
1927.5,-77.3831
1927.6,-77.3879
1927.7,-77.3926
1927.8,-77.3972
1927.9,-77.4018
1928.0,-77.4064
1928.1,-77.4110
1928.2,-77.4155
1928.3,-77.4200
1928.4,-77.4244
1928.5,-77.4288
1928.6,-77.4332
1928.7,-77.4375
1928.8,-77.4418
1928.9,-77.4461
1929.0,-77.4504
1929.1,-77.4546
1929.2,-77.4588
1929.3,-77.4629
1929.4,-77.4670
1929.5,-77.4711
1929.6,-77.4752
1929.7,-77.4792
1929.8,-77.4832
1929.9,-77.4871
1930.0,-77.4911
1930.1,-77.4950
1930.2,-77.4988
1930.3,-77.5027
1930.4,-77.5065
1930.5,-77.5103
1930.6,-77.5140
1930.7,-77.5177
1930.8,-77.5214
1930.9,-77.5251
1931.0,-77.5287
1931.1,-77.5324
1931.2,-77.5359
1931.3,-77.5395
1931.4,-77.5430
1931.5,-77.5465
1931.6,-77.5500
1931.7,-77.5534
1931.8,-77.5569
1931.9,-77.5603
1932.0,-77.5636
1932.1,-77.5670
1932.2,-77.5703
1932.3,-77.5736
1932.4,-77.5769
1932.5,-77.5801
1932.6,-77.5833
1932.7,-77.5865
1932.8,-77.5897
1932.9,-77.5928
1933.0,-77.5959
1933.1,-77.5990
1933.2,-77.6021
1933.3,-77.6052
1933.4,-77.6082
1933.5,-77.6112
1933.6,-77.6142
1933.7,-77.6171
1933.8,-77.6201
1933.9,-77.6230
1934.0,-77.6259
1934.1,-77.6287
1934.2,-77.6316
1934.3,-77.6344
1934.4,-77.6372
1934.5,-77.6400
1934.6,-77.6427
1934.7,-77.6455
1934.8,-77.6482
1934.9,-77.6509
1935.0,-77.6536
1935.1,-77.6562
1935.2,-77.6588
1935.3,-77.6615
1935.4,-77.6641
1935.5,-77.6666
1935.6,-77.6692
1935.7,-77.6717
1935.8,-77.6742
1935.9,-77.6767
1936.0,-77.6792
1936.1,-77.6817
1936.2,-77.6841
1936.3,-77.6865
1936.4,-77.6889
1936.5,-77.6913
1936.6,-77.6937
1936.7,-77.6960
1936.8,-77.6984
1936.9,-77.7007
1937.0,-77.7030
1937.1,-77.7052
1937.2,-77.7075
1937.3,-77.7097
1937.4,-77.7120
1937.5,-77.7142
1937.6,-77.7164
1937.7,-77.7185
1937.8,-77.7207
1937.9,-77.7228
1938.0,-77.7250
1938.1,-77.7271
1938.2,-77.7292
1938.3,-77.7312
1938.4,-77.7333
1938.5,-77.7353
1938.6,-77.7374
1938.7,-77.7394
1938.8,-77.7414
1938.9,-77.7433
1939.0,-77.7453
1939.1,-77.7473
1939.2,-77.7492
1939.3,-77.7511
1939.4,-77.7530
1939.5,-77.7549
1939.6,-77.7568
1939.7,-77.7587
1939.8,-77.7605
1939.9,-77.7624
1940.0,-78.0000
1940.1,-77.9867
1940.2,-77.9735
1940.3,-77.9604
1940.4,-77.9474
1940.5,-77.9344
1940.6,-77.9216
1940.7,-77.9088
1940.8,-77.8961
1940.9,-77.8835
1941.0,-77.8710
1941.1,-77.8586
1941.2,-77.8462
1941.3,-77.8340
1941.4,-77.8218
1941.5,-77.8097
1941.6,-77.7977
1941.7,-77.7857
1941.8,-77.7738
1941.9,-77.7621
1942.0,-77.7503
1942.1,-77.7387
1942.2,-77.7272
1942.3,-77.7157
1942.4,-77.7043
1942.5,-77.6930
1942.6,-77.6817
1942.7,-77.6705
1942.8,-77.6594
1942.9,-77.6484
1943.0,-77.6375
1943.1,-77.6266
1943.2,-77.6158
1943.3,-77.6050
1943.4,-77.5944
1943.5,-77.5838
1943.6,-77.5733
1943.7,-77.5628
1943.8,-77.5524
1943.9,-77.5421
1944.0,-77.5319
1944.1,-77.5217
1944.2,-77.5116
1944.3,-77.5015
1944.4,-77.4915
1944.5,-77.4816
1944.6,-77.4718
1944.7,-77.4620
1944.8,-77.4523
1944.9,-77.4426
1945.0,-77.4331
1945.1,-77.4235
1945.2,-77.4141
1945.3,-77.4047
1945.4,-77.3954
1945.5,-77.3861
1945.6,-77.3769
1945.7,-77.3677
1945.8,-77.3586
1945.9,-77.3496
1946.0,-77.3406
1946.1,-77.3317
1946.2,-77.3229
1946.3,-77.3141
1946.4,-77.3054
1946.5,-77.2967
1946.6,-77.2881
1946.7,-77.2795
1946.8,-77.2710
1946.9,-77.2626
1947.0,-77.2542
1947.1,-77.2458
1947.2,-77.2376
1947.3,-77.2293
1947.4,-77.2212
1947.5,-77.2131
1947.6,-77.2050
1947.7,-77.1970
1947.8,-77.1890
1947.9,-77.1811
1948.0,-77.1733
1948.1,-77.1655
1948.2,-77.1578
1948.3,-77.1501
1948.4,-77.1424
1948.5,-77.1348
1948.6,-77.1273
1948.7,-77.1198
1948.8,-77.1124
1948.9,-77.1050
1949.0,-77.0976
1949.1,-77.0903
1949.2,-77.0831
1949.3,-77.0759
1949.4,-77.0687
1949.5,-77.0616
1949.6,-77.0546
1949.7,-77.0476
1949.8,-77.0406
1949.9,-77.0337
1950.0,-77.0268
1950.1,-77.0200
1950.2,-77.0132
1950.3,-77.0065
1950.4,-76.9998
1950.5,-76.9932
1950.6,-76.9866
1950.7,-76.9800
1950.8,-76.9735
1950.9,-76.9670
1951.0,-76.9606
1951.1,-76.9542
1951.2,-76.9479
1951.3,-76.9416
1951.4,-76.9353
1951.5,-76.9291
1951.6,-76.9229
1951.7,-76.9168
1951.8,-76.9107
1951.9,-76.9047
1952.0,-76.8987
1952.1,-76.8927
1952.2,-76.8868
1952.3,-76.8809
1952.4,-76.8750
1952.5,-76.8692
1952.6,-76.8634
1952.7,-76.8577
1952.8,-76.8520
1952.9,-76.8463
1953.0,-76.8407
1953.1,-76.8351
1953.2,-76.8296
1953.3,-76.8241
1953.4,-76.8186
1953.5,-76.8131
1953.6,-76.8077
1953.7,-76.8024
1953.8,-76.7970
1953.9,-76.7917
1954.0,-76.7865
1954.1,-76.7813
1954.2,-76.7761
1954.3,-76.7709
1954.4,-76.7658
1954.5,-76.7607
1954.6,-76.7556
1954.7,-76.7506
1954.8,-76.7456
1954.9,-76.7407
1955.0,-76.7358
1955.1,-76.7309
1955.2,-76.7260
1955.3,-76.7212
1955.4,-76.7164
1955.5,-76.7116
1955.6,-76.7069
1955.7,-76.7022
1955.8,-76.6975
1955.9,-76.6929
1956.0,-76.6883
1956.1,-76.6837
1956.2,-76.6792
1956.3,-76.6747
1956.4,-76.6702
1956.5,-76.6657
1956.6,-76.6613
1956.7,-76.6569
1956.8,-76.6526
1956.9,-76.6482
1957.0,-76.6439
1957.1,-76.6396
1957.2,-76.6354
1957.3,-76.6312
1957.4,-76.6270
1957.5,-76.6228
1957.6,-76.6187
1957.7,-76.6146
1957.8,-76.6105
1957.9,-76.6064
1958.0,-76.6024
1958.1,-76.5984
1958.2,-76.5944
1958.3,-76.5905
1958.4,-76.5865
1958.5,-76.5826
1958.6,-76.5788
1958.7,-76.5749
1958.8,-76.5711
1958.9,-76.5673
1959.0,-76.5635
1959.1,-76.5598
1959.2,-76.5561
1959.3,-76.5524
1959.4,-76.5487
1959.5,-76.5451
1959.6,-76.5414
1959.7,-76.5378
1959.8,-76.5343
1959.9,-76.5307
1960.0,-76.5272
1960.1,-76.5237
1960.2,-76.5202
1960.3,-76.5168
1960.4,-76.5133
1960.5,-76.5099
1960.6,-76.5065
1960.7,-76.5032
1960.8,-76.4998
1960.9,-76.4965
1961.0,-76.4932
1961.1,-76.4899
1961.2,-76.4867
1961.3,-76.4834
1961.4,-76.4802
1961.5,-76.4770
1961.6,-76.4739
1961.7,-76.4707
1961.8,-76.4676
1961.9,-76.4645
1962.0,-76.4614
1962.1,-76.4583
1962.2,-76.4553
1962.3,-76.4523
1962.4,-76.4492
1962.5,-76.4463
1962.6,-76.4433
1962.7,-76.4403
1962.8,-76.4374
1962.9,-76.4345
1963.0,-76.4316
1963.1,-76.4288
1963.2,-76.4259
1963.3,-76.4231
1963.4,-76.4203
1963.5,-76.4175
1963.6,-76.4147
1963.7,-76.4120
1963.8,-76.4092
1963.9,-76.4065
1964.0,-76.4038
1964.1,-76.4011
1964.2,-76.3984
1964.3,-76.3958
1964.4,-76.3932
1964.5,-76.3906
1964.6,-76.3880
1964.7,-76.3854
1964.8,-76.3828
1964.9,-76.3803
1965.0,-76.3778
1965.1,-76.3752
1965.2,-76.3727
1965.3,-76.3703
1965.4,-76.3678
1965.5,-76.3654
1965.6,-76.3629
1965.7,-76.3605
1965.8,-76.3581
1965.9,-76.3558
1966.0,-76.3534
1966.1,-76.3510
1966.2,-76.3487
1966.3,-76.3464
1966.4,-76.3441
1966.5,-76.3418
1966.6,-76.3395
1966.7,-76.3373
1966.8,-76.3350
1966.9,-76.3328
1967.0,-76.3306
1967.1,-76.3284
1967.2,-76.3262
1967.3,-76.3241
1967.4,-76.3219
1967.5,-76.3198
1967.6,-76.3176
1967.7,-76.3155
1967.8,-76.3134
1967.9,-76.3113
1968.0,-76.3093
1968.1,-76.3072
1968.2,-76.3052
1968.3,-76.3032
1968.4,-76.3011
1968.5,-76.2991
1968.6,-76.2971
1968.7,-76.2952
1968.8,-76.2932
1968.9,-76.2913
1969.0,-76.2893
1969.1,-76.2874
1969.2,-76.2855
1969.3,-76.2836
1969.4,-76.2817
1969.5,-76.2798
1969.6,-76.2780
1969.7,-76.2761
1969.8,-76.2743
1969.9,-76.2725
1970.0,-76.2707
1970.1,-76.2689
1970.2,-76.2671
1970.3,-76.2653
1970.4,-76.2635
1970.5,-76.2618
1970.6,-76.2601
1970.7,-76.2583
1970.8,-76.2566
1970.9,-76.2549
1971.0,-76.2532
1971.1,-76.2515
1971.2,-76.2499
1971.3,-76.2482
1971.4,-76.2466
1971.5,-76.2449
1971.6,-76.2433
1971.7,-76.2417
1971.8,-76.2401
1971.9,-76.2385
1972.0,-76.2369
1972.1,-76.2353
1972.2,-76.2337
1972.3,-76.2322
1972.4,-76.2307
1972.5,-76.2291
1972.6,-76.2276
1972.7,-76.2261
1972.8,-76.2246
1972.9,-76.2231
1973.0,-76.2216
1973.1,-76.2201
1973.2,-76.2187
1973.3,-76.2172
1973.4,-76.2158
1973.5,-76.2143
1973.6,-76.2129
1973.7,-76.2115
1973.8,-76.2101
1973.9,-76.2087
1974.0,-76.2073
1974.1,-76.2059
1974.2,-76.2046
1974.3,-76.2032
1974.4,-76.2019
1974.5,-76.2005
1974.6,-76.1992
1974.7,-76.1979
1974.8,-76.1965
1974.9,-76.1952
1975.0,-76.1939
1975.1,-76.1927
1975.2,-76.1914
1975.3,-76.1901
1975.4,-76.1888
1975.5,-76.1876
1975.6,-76.1863
1975.7,-76.1851
1975.8,-76.1839
1975.9,-76.1826
1976.0,-76.1814
1976.1,-76.1802
1976.2,-76.1790
1976.3,-76.1778
1976.4,-76.1767
1976.5,-76.1755
1976.6,-76.1743
1976.7,-76.1732
1976.8,-76.1720
1976.9,-76.1709
1977.0,-76.1697
1977.1,-76.1686
1977.2,-76.1675
1977.3,-76.1664
1977.4,-76.1653
1977.5,-76.1642
1977.6,-76.1631
1977.7,-76.1620
1977.8,-76.1609
1977.9,-76.1598
1978.0,-76.1588
1978.1,-76.1577
1978.2,-76.1567
1978.3,-76.1556
1978.4,-76.1546
1978.5,-76.1536
1978.6,-76.1526
1978.7,-76.1515
1978.8,-76.1505
1978.9,-76.1495
1979.0,-76.1485
1979.1,-76.1476
1979.2,-76.1466
1979.3,-76.1456
1979.4,-76.1446
1979.5,-76.1437
1979.6,-76.1427
1979.7,-76.1418
1979.8,-76.1408
1979.9,-76.1399
1980.0,-76.1390
1980.1,-76.1380
1980.2,-76.1371
1980.3,-76.1362
1980.4,-76.1353
1980.5,-76.1344
1980.6,-76.1335
1980.7,-76.1326
1980.8,-76.1317
1980.9,-76.1309
1981.0,-76.1300
1981.1,-76.1291
1981.2,-76.1283
1981.3,-76.1274
1981.4,-76.1266
1981.5,-76.1257
1981.6,-76.1249
1981.7,-76.1241
1981.8,-76.1233
1981.9,-76.1224
1982.0,-76.1216
1982.1,-76.1208
1982.2,-76.1200
1982.3,-76.1192
1982.4,-76.1184
1982.5,-76.1176
1982.6,-76.1169
1982.7,-76.1161
1982.8,-76.1153
1982.9,-76.1145
1983.0,-76.1138
1983.1,-76.1130
1983.2,-76.1123
1983.3,-76.1115
1983.4,-76.1108
1983.5,-76.1100
1983.6,-76.1093
1983.7,-76.1086
1983.8,-76.1079
1983.9,-76.1072
1984.0,-76.1064
1984.1,-76.1057
1984.2,-76.1050
1984.3,-76.1043
1984.4,-76.1036
1984.5,-76.1029
1984.6,-76.1023
1984.7,-76.1016
1984.8,-76.1009
1984.9,-76.1002
1985.0,-76.0996
1985.1,-76.0989
1985.2,-76.0983
1985.3,-76.0976
1985.4,-76.0970
1985.5,-76.0963
1985.6,-76.0957
1985.7,-76.0950
1985.8,-76.0944
1985.9,-76.0938
1986.0,-76.0932
1986.1,-76.0925
1986.2,-76.0919
1986.3,-76.0913
1986.4,-76.0907
1986.5,-76.0901
1986.6,-76.0895
1986.7,-76.0889
1986.8,-76.0883
1986.9,-76.0877
1987.0,-76.0871
1987.1,-76.0866
1987.2,-76.0860
1987.3,-76.0854
1987.4,-76.0849
1987.5,-76.0843
1987.6,-76.0837
1987.7,-76.0832
1987.8,-76.0826
1987.9,-76.0821
1988.0,-76.0815
1988.1,-76.0810
1988.2,-76.0804
1988.3,-76.0799
1988.4,-76.0794
1988.5,-76.0789
1988.6,-76.0783
1988.7,-76.0778
1988.8,-76.0773
1988.9,-76.0768
1989.0,-76.0763
1989.1,-76.0758
1989.2,-76.0753
1989.3,-76.0748
1989.4,-76.0743
1989.5,-76.0738
1989.6,-76.0733
1989.7,-76.0728
1989.8,-76.0723
1989.9,-76.0718
1990.0,-76.0713
1990.1,-76.0709
1990.2,-76.0704
1990.3,-76.0699
1990.4,-76.0695
1990.5,-76.0690
1990.6,-76.0686
1990.7,-76.0681
1990.8,-76.0676
1990.9,-76.0672
1991.0,-76.0667
1991.1,-76.0663
1991.2,-76.0659
1991.3,-76.0654
1991.4,-76.0650
1991.5,-76.0646
1991.6,-76.0641
1991.7,-76.0637
1991.8,-76.0633
1991.9,-76.0629
1992.0,-76.0624
1992.1,-76.0620
1992.2,-76.0616
1992.3,-76.0612
1992.4,-76.0608
1992.5,-76.0604
1992.6,-76.0600
1992.7,-76.0596
1992.8,-76.0592
1992.9,-76.0588
1993.0,-76.0584
1993.1,-76.0580
1993.2,-76.0576
1993.3,-76.0573
1993.4,-76.0569
1993.5,-76.0565
1993.6,-76.0561
1993.7,-76.0558
1993.8,-76.0554
1993.9,-76.0550
1994.0,-76.0546
1994.1,-76.0543
1994.2,-76.0539
1994.3,-76.0536
1994.4,-76.0532
1994.5,-76.0529
1994.6,-76.0525
1994.7,-76.0522
1994.8,-76.0518
1994.9,-76.0515
1995.0,-76.0511
1995.1,-76.0508
1995.2,-76.0504
1995.3,-76.0501
1995.4,-76.0498
1995.5,-76.0494
1995.6,-76.0491
1995.7,-76.0488
1995.8,-76.0485
1995.9,-76.0481
1996.0,-76.0478
1996.1,-76.0475
1996.2,-76.0472
1996.3,-76.0469
1996.4,-76.0466
1996.5,-76.0463
1996.6,-76.0460
1996.7,-76.0456
1996.8,-76.0453
1996.9,-76.0450
1997.0,-76.0447
1997.1,-76.0444
1997.2,-76.0441
1997.3,-76.0439
1997.4,-76.0436
1997.5,-76.0433
1997.6,-76.0430
1997.7,-76.0427
1997.8,-76.0424
1997.9,-76.0421
1998.0,-76.0419
1998.1,-76.0416
1998.2,-76.0413
1998.3,-76.0410
1998.4,-76.0408
1998.5,-76.0405
1998.6,-76.0402
1998.7,-76.0399
1998.8,-76.0397
1998.9,-76.0394
1999.0,-76.0392
1999.1,-76.0389
1999.2,-76.0386
1999.3,-76.0384
1999.4,-76.0381
1999.5,-76.0379
1999.6,-76.0376
1999.7,-76.0374
1999.8,-76.0371
1999.9,-76.0369
2000.0,-76.0000
2000.1,-75.9940
2000.2,-75.9880
2000.3,-75.9820
2000.4,-75.9760
2000.5,-75.9700
2000.6,-75.9640
2000.7,-75.9580
2000.8,-75.9521
2000.9,-75.9461
2001.0,-75.9401
2001.1,-75.9341
2001.2,-75.9281
2001.3,-75.9222
2001.4,-75.9162
2001.5,-75.9102
2001.6,-75.9043
2001.7,-75.8983
2001.8,-75.8923
2001.9,-75.8864
2002.0,-75.8804
2002.1,-75.8744
2002.2,-75.8685
2002.3,-75.8625
2002.4,-75.8566
2002.5,-75.8506
2002.6,-75.8447
2002.7,-75.8387
2002.8,-75.8328
2002.9,-75.8268
2003.0,-75.8209
2003.1,-75.8150
2003.2,-75.8090
2003.3,-75.8031
2003.4,-75.7972
2003.5,-75.7912
2003.6,-75.7853
2003.7,-75.7794
2003.8,-75.7734
2003.9,-75.7675
2004.0,-75.7616
2004.1,-75.7557
2004.2,-75.7498
2004.3,-75.7438
2004.4,-75.7379
2004.5,-75.7320
2004.6,-75.7261
2004.7,-75.7202
2004.8,-75.7143
2004.9,-75.7084
2005.0,-75.7025
2005.1,-75.6966
2005.2,-75.6907
2005.3,-75.6848
2005.4,-75.6789
2005.5,-75.6730
2005.6,-75.6671
2005.7,-75.6612
2005.8,-75.6553
2005.9,-75.6495
2006.0,-75.6436
2006.1,-75.6377
2006.2,-75.6318
2006.3,-75.6259
2006.4,-75.6201
2006.5,-75.6142
2006.6,-75.6083
2006.7,-75.6025
2006.8,-75.5966
2006.9,-75.5907
2007.0,-75.5849
2007.1,-75.5790
2007.2,-75.5731
2007.3,-75.5673
2007.4,-75.5614
2007.5,-75.5556
2007.6,-75.5497
2007.7,-75.5439
2007.8,-75.5380
2007.9,-75.5322
2008.0,-75.5263
2008.1,-75.5205
2008.2,-75.5147
2008.3,-75.5088
2008.4,-75.5030
2008.5,-75.4972
2008.6,-75.4913
2008.7,-75.4855
2008.8,-75.4797
2008.9,-75.4738
2009.0,-75.4680
2009.1,-75.4622
2009.2,-75.4564
2009.3,-75.4506
2009.4,-75.4447
2009.5,-75.4389
2009.6,-75.4331
2009.7,-75.4273
2009.8,-75.4215
2009.9,-75.4157
2010.0,-75.4099
2010.1,-75.4041
2010.2,-75.3983
2010.3,-75.3925
2010.4,-75.3867
2010.5,-75.3809
2010.6,-75.3751
2010.7,-75.3693
2010.8,-75.3635
2010.9,-75.3577
2011.0,-75.3520
2011.1,-75.3462
2011.2,-75.3404
2011.3,-75.3346
2011.4,-75.3288
2011.5,-75.3231
2011.6,-75.3173
2011.7,-75.3115
2011.8,-75.3057
2011.9,-75.3000
2012.0,-75.2942
2012.1,-75.2884
2012.2,-75.2827
2012.3,-75.2769
2012.4,-75.2712
2012.5,-75.2654
2012.6,-75.2597
2012.7,-75.2539
2012.8,-75.2482
2012.9,-75.2424
2013.0,-75.2367
2013.1,-75.2309
2013.2,-75.2252
2013.3,-75.2194
2013.4,-75.2137
2013.5,-75.2080
2013.6,-75.2022
2013.7,-75.1965
2013.8,-75.1908
2013.9,-75.1850
2014.0,-75.1793
2014.1,-75.1736
2014.2,-75.1678
2014.3,-75.1621
2014.4,-75.1564
2014.5,-75.1507
2014.6,-75.1450
2014.7,-75.1393
2014.8,-75.1335
2014.9,-75.1278
2015.0,-75.1221
2015.1,-75.1164
2015.2,-75.1107
2015.3,-75.1050
2015.4,-75.0993
2015.5,-75.0936
2015.6,-75.0879
2015.7,-75.0822
2015.8,-75.0765
2015.9,-75.0708
2016.0,-75.0652
2016.1,-75.0595
2016.2,-75.0538
2016.3,-75.0481
2016.4,-75.0424
2016.5,-75.0367
2016.6,-75.0311
2016.7,-75.0254
2016.8,-75.0197
2016.9,-75.0140
2017.0,-75.0084
2017.1,-75.0027
2017.2,-74.9970
2017.3,-74.9914
2017.4,-74.9857
2017.5,-74.9800
2017.6,-74.9744
2017.7,-74.9687
2017.8,-74.9631
2017.9,-74.9574
2018.0,-74.9518
2018.1,-74.9461
2018.2,-74.9405
2018.3,-74.9348
2018.4,-74.9292
2018.5,-74.9235
2018.6,-74.9179
2018.7,-74.9123
2018.8,-74.9066
2018.9,-74.9010
2019.0,-74.8953
2019.1,-74.8897
2019.2,-74.8841
2019.3,-74.8785
2019.4,-74.8728
2019.5,-74.8672
2019.6,-74.8616
2019.7,-74.8560
2019.8,-74.8504
2019.9,-74.8447
2020.0,-74.8391
2020.1,-74.8335
2020.2,-74.8279
2020.3,-74.8223
2020.4,-74.8167
2020.5,-74.8111
2020.6,-74.8055
2020.7,-74.7999
2020.8,-74.7943
2020.9,-74.7887
2021.0,-74.7831
2021.1,-74.7775
2021.2,-74.7719
2021.3,-74.7663
2021.4,-74.7607
2021.5,-74.7551
2021.6,-74.7496
2021.7,-74.7440
2021.8,-74.7384
2021.9,-74.7328
2022.0,-74.7272
2022.1,-74.7217
2022.2,-74.7161
2022.3,-74.7105
2022.4,-74.7050
2022.5,-74.6994
2022.6,-74.6938
2022.7,-74.6883
2022.8,-74.6827
2022.9,-74.6771
2023.0,-74.6716
2023.1,-74.6660
2023.2,-74.6605
2023.3,-74.6549
2023.4,-74.6494
2023.5,-74.6438
2023.6,-74.6383
2023.7,-74.6327
2023.8,-74.6272
2023.9,-74.6216
2024.0,-74.6161
2024.1,-74.6106
2024.2,-74.6050
2024.3,-74.5995
2024.4,-74.5940
2024.5,-74.5884
2024.6,-74.5829
2024.7,-74.5774
2024.8,-74.5718
2024.9,-74.5663
2025.0,-74.5608
2025.1,-74.5553
2025.2,-74.5498
2025.3,-74.5442
2025.4,-74.5387
2025.5,-74.5332
2025.6,-74.5277
2025.7,-74.5222
2025.8,-74.5167
2025.9,-74.5112
2026.0,-74.5057
2026.1,-74.5002
2026.2,-74.4947
2026.3,-74.4892
2026.4,-74.4837
2026.5,-74.4782
2026.6,-74.4727
2026.7,-74.4672
2026.8,-74.4617
2026.9,-74.4562
2027.0,-74.4508
2027.1,-74.4453
2027.2,-74.4398
2027.3,-74.4343
2027.4,-74.4288
2027.5,-74.4234
2027.6,-74.4179
2027.7,-74.4124
2027.8,-74.4070
2027.9,-74.4015
2028.0,-74.3960
2028.1,-74.3906
2028.2,-74.3851
2028.3,-74.3796
2028.4,-74.3742
2028.5,-74.3687
2028.6,-74.3633
2028.7,-74.3578
2028.8,-74.3524
2028.9,-74.3469
2029.0,-74.3415
2029.1,-74.3360
2029.2,-74.3306
2029.3,-74.3251
2029.4,-74.3197
2029.5,-74.3142
2029.6,-74.3088
2029.7,-74.3034
2029.8,-74.2979
2029.9,-74.2925
2030.0,-74.2871
2030.1,-74.2816
2030.2,-74.2762
2030.3,-74.2708
2030.4,-74.2654
2030.5,-74.2600
2030.6,-74.2545
2030.7,-74.2491
2030.8,-74.2437
2030.9,-74.2383
2031.0,-74.2329
2031.1,-74.2275
2031.2,-74.2221
2031.3,-74.2166
2031.4,-74.2112
2031.5,-74.2058
2031.6,-74.2004
2031.7,-74.1950
2031.8,-74.1896
2031.9,-74.1842
2032.0,-74.1789
2032.1,-74.1735
2032.2,-74.1681
2032.3,-74.1627
2032.4,-74.1573
2032.5,-74.1519
2032.6,-74.1465
2032.7,-74.1411
2032.8,-74.1358
2032.9,-74.1304
2033.0,-74.1250
2033.1,-74.1196
2033.2,-74.1143
2033.3,-74.1089
2033.4,-74.1035
2033.5,-74.0982
2033.6,-74.0928
2033.7,-74.0874
2033.8,-74.0821
2033.9,-74.0767
2034.0,-74.0714
2034.1,-74.0660
2034.2,-74.0606
2034.3,-74.0553
2034.4,-74.0499
2034.5,-74.0446
2034.6,-74.0392
2034.7,-74.0339
2034.8,-74.0286
2034.9,-74.0232
2035.0,-74.0179
2035.1,-74.0125
2035.2,-74.0072
2035.3,-74.0019
2035.4,-73.9965
2035.5,-73.9912
2035.6,-73.9859
2035.7,-73.9805
2035.8,-73.9752
2035.9,-73.9699
2036.0,-73.9646
2036.1,-73.9592
2036.2,-73.9539
2036.3,-73.9486
2036.4,-73.9433
2036.5,-73.9380
2036.6,-73.9327
2036.7,-73.9274
2036.8,-73.9221
2036.9,-73.9167
2037.0,-73.9114
2037.1,-73.9061
2037.2,-73.9008
2037.3,-73.8955
2037.4,-73.8902
2037.5,-73.8849
2037.6,-73.8797
2037.7,-73.8744
2037.8,-73.8691
2037.9,-73.8638
2038.0,-73.8585
2038.1,-73.8532
2038.2,-73.8479
2038.3,-73.8426
2038.4,-73.8374
2038.5,-73.8321
2038.6,-73.8268
2038.7,-73.8215
2038.8,-73.8163
2038.9,-73.8110
2039.0,-73.8057
2039.1,-73.8005
2039.2,-73.7952
2039.3,-73.7899
2039.4,-73.7847
2039.5,-73.7794
2039.6,-73.7741
2039.7,-73.7689
2039.8,-73.7636
2039.9,-73.7584
2040.0,-73.7531
2040.1,-73.7479
2040.2,-73.7426
2040.3,-73.7374
2040.4,-73.7321
2040.5,-73.7269
2040.6,-73.7216
2040.7,-73.7164
2040.8,-73.7112
2040.9,-73.7059
2041.0,-73.7007
2041.1,-73.6955
2041.2,-73.6902
2041.3,-73.6850
2041.4,-73.6798
2041.5,-73.6746
2041.6,-73.6693
2041.7,-73.6641
2041.8,-73.6589
2041.9,-73.6537
2042.0,-73.6484
2042.1,-73.6432
2042.2,-73.6380
2042.3,-73.6328
2042.4,-73.6276
2042.5,-73.6224
2042.6,-73.6172
2042.7,-73.6120
2042.8,-73.6068
2042.9,-73.6016
2043.0,-73.5964
2043.1,-73.5912
2043.2,-73.5860
2043.3,-73.5808
2043.4,-73.5756
2043.5,-73.5704
2043.6,-73.5652
2043.7,-73.5600
2043.8,-73.5548
2043.9,-73.5497
2044.0,-73.5445
2044.1,-73.5393
2044.2,-73.5341
2044.3,-73.5289
2044.4,-73.5238
2044.5,-73.5186
2044.6,-73.5134
2044.7,-73.5082
2044.8,-73.5031
2044.9,-73.4979
2045.0,-73.4927
2045.1,-73.4876
2045.2,-73.4824
2045.3,-73.4773
2045.4,-73.4721
2045.5,-73.4669
2045.6,-73.4618
2045.7,-73.4566
2045.8,-73.4515
2045.9,-73.4463
2046.0,-73.4412
2046.1,-73.4360
2046.2,-73.4309
2046.3,-73.4258
2046.4,-73.4206
2046.5,-73.4155
2046.6,-73.4103
2046.7,-73.4052
2046.8,-73.4001
2046.9,-73.3949
2047.0,-73.3898
2047.1,-73.3847
2047.2,-73.3795
2047.3,-73.3744
2047.4,-73.3693
2047.5,-73.3642
2047.6,-73.3591
2047.7,-73.3539
2047.8,-73.3488
2047.9,-73.3437
2048.0,-73.3386
2048.1,-73.3335
2048.2,-73.3284
2048.3,-73.3233
2048.4,-73.3182
2048.5,-73.3130
2048.6,-73.3079
2048.7,-73.3028
2048.8,-73.2977
2048.9,-73.2926
2049.0,-73.2875
2049.1,-73.2824
2049.2,-73.2774
2049.3,-73.2723
2049.4,-73.2672
2049.5,-73.2621
2049.6,-73.2570
2049.7,-73.2519
2049.8,-73.2468
2049.9,-73.2418
2050.0,-73.2367
2050.1,-73.2316
2050.2,-73.2265
2050.3,-73.2214
2050.4,-73.2164
2050.5,-73.2113
2050.6,-73.2062
2050.7,-73.2012
2050.8,-73.1961
2050.9,-73.1910
2051.0,-73.1860
2051.1,-73.1809
2051.2,-73.1758
2051.3,-73.1708
2051.4,-73.1657
2051.5,-73.1607
2051.6,-73.1556
2051.7,-73.1506
2051.8,-73.1455
2051.9,-73.1405
2052.0,-73.1354
2052.1,-73.1304
2052.2,-73.1253
2052.3,-73.1203
2052.4,-73.1153
2052.5,-73.1102
2052.6,-73.1052
2052.7,-73.1002
2052.8,-73.0951
2052.9,-73.0901
2053.0,-73.0851
2053.1,-73.0800
2053.2,-73.0750
2053.3,-73.0700
2053.4,-73.0650
2053.5,-73.0599
2053.6,-73.0549
2053.7,-73.0499
2053.8,-73.0449
2053.9,-73.0399
2054.0,-73.0349
2054.1,-73.0299
2054.2,-73.0248
2054.3,-73.0198
2054.4,-73.0148
2054.5,-73.0098
2054.6,-73.0048
2054.7,-72.9998
2054.8,-72.9948
2054.9,-72.9898
2055.0,-72.9848
2055.1,-72.9798
2055.2,-72.9748
2055.3,-72.9699
2055.4,-72.9649
2055.5,-72.9599
2055.6,-72.9549
2055.7,-72.9499
2055.8,-72.9449
2055.9,-72.9399
2056.0,-72.9350
2056.1,-72.9300
2056.2,-72.9250
2056.3,-72.9200
2056.4,-72.9151
2056.5,-72.9101
2056.6,-72.9051
2056.7,-72.9002
2056.8,-72.8952
2056.9,-72.8902
2057.0,-72.8853
2057.1,-72.8803
2057.2,-72.8753
2057.3,-72.8704
2057.4,-72.8654
2057.5,-72.8605
2057.6,-72.8555
2057.7,-72.8506
2057.8,-72.8456
2057.9,-72.8407
2058.0,-72.8357
2058.1,-72.8308
2058.2,-72.8258
2058.3,-72.8209
2058.4,-72.8160
2058.5,-72.8110
2058.6,-72.8061
2058.7,-72.8012
2058.8,-72.7962
2058.9,-72.7913
2059.0,-72.7864
2059.1,-72.7814
2059.2,-72.7765
2059.3,-72.7716
2059.4,-72.7667
2059.5,-72.7617
2059.6,-72.7568
2059.7,-72.7519
2059.8,-72.7470
2059.9,-72.7421
2060.0,-72.7372
2060.1,-72.7322
2060.2,-72.7273
2060.3,-72.7224
2060.4,-72.7175
2060.5,-72.7126
2060.6,-72.7077
2060.7,-72.7028
2060.8,-72.6979
2060.9,-72.6930
2061.0,-72.6881
2061.1,-72.6832
2061.2,-72.6783
2061.3,-72.6734
2061.4,-72.6685
2061.5,-72.6637
2061.6,-72.6588
2061.7,-72.6539
2061.8,-72.6490
2061.9,-72.6441
2062.0,-72.6392
2062.1,-72.6344
2062.2,-72.6295
2062.3,-72.6246
2062.4,-72.6197
2062.5,-72.6149
2062.6,-72.6100
2062.7,-72.6051
2062.8,-72.6002
2062.9,-72.5954
2063.0,-72.5905
2063.1,-72.5857
2063.2,-72.5808
2063.3,-72.5759
2063.4,-72.5711
2063.5,-72.5662
2063.6,-72.5614
2063.7,-72.5565
2063.8,-72.5517
2063.9,-72.5468
2064.0,-72.5420
2064.1,-72.5371
2064.2,-72.5323
2064.3,-72.5274
2064.4,-72.5226
2064.5,-72.5177
2064.6,-72.5129
2064.7,-72.5081
2064.8,-72.5032
2064.9,-72.4984
2065.0,-72.4936
2065.1,-72.4887
2065.2,-72.4839
2065.3,-72.4791
2065.4,-72.4743
2065.5,-72.4694
2065.6,-72.4646
2065.7,-72.4598
2065.8,-72.4550
2065.9,-72.4502
2066.0,-72.4453
2066.1,-72.4405
2066.2,-72.4357
2066.3,-72.4309
2066.4,-72.4261
2066.5,-72.4213
2066.6,-72.4165
2066.7,-72.4117
2066.8,-72.4069
2066.9,-72.4021
2067.0,-72.3973
2067.1,-72.3925
2067.2,-72.3877
2067.3,-72.3829
2067.4,-72.3781
2067.5,-72.3733
2067.6,-72.3685
2067.7,-72.3637
2067.8,-72.3589
2067.9,-72.3541
2068.0,-72.3494
2068.1,-72.3446
2068.2,-72.3398
2068.3,-72.3350
2068.4,-72.3302
2068.5,-72.3255
2068.6,-72.3207
2068.7,-72.3159
2068.8,-72.3111
2068.9,-72.3064
2069.0,-72.3016
2069.1,-72.2968
2069.2,-72.2921
2069.3,-72.2873
2069.4,-72.2825
2069.5,-72.2778
2069.6,-72.2730
2069.7,-72.2683
2069.8,-72.2635
2069.9,-72.2588
2070.0,-72.2540
2070.1,-72.2493
2070.2,-72.2445
2070.3,-72.2398
2070.4,-72.2350
2070.5,-72.2303
2070.6,-72.2255
2070.7,-72.2208
2070.8,-72.2161
2070.9,-72.2113
2071.0,-72.2066
2071.1,-72.2018
2071.2,-72.1971
2071.3,-72.1924
2071.4,-72.1876
2071.5,-72.1829
2071.6,-72.1782
2071.7,-72.1735
2071.8,-72.1687
2071.9,-72.1640
2072.0,-72.1593
2072.1,-72.1546
2072.2,-72.1499
2072.3,-72.1451
2072.4,-72.1404
2072.5,-72.1357
2072.6,-72.1310
2072.7,-72.1263
2072.8,-72.1216
2072.9,-72.1169
2073.0,-72.1122
2073.1,-72.1075
2073.2,-72.1028
2073.3,-72.0981
2073.4,-72.0934
2073.5,-72.0887
2073.6,-72.0840
2073.7,-72.0793
2073.8,-72.0746
2073.9,-72.0699
2074.0,-72.0652
2074.1,-72.0605
2074.2,-72.0558
2074.3,-72.0512
2074.4,-72.0465
2074.5,-72.0418
2074.6,-72.0371
2074.7,-72.0324
2074.8,-72.0278
2074.9,-72.0231
2075.0,-72.0184
2075.1,-72.0137
2075.2,-72.0091
2075.3,-72.0044
2075.4,-71.9997
2075.5,-71.9951
2075.6,-71.9904
2075.7,-71.9857
2075.8,-71.9811
2075.9,-71.9764
2076.0,-71.9718
2076.1,-71.9671
2076.2,-71.9625
2076.3,-71.9578
2076.4,-71.9531
2076.5,-71.9485
2076.6,-71.9438
2076.7,-71.9392
2076.8,-71.9346
2076.9,-71.9299
2077.0,-71.9253
2077.1,-71.9206
2077.2,-71.9160
2077.3,-71.9114
2077.4,-71.9067
2077.5,-71.9021
2077.6,-71.8974
2077.7,-71.8928
2077.8,-71.8882
2077.9,-71.8836
2078.0,-71.8789
2078.1,-71.8743
2078.2,-71.8697
2078.3,-71.8651
2078.4,-71.8604
2078.5,-71.8558
2078.6,-71.8512
2078.7,-71.8466
2078.8,-71.8420
2078.9,-71.8374
2079.0,-71.8327
2079.1,-71.8281
2079.2,-71.8235
2079.3,-71.8189
2079.4,-71.8143
2079.5,-71.8097
2079.6,-71.8051
2079.7,-71.8005
2079.8,-71.7959
2079.9,-71.7913
2080.0,-71.7867
2080.1,-71.7821
2080.2,-71.7775
2080.3,-71.7729
2080.4,-71.7683
2080.5,-71.7638
2080.6,-71.7592
2080.7,-71.7546
2080.8,-71.7500
2080.9,-71.7454
2081.0,-71.7408
2081.1,-71.7363
2081.2,-71.7317
2081.3,-71.7271
2081.4,-71.7225
2081.5,-71.7179
2081.6,-71.7134
2081.7,-71.7088
2081.8,-71.7042
2081.9,-71.6997
2082.0,-71.6951
2082.1,-71.6905
2082.2,-71.6860
2082.3,-71.6814
2082.4,-71.6769
2082.5,-71.6723
2082.6,-71.6677
2082.7,-71.6632
2082.8,-71.6586
2082.9,-71.6541
2083.0,-71.6495
2083.1,-71.6450
2083.2,-71.6404
2083.3,-71.6359
2083.4,-71.6313
2083.5,-71.6268
2083.6,-71.6223
2083.7,-71.6177
2083.8,-71.6132
2083.9,-71.6086
2084.0,-71.6041
2084.1,-71.5996
2084.2,-71.5950
2084.3,-71.5905
2084.4,-71.5860
2084.5,-71.5815
2084.6,-71.5769
2084.7,-71.5724
2084.8,-71.5679
2084.9,-71.5634
2085.0,-71.5588
2085.1,-71.5543
2085.2,-71.5498
2085.3,-71.5453
2085.4,-71.5408
2085.5,-71.5363
2085.6,-71.5317
2085.7,-71.5272
2085.8,-71.5227
2085.9,-71.5182
2086.0,-71.5137
2086.1,-71.5092
2086.2,-71.5047
2086.3,-71.5002
2086.4,-71.4957
2086.5,-71.4912
2086.6,-71.4867
2086.7,-71.4822
2086.8,-71.4777
2086.9,-71.4732
2087.0,-71.4687
2087.1,-71.4643
2087.2,-71.4598
2087.3,-71.4553
2087.4,-71.4508
2087.5,-71.4463
2087.6,-71.4418
2087.7,-71.4374
2087.8,-71.4329
2087.9,-71.4284
2088.0,-71.4239
2088.1,-71.4194
2088.2,-71.4150
2088.3,-71.4105
2088.4,-71.4060
2088.5,-71.4016
2088.6,-71.3971
2088.7,-71.3926
2088.8,-71.3882
2088.9,-71.3837
2089.0,-71.3793
2089.1,-71.3748
2089.2,-71.3703
2089.3,-71.3659
2089.4,-71.3614
2089.5,-71.3570
2089.6,-71.3525
2089.7,-71.3481
2089.8,-71.3436
2089.9,-71.3392
2090.0,-71.3347
2090.1,-71.3303
2090.2,-71.3258
2090.3,-71.3214
2090.4,-71.3170
2090.5,-71.3125
2090.6,-71.3081
2090.7,-71.3036
2090.8,-71.2992
2090.9,-71.2948
2091.0,-71.2904
2091.1,-71.2859
2091.2,-71.2815
2091.3,-71.2771
2091.4,-71.2726
2091.5,-71.2682
2091.6,-71.2638
2091.7,-71.2594
2091.8,-71.2550
2091.9,-71.2505
2092.0,-71.2461
2092.1,-71.2417
2092.2,-71.2373
2092.3,-71.2329
2092.4,-71.2285
2092.5,-71.2241
2092.6,-71.2197
2092.7,-71.2153
2092.8,-71.2108
2092.9,-71.2064
2093.0,-71.2020
2093.1,-71.1976
2093.2,-71.1932
2093.3,-71.1888
2093.4,-71.1845
2093.5,-71.1801
2093.6,-71.1757
2093.7,-71.1713
2093.8,-71.1669
2093.9,-71.1625
2094.0,-71.1581
2094.1,-71.1537
2094.2,-71.1493
2094.3,-71.1450
2094.4,-71.1406
2094.5,-71.1362
2094.6,-71.1318
2094.7,-71.1274
2094.8,-71.1231
2094.9,-71.1187
2095.0,-71.1143
2095.1,-71.1100
2095.2,-71.1056
2095.3,-71.1012
2095.4,-71.0969
2095.5,-71.0925
2095.6,-71.0881
2095.7,-71.0838
2095.8,-71.0794
2095.9,-71.0750
2096.0,-71.0707
2096.1,-71.0663
2096.2,-71.0620
2096.3,-71.0576
2096.4,-71.0533
2096.5,-71.0489
2096.6,-71.0446
2096.7,-71.0402
2096.8,-71.0359
2096.9,-71.0315
2097.0,-71.0272
2097.1,-71.0228
2097.2,-71.0185
2097.3,-71.0142
2097.4,-71.0098
2097.5,-71.0055
2097.6,-71.0012
2097.7,-70.9968
2097.8,-70.9925
2097.9,-70.9882
2098.0,-70.9838
2098.1,-70.9795
2098.2,-70.9752
2098.3,-70.9709
2098.4,-70.9665
2098.5,-70.9622
2098.6,-70.9579
2098.7,-70.9536
2098.8,-70.9493
2098.9,-70.9449
2099.0,-70.9406
2099.1,-70.9363
2099.2,-70.9320
2099.3,-70.9277
2099.4,-70.9234
2099.5,-70.9191
2099.6,-70.9148
2099.7,-70.9105
2099.8,-70.9062
2099.9,-70.9019
2100.0,-70.8976
2100.1,-70.8933
2100.2,-70.8890
2100.3,-70.8847
2100.4,-70.8804
2100.5,-70.8761
2100.6,-70.8718
2100.7,-70.8675
2100.8,-70.8632
2100.9,-70.8589
2101.0,-70.8546
2101.1,-70.8504
2101.2,-70.8461
2101.3,-70.8418
2101.4,-70.8375
2101.5,-70.8332
2101.6,-70.8290
2101.7,-70.8247
2101.8,-70.8204
2101.9,-70.8161
2102.0,-70.8119
2102.1,-70.8076
2102.2,-70.8033
2102.3,-70.7991
2102.4,-70.7948
2102.5,-70.7905
2102.6,-70.7863
2102.7,-70.7820
2102.8,-70.7777
2102.9,-70.7735
2103.0,-70.7692
2103.1,-70.7650
2103.2,-70.7607
2103.3,-70.7565
2103.4,-70.7522
2103.5,-70.7480
2103.6,-70.7437
2103.7,-70.7395
2103.8,-70.7352
2103.9,-70.7310
2104.0,-70.7267
2104.1,-70.7225
2104.2,-70.7183
2104.3,-70.7140
2104.4,-70.7098
2104.5,-70.7055
2104.6,-70.7013
2104.7,-70.6971
2104.8,-70.6928
2104.9,-70.6886
2105.0,-70.6844
2105.1,-70.6802
2105.2,-70.6759
2105.3,-70.6717
2105.4,-70.6675
2105.5,-70.6633
2105.6,-70.6590
2105.7,-70.6548
2105.8,-70.6506
2105.9,-70.6464
2106.0,-70.6422
2106.1,-70.6380
2106.2,-70.6337
2106.3,-70.6295
2106.4,-70.6253
2106.5,-70.6211
2106.6,-70.6169
2106.7,-70.6127
2106.8,-70.6085
2106.9,-70.6043
2107.0,-70.6001
2107.1,-70.5959
2107.2,-70.5917
2107.3,-70.5875
2107.4,-70.5833
2107.5,-70.5791
2107.6,-70.5749
2107.7,-70.5707
2107.8,-70.5665
2107.9,-70.5624
2108.0,-70.5582
2108.1,-70.5540
2108.2,-70.5498
2108.3,-70.5456
2108.4,-70.5414
2108.5,-70.5373
2108.6,-70.5331
2108.7,-70.5289
2108.8,-70.5247
2108.9,-70.5206
2109.0,-70.5164
2109.1,-70.5122
2109.2,-70.5080
2109.3,-70.5039
2109.4,-70.4997
2109.5,-70.4955
2109.6,-70.4914
2109.7,-70.4872
2109.8,-70.4831
2109.9,-70.4789
2110.0,-70.4747
2110.1,-70.4706
2110.2,-70.4664
2110.3,-70.4623
2110.4,-70.4581
2110.5,-70.4540
2110.6,-70.4498
2110.7,-70.4457
2110.8,-70.4415
2110.9,-70.4374
2111.0,-70.4332
2111.1,-70.4291
2111.2,-70.4249
2111.3,-70.4208
2111.4,-70.4167
2111.5,-70.4125
2111.6,-70.4084
2111.7,-70.4042
2111.8,-70.4001
2111.9,-70.3960
2112.0,-70.3918
2112.1,-70.3877
2112.2,-70.3836
2112.3,-70.3795
2112.4,-70.3753
2112.5,-70.3712
2112.6,-70.3671
2112.7,-70.3630
2112.8,-70.3588
2112.9,-70.3547
2113.0,-70.3506
2113.1,-70.3465
2113.2,-70.3424
2113.3,-70.3383
2113.4,-70.3341
2113.5,-70.3300
2113.6,-70.3259
2113.7,-70.3218
2113.8,-70.3177
2113.9,-70.3136
2114.0,-70.3095
2114.1,-70.3054
2114.2,-70.3013
2114.3,-70.2972
2114.4,-70.2931
2114.5,-70.2890
2114.6,-70.2849
2114.7,-70.2808
2114.8,-70.2767
2114.9,-70.2726
2115.0,-70.2685
2115.1,-70.2645
2115.2,-70.2604
2115.3,-70.2563
2115.4,-70.2522
2115.5,-70.2481
2115.6,-70.2440
2115.7,-70.2399
2115.8,-70.2359
2115.9,-70.2318
2116.0,-70.2277
2116.1,-70.2236
2116.2,-70.2196
2116.3,-70.2155
2116.4,-70.2114
2116.5,-70.2074
2116.6,-70.2033
2116.7,-70.1992
2116.8,-70.1952
2116.9,-70.1911
2117.0,-70.1870
2117.1,-70.1830
2117.2,-70.1789
2117.3,-70.1748
2117.4,-70.1708
2117.5,-70.1667
2117.6,-70.1627
2117.7,-70.1586
2117.8,-70.1546
2117.9,-70.1505
2118.0,-70.1465
2118.1,-70.1424
2118.2,-70.1384
2118.3,-70.1343
2118.4,-70.1303
2118.5,-70.1262
2118.6,-70.1222
2118.7,-70.1182
2118.8,-70.1141
2118.9,-70.1101
2119.0,-70.1060
2119.1,-70.1020
2119.2,-70.0980
2119.3,-70.0939
2119.4,-70.0899
2119.5,-70.0859
2119.6,-70.0819
2119.7,-70.0778
2119.8,-70.0738
2119.9,-70.0698
2120.0,-70.0658
2120.1,-70.0617
2120.2,-70.0577
2120.3,-70.0537
2120.4,-70.0497
2120.5,-70.0457
2120.6,-70.0417
2120.7,-70.0376
2120.8,-70.0336
2120.9,-70.0296
2121.0,-70.0256
2121.1,-70.0216
2121.2,-70.0176
2121.3,-70.0136
2121.4,-70.0096
2121.5,-70.0056
2121.6,-70.0016
2121.7,-69.9976
2121.8,-69.9936
2121.9,-69.9896
2122.0,-69.9856
2122.1,-69.9816
2122.2,-69.9776
2122.3,-69.9736
2122.4,-69.9696
2122.5,-69.9656
2122.6,-69.9616
2122.7,-69.9577
2122.8,-69.9537
2122.9,-69.9497
2123.0,-69.9457
2123.1,-69.9417
2123.2,-69.9377
2123.3,-69.9338
2123.4,-69.9298
2123.5,-69.9258
2123.6,-69.9218
2123.7,-69.9179
2123.8,-69.9139
2123.9,-69.9099
2124.0,-69.9060
2124.1,-69.9020
2124.2,-69.8980
2124.3,-69.8941
2124.4,-69.8901
2124.5,-69.8861
2124.6,-69.8822
2124.7,-69.8782
2124.8,-69.8742
2124.9,-69.8703
2125.0,-69.8663
2125.1,-69.8624
2125.2,-69.8584
2125.3,-69.8545
2125.4,-69.8505
2125.5,-69.8466
2125.6,-69.8426
2125.7,-69.8387
2125.8,-69.8347
2125.9,-69.8308
2126.0,-69.8268
2126.1,-69.8229
2126.2,-69.8190
2126.3,-69.8150
2126.4,-69.8111
2126.5,-69.8071
2126.6,-69.8032
2126.7,-69.7993
2126.8,-69.7953
2126.9,-69.7914
2127.0,-69.7875
2127.1,-69.7836
2127.2,-69.7796
2127.3,-69.7757
2127.4,-69.7718
2127.5,-69.7679
2127.6,-69.7639
2127.7,-69.7600
2127.8,-69.7561
2127.9,-69.7522
2128.0,-69.7483
2128.1,-69.7443
2128.2,-69.7404
2128.3,-69.7365
2128.4,-69.7326
2128.5,-69.7287
2128.6,-69.7248
2128.7,-69.7209
2128.8,-69.7170
2128.9,-69.7131
2129.0,-69.7092
2129.1,-69.7053
2129.2,-69.7014
2129.3,-69.6975
2129.4,-69.6936
2129.5,-69.6897
2129.6,-69.6858
2129.7,-69.6819
2129.8,-69.6780
2129.9,-69.6741
2130.0,-69.6702
2130.1,-69.6663
2130.2,-69.6624
2130.3,-69.6585
2130.4,-69.6546
2130.5,-69.6508
2130.6,-69.6469
2130.7,-69.6430
2130.8,-69.6391
2130.9,-69.6352
2131.0,-69.6314
2131.1,-69.6275
2131.2,-69.6236
2131.3,-69.6197
2131.4,-69.6159
2131.5,-69.6120
2131.6,-69.6081
2131.7,-69.6043
2131.8,-69.6004
2131.9,-69.5965
2132.0,-69.5927
2132.1,-69.5888
2132.2,-69.5849
2132.3,-69.5811
2132.4,-69.5772
2132.5,-69.5734
2132.6,-69.5695
2132.7,-69.5656
2132.8,-69.5618
2132.9,-69.5579
2133.0,-69.5541
2133.1,-69.5502
2133.2,-69.5464
2133.3,-69.5425
2133.4,-69.5387
2133.5,-69.5348
2133.6,-69.5310
2133.7,-69.5271
2133.8,-69.5233
2133.9,-69.5195
2134.0,-69.5156
2134.1,-69.5118
2134.2,-69.5080
2134.3,-69.5041
2134.4,-69.5003
2134.5,-69.4965
2134.6,-69.4926
2134.7,-69.4888
2134.8,-69.4850
2134.9,-69.4811
2135.0,-69.4773
2135.1,-69.4735
2135.2,-69.4697
2135.3,-69.4658
2135.4,-69.4620
2135.5,-69.4582
2135.6,-69.4544
2135.7,-69.4506
2135.8,-69.4467
2135.9,-69.4429
2136.0,-69.4391
2136.1,-69.4353
2136.2,-69.4315
2136.3,-69.4277
2136.4,-69.4239
2136.5,-69.4201
2136.6,-69.4163
2136.7,-69.4125
2136.8,-69.4086
2136.9,-69.4048
2137.0,-69.4010
2137.1,-69.3972
2137.2,-69.3934
2137.3,-69.3897
2137.4,-69.3859
2137.5,-69.3821
2137.6,-69.3783
2137.7,-69.3745
2137.8,-69.3707
2137.9,-69.3669
2138.0,-69.3631
2138.1,-69.3593
2138.2,-69.3555
2138.3,-69.3517
2138.4,-69.3480
2138.5,-69.3442
2138.6,-69.3404
2138.7,-69.3366
2138.8,-69.3328
2138.9,-69.3291
2139.0,-69.3253
2139.1,-69.3215
2139.2,-69.3177
2139.3,-69.3140
2139.4,-69.3102
2139.5,-69.3064
2139.6,-69.3027
2139.7,-69.2989
2139.8,-69.2951
2139.9,-69.2914
2140.0,-69.2876
2140.1,-69.2838
2140.2,-69.2801
2140.3,-69.2763
2140.4,-69.2726
2140.5,-69.2688
2140.6,-69.2651
2140.7,-69.2613
2140.8,-69.2575
2140.9,-69.2538
2141.0,-69.2500
2141.1,-69.2463
2141.2,-69.2425
2141.3,-69.2388
2141.4,-69.2351
2141.5,-69.2313
2141.6,-69.2276
2141.7,-69.2238
2141.8,-69.2201
2141.9,-69.2163
2142.0,-69.2126
2142.1,-69.2089
2142.2,-69.2051
2142.3,-69.2014
2142.4,-69.1977
2142.5,-69.1939
2142.6,-69.1902
2142.7,-69.1865
2142.8,-69.1827
2142.9,-69.1790
2143.0,-69.1753
2143.1,-69.1716
2143.2,-69.1678
2143.3,-69.1641
2143.4,-69.1604
2143.5,-69.1567
2143.6,-69.1530
2143.7,-69.1492
2143.8,-69.1455
2143.9,-69.1418
2144.0,-69.1381
2144.1,-69.1344
2144.2,-69.1307
2144.3,-69.1270
2144.4,-69.1233
2144.5,-69.1196
2144.6,-69.1158
2144.7,-69.1121
2144.8,-69.1084
2144.9,-69.1047
2145.0,-69.1010
2145.1,-69.0973
2145.2,-69.0936
2145.3,-69.0899
2145.4,-69.0862
2145.5,-69.0825
2145.6,-69.0789
2145.7,-69.0752
2145.8,-69.0715
2145.9,-69.0678
2146.0,-69.0641
2146.1,-69.0604
2146.2,-69.0567
2146.3,-69.0530
2146.4,-69.0494
2146.5,-69.0457
2146.6,-69.0420
2146.7,-69.0383
2146.8,-69.0346
2146.9,-69.0310
2147.0,-69.0273
2147.1,-69.0236
2147.2,-69.0199
2147.3,-69.0163
2147.4,-69.0126
2147.5,-69.0089
2147.6,-69.0052
2147.7,-69.0016
2147.8,-68.9979
2147.9,-68.9942
2148.0,-68.9906
2148.1,-68.9869
2148.2,-68.9833
2148.3,-68.9796
2148.4,-68.9759
2148.5,-68.9723
2148.6,-68.9686
2148.7,-68.9650
2148.8,-68.9613
2148.9,-68.9577
2149.0,-68.9540
2149.1,-68.9504
2149.2,-68.9467
2149.3,-68.9431
2149.4,-68.9394
2149.5,-68.9358
2149.6,-68.9321
2149.7,-68.9285
2149.8,-68.9248
2149.9,-68.9212
2150.0,-68.9176
2150.1,-68.9139
2150.2,-68.9103
2150.3,-68.9066
2150.4,-68.9030
2150.5,-68.8994
2150.6,-68.8957
2150.7,-68.8921
2150.8,-68.8885
2150.9,-68.8848
2151.0,-68.8812
2151.1,-68.8776
2151.2,-68.8740
2151.3,-68.8703
2151.4,-68.8667
2151.5,-68.8631
2151.6,-68.8595
2151.7,-68.8559
2151.8,-68.8522
2151.9,-68.8486
2152.0,-68.8450
2152.1,-68.8414
2152.2,-68.8378
2152.3,-68.8342
2152.4,-68.8306
2152.5,-68.8270
2152.6,-68.8233
2152.7,-68.8197
2152.8,-68.8161
2152.9,-68.8125
2153.0,-68.8089
2153.1,-68.8053
2153.2,-68.8017
2153.3,-68.7981
2153.4,-68.7945
2153.5,-68.7909
2153.6,-68.7873
2153.7,-68.7837
2153.8,-68.7801
2153.9,-68.7765
2154.0,-68.7730
2154.1,-68.7694
2154.2,-68.7658
2154.3,-68.7622
2154.4,-68.7586
2154.5,-68.7550
2154.6,-68.7514
2154.7,-68.7478
2154.8,-68.7443
2154.9,-68.7407
2155.0,-68.7371
2155.1,-68.7335
2155.2,-68.7299
2155.3,-68.7264
2155.4,-68.7228
2155.5,-68.7192
2155.6,-68.7156
2155.7,-68.7121
2155.8,-68.7085
2155.9,-68.7049
2156.0,-68.7014
2156.1,-68.6978
2156.2,-68.6942
2156.3,-68.6907
2156.4,-68.6871
2156.5,-68.6835
2156.6,-68.6800
2156.7,-68.6764
2156.8,-68.6729
2156.9,-68.6693
2157.0,-68.6658
2157.1,-68.6622
2157.2,-68.6586
2157.3,-68.6551
2157.4,-68.6515
2157.5,-68.6480
2157.6,-68.6444
2157.7,-68.6409
2157.8,-68.6374
2157.9,-68.6338
2158.0,-68.6303
2158.1,-68.6267
2158.2,-68.6232
2158.3,-68.6196
2158.4,-68.6161
2158.5,-68.6126
2158.6,-68.6090
2158.7,-68.6055
2158.8,-68.6020
2158.9,-68.5984
2159.0,-68.5949
2159.1,-68.5914
2159.2,-68.5878
2159.3,-68.5843
2159.4,-68.5808
2159.5,-68.5772
2159.6,-68.5737
2159.7,-68.5702
2159.8,-68.5667
2159.9,-68.5632
2160.0,-68.5596
2160.1,-68.5561
2160.2,-68.5526
2160.3,-68.5491
2160.4,-68.5456
2160.5,-68.5420
2160.6,-68.5385
2160.7,-68.5350
2160.8,-68.5315
2160.9,-68.5280
2161.0,-68.5245
2161.1,-68.5210
2161.2,-68.5175
2161.3,-68.5140
2161.4,-68.5105
2161.5,-68.5070
2161.6,-68.5035
2161.7,-68.5000
2161.8,-68.4965
2161.9,-68.4930
2162.0,-68.4895
2162.1,-68.4860
2162.2,-68.4825
2162.3,-68.4790
2162.4,-68.4755
2162.5,-68.4720
2162.6,-68.4685
2162.7,-68.4650
2162.8,-68.4615
2162.9,-68.4580
2163.0,-68.4546
2163.1,-68.4511
2163.2,-68.4476
2163.3,-68.4441
2163.4,-68.4406
2163.5,-68.4372
2163.6,-68.4337
2163.7,-68.4302
2163.8,-68.4267
2163.9,-68.4232
2164.0,-68.4198
2164.1,-68.4163
2164.2,-68.4128
2164.3,-68.4094
2164.4,-68.4059
2164.5,-68.4024
2164.6,-68.3990
2164.7,-68.3955
2164.8,-68.3920
2164.9,-68.3886
2165.0,-68.3851
2165.1,-68.3816
2165.2,-68.3782
2165.3,-68.3747
2165.4,-68.3713
2165.5,-68.3678
2165.6,-68.3643
2165.7,-68.3609
2165.8,-68.3574
2165.9,-68.3540
2166.0,-68.3505
2166.1,-68.3471
2166.2,-68.3436
2166.3,-68.3402
2166.4,-68.3367
2166.5,-68.3333
2166.6,-68.3299
2166.7,-68.3264
2166.8,-68.3230
2166.9,-68.3195
2167.0,-68.3161
2167.1,-68.3127
2167.2,-68.3092
2167.3,-68.3058
2167.4,-68.3023
2167.5,-68.2989
2167.6,-68.2955
2167.7,-68.2921
2167.8,-68.2886
2167.9,-68.2852
2168.0,-68.2818
2168.1,-68.2783
2168.2,-68.2749
2168.3,-68.2715
2168.4,-68.2681
2168.5,-68.2646
2168.6,-68.2612
2168.7,-68.2578
2168.8,-68.2544
2168.9,-68.2510
2169.0,-68.2475
2169.1,-68.2441
2169.2,-68.2407
2169.3,-68.2373
2169.4,-68.2339
2169.5,-68.2305
2169.6,-68.2271
2169.7,-68.2237
2169.8,-68.2203
2169.9,-68.2169
2170.0,-68.2134
2170.1,-68.2100
2170.2,-68.2066
2170.3,-68.2032
2170.4,-68.1998
2170.5,-68.1964
2170.6,-68.1930
2170.7,-68.1896
2170.8,-68.1862
2170.9,-68.1829
2171.0,-68.1795
2171.1,-68.1761
2171.2,-68.1727
2171.3,-68.1693
2171.4,-68.1659
2171.5,-68.1625
2171.6,-68.1591
2171.7,-68.1557
2171.8,-68.1523
2171.9,-68.1490
2172.0,-68.1456
2172.1,-68.1422
2172.2,-68.1388
2172.3,-68.1354
2172.4,-68.1321
2172.5,-68.1287
2172.6,-68.1253
2172.7,-68.1219
2172.8,-68.1186
2172.9,-68.1152
2173.0,-68.1118
2173.1,-68.1085
2173.2,-68.1051
2173.3,-68.1017
2173.4,-68.0983
2173.5,-68.0950
2173.6,-68.0916
2173.7,-68.0883
2173.8,-68.0849
2173.9,-68.0815
2174.0,-68.0782
2174.1,-68.0748
2174.2,-68.0715
2174.3,-68.0681
2174.4,-68.0647
2174.5,-68.0614
2174.6,-68.0580
2174.7,-68.0547
2174.8,-68.0513
2174.9,-68.0480
2175.0,-68.0446
2175.1,-68.0413
2175.2,-68.0379
2175.3,-68.0346
2175.4,-68.0312
2175.5,-68.0279
2175.6,-68.0246
2175.7,-68.0212
2175.8,-68.0179
2175.9,-68.0145
2176.0,-68.0112
2176.1,-68.0079
2176.2,-68.0045
2176.3,-68.0012
2176.4,-67.9979
2176.5,-67.9945
2176.6,-67.9912
2176.7,-67.9879
2176.8,-67.9845
2176.9,-67.9812
2177.0,-67.9779
2177.1,-67.9746
2177.2,-67.9712
2177.3,-67.9679
2177.4,-67.9646
2177.5,-67.9613
2177.6,-67.9580
2177.7,-67.9546
2177.8,-67.9513
2177.9,-67.9480
2178.0,-67.9447
2178.1,-67.9414
2178.2,-67.9381
2178.3,-67.9347
2178.4,-67.9314
2178.5,-67.9281
2178.6,-67.9248
2178.7,-67.9215
2178.8,-67.9182
2178.9,-67.9149
2179.0,-67.9116
2179.1,-67.9083
2179.2,-67.9050
2179.3,-67.9017
2179.4,-67.8984
2179.5,-67.8951
2179.6,-67.8918
2179.7,-67.8885
2179.8,-67.8852
2179.9,-67.8819
2180.0,-67.8786
2180.1,-67.8753
2180.2,-67.8720
2180.3,-67.8687
2180.4,-67.8654
2180.5,-67.8622
2180.6,-67.8589
2180.7,-67.8556
2180.8,-67.8523
2180.9,-67.8490
2181.0,-67.8457
2181.1,-67.8425
2181.2,-67.8392
2181.3,-67.8359
2181.4,-67.8326
2181.5,-67.8293
2181.6,-67.8261
2181.7,-67.8228
2181.8,-67.8195
2181.9,-67.8162
2182.0,-67.8130
2182.1,-67.8097
2182.2,-67.8064
2182.3,-67.8032
2182.4,-67.7999
2182.5,-67.7966
2182.6,-67.7934
2182.7,-67.7901
2182.8,-67.7868
2182.9,-67.7836
2183.0,-67.7803
2183.1,-67.7771
2183.2,-67.7738
2183.3,-67.7705
2183.4,-67.7673
2183.5,-67.7640
2183.6,-67.7608
2183.7,-67.7575
2183.8,-67.7543
2183.9,-67.7510
2184.0,-67.7478
2184.1,-67.7445
2184.2,-67.7413
2184.3,-67.7380
2184.4,-67.7348
2184.5,-67.7315
2184.6,-67.7283
2184.7,-67.7251
2184.8,-67.7218
2184.9,-67.7186
2185.0,-67.7153
2185.1,-67.7121
2185.2,-67.7089
2185.3,-67.7056
2185.4,-67.7024
2185.5,-67.6992
2185.6,-67.6959
2185.7,-67.6927
2185.8,-67.6895
2185.9,-67.6862
2186.0,-67.6830
2186.1,-67.6798
2186.2,-67.6765
2186.3,-67.6733
2186.4,-67.6701
2186.5,-67.6669
2186.6,-67.6637
2186.7,-67.6604
2186.8,-67.6572
2186.9,-67.6540
2187.0,-67.6508
2187.1,-67.6476
2187.2,-67.6443
2187.3,-67.6411
2187.4,-67.6379
2187.5,-67.6347
2187.6,-67.6315
2187.7,-67.6283
2187.8,-67.6251
2187.9,-67.6219
2188.0,-67.6187
2188.1,-67.6155
2188.2,-67.6123
2188.3,-67.6090
2188.4,-67.6058
2188.5,-67.6026
2188.6,-67.5994
2188.7,-67.5962
2188.8,-67.5930
2188.9,-67.5898
2189.0,-67.5867
2189.1,-67.5835
2189.2,-67.5803
2189.3,-67.5771
2189.4,-67.5739
2189.5,-67.5707
2189.6,-67.5675
2189.7,-67.5643
2189.8,-67.5611
2189.9,-67.5579
2190.0,-67.5548
2190.1,-67.5516
2190.2,-67.5484
2190.3,-67.5452
2190.4,-67.5420
2190.5,-67.5388
2190.6,-67.5357
2190.7,-67.5325
2190.8,-67.5293
2190.9,-67.5261
2191.0,-67.5230
2191.1,-67.5198
2191.2,-67.5166
2191.3,-67.5134
2191.4,-67.5103
2191.5,-67.5071
2191.6,-67.5039
2191.7,-67.5008
2191.8,-67.4976
2191.9,-67.4944
2192.0,-67.4913
2192.1,-67.4881
2192.2,-67.4849
2192.3,-67.4818
2192.4,-67.4786
2192.5,-67.4755
2192.6,-67.4723
2192.7,-67.4691
2192.8,-67.4660
2192.9,-67.4628
2193.0,-67.4597
2193.1,-67.4565
2193.2,-67.4534
2193.3,-67.4502
2193.4,-67.4471
2193.5,-67.4439
2193.6,-67.4408
2193.7,-67.4376
2193.8,-67.4345
2193.9,-67.4313
2194.0,-67.4282
2194.1,-67.4251
2194.2,-67.4219
2194.3,-67.4188
2194.4,-67.4156
2194.5,-67.4125
2194.6,-67.4094
2194.7,-67.4062
2194.8,-67.4031
2194.9,-67.4000
2195.0,-67.3968
2195.1,-67.3937
2195.2,-67.3906
2195.3,-67.3874
2195.4,-67.3843
2195.5,-67.3812
2195.6,-67.3780
2195.7,-67.3749
2195.8,-67.3718
2195.9,-67.3687
2196.0,-67.3656
2196.1,-67.3624
2196.2,-67.3593
2196.3,-67.3562
2196.4,-67.3531
2196.5,-67.3500
2196.6,-67.3468
2196.7,-67.3437
2196.8,-67.3406
2196.9,-67.3375
2197.0,-67.3344
2197.1,-67.3313
2197.2,-67.3282
2197.3,-67.3251
2197.4,-67.3219
2197.5,-67.3188
2197.6,-67.3157
2197.7,-67.3126
2197.8,-67.3095
2197.9,-67.3064
2198.0,-67.3033
2198.1,-67.3002
2198.2,-67.2971
2198.3,-67.2940
2198.4,-67.2909
2198.5,-67.2878
2198.6,-67.2847
2198.7,-67.2816
2198.8,-67.2785
2198.9,-67.2755
2199.0,-67.2724
2199.1,-67.2693
2199.2,-67.2662
2199.3,-67.2631
2199.4,-67.2600
2199.5,-67.2569
2199.6,-67.2538
2199.7,-67.2508
2199.8,-67.2477
2199.9,-67.2446
2200.0,-67.2415
2200.1,-67.2384
2200.2,-67.2353
2200.3,-67.2323
2200.4,-67.2292
2200.5,-67.2261
2200.6,-67.2230
2200.7,-67.2200
2200.8,-67.2169
2200.9,-67.2138
2201.0,-67.2108
2201.1,-67.2077
2201.2,-67.2046
2201.3,-67.2015
2201.4,-67.1985
2201.5,-67.1954
2201.6,-67.1924
2201.7,-67.1893
2201.8,-67.1862
2201.9,-67.1832
2202.0,-67.1801
2202.1,-67.1770
2202.2,-67.1740
2202.3,-67.1709
2202.4,-67.1679
2202.5,-67.1648
2202.6,-67.1618
2202.7,-67.1587
2202.8,-67.1557
2202.9,-67.1526
2203.0,-67.1496
2203.1,-67.1465
2203.2,-67.1435
2203.3,-67.1404
2203.4,-67.1374
2203.5,-67.1343
2203.6,-67.1313
2203.7,-67.1282
2203.8,-67.1252
2203.9,-67.1221
2204.0,-67.1191
2204.1,-67.1161
2204.2,-67.1130
2204.3,-67.1100
2204.4,-67.1070
2204.5,-67.1039
2204.6,-67.1009
2204.7,-67.0979
2204.8,-67.0948
2204.9,-67.0918
2205.0,-67.0888
2205.1,-67.0857
2205.2,-67.0827
2205.3,-67.0797
2205.4,-67.0766
2205.5,-67.0736
2205.6,-67.0706
2205.7,-67.0676
2205.8,-67.0646
2205.9,-67.0615
2206.0,-67.0585
2206.1,-67.0555
2206.2,-67.0525
2206.3,-67.0495
2206.4,-67.0464
2206.5,-67.0434
2206.6,-67.0404
2206.7,-67.0374
2206.8,-67.0344
2206.9,-67.0314
2207.0,-67.0284
2207.1,-67.0254
2207.2,-67.0224
2207.3,-67.0193
2207.4,-67.0163
2207.5,-67.0133
2207.6,-67.0103
2207.7,-67.0073
2207.8,-67.0043
2207.9,-67.0013
2208.0,-66.9983
2208.1,-66.9953
2208.2,-66.9923
2208.3,-66.9893
2208.4,-66.9863
2208.5,-66.9833
2208.6,-66.9803
2208.7,-66.9774
2208.8,-66.9744
2208.9,-66.9714
2209.0,-66.9684
2209.1,-66.9654
2209.2,-66.9624
2209.3,-66.9594
2209.4,-66.9564
2209.5,-66.9534
2209.6,-66.9505
2209.7,-66.9475
2209.8,-66.9445
2209.9,-66.9415
2210.0,-66.9385
2210.1,-66.9356
2210.2,-66.9326
2210.3,-66.9296
2210.4,-66.9266
2210.5,-66.9237
2210.6,-66.9207
2210.7,-66.9177
2210.8,-66.9147
2210.9,-66.9118
2211.0,-66.9088
2211.1,-66.9058
2211.2,-66.9029
2211.3,-66.8999
2211.4,-66.8969
2211.5,-66.8940
2211.6,-66.8910
2211.7,-66.8880
2211.8,-66.8851
2211.9,-66.8821
2212.0,-66.8791
2212.1,-66.8762
2212.2,-66.8732
2212.3,-66.8703
2212.4,-66.8673
2212.5,-66.8644
2212.6,-66.8614
2212.7,-66.8584
2212.8,-66.8555
2212.9,-66.8525
2213.0,-66.8496
2213.1,-66.8466
2213.2,-66.8437
2213.3,-66.8408
2213.4,-66.8378
2213.5,-66.8349
2213.6,-66.8319
2213.7,-66.8290
2213.8,-66.8260
2213.9,-66.8231
2214.0,-66.8201
2214.1,-66.8172
2214.2,-66.8143
2214.3,-66.8113
2214.4,-66.8084
2214.5,-66.8055
2214.6,-66.8025
2214.7,-66.7996
2214.8,-66.7967
2214.9,-66.7937
2215.0,-66.7908
2215.1,-66.7879
2215.2,-66.7849
2215.3,-66.7820
2215.4,-66.7791
2215.5,-66.7762
2215.6,-66.7732
2215.7,-66.7703
2215.8,-66.7674
2215.9,-66.7645
2216.0,-66.7615
2216.1,-66.7586
2216.2,-66.7557
2216.3,-66.7528
2216.4,-66.7499
2216.5,-66.7470
2216.6,-66.7440
2216.7,-66.7411
2216.8,-66.7382
2216.9,-66.7353
2217.0,-66.7324
2217.1,-66.7295
2217.2,-66.7266
2217.3,-66.7237
2217.4,-66.7207
2217.5,-66.7178
2217.6,-66.7149
2217.7,-66.7120
2217.8,-66.7091
2217.9,-66.7062
2218.0,-66.7033
2218.1,-66.7004
2218.2,-66.6975
2218.3,-66.6946
2218.4,-66.6917
2218.5,-66.6888
2218.6,-66.6859
2218.7,-66.6830
2218.8,-66.6801
2218.9,-66.6773
2219.0,-66.6744
2219.1,-66.6715
2219.2,-66.6686
2219.3,-66.6657
2219.4,-66.6628
2219.5,-66.6599
2219.6,-66.6570
2219.7,-66.6541
2219.8,-66.6513
2219.9,-66.6484
2220.0,-66.6455
2220.1,-66.6426
2220.2,-66.6397
2220.3,-66.6369
2220.4,-66.6340
2220.5,-66.6311
2220.6,-66.6282
2220.7,-66.6253
2220.8,-66.6225
2220.9,-66.6196
2221.0,-66.6167
2221.1,-66.6139
2221.2,-66.6110
2221.3,-66.6081
2221.4,-66.6052
2221.5,-66.6024
2221.6,-66.5995
2221.7,-66.5966
2221.8,-66.5938
2221.9,-66.5909
2222.0,-66.5881
2222.1,-66.5852
2222.2,-66.5823
2222.3,-66.5795
2222.4,-66.5766
2222.5,-66.5737
2222.6,-66.5709
2222.7,-66.5680
2222.8,-66.5652
2222.9,-66.5623
2223.0,-66.5595
2223.1,-66.5566
2223.2,-66.5538
2223.3,-66.5509
2223.4,-66.5481
2223.5,-66.5452
2223.6,-66.5424
2223.7,-66.5395
2223.8,-66.5367
2223.9,-66.5338
2224.0,-66.5310
2224.1,-66.5281
2224.2,-66.5253
2224.3,-66.5225
2224.4,-66.5196
2224.5,-66.5168
2224.6,-66.5139
2224.7,-66.5111
2224.8,-66.5083
2224.9,-66.5054
2225.0,-66.5026
2225.1,-66.4998
2225.2,-66.4969
2225.3,-66.4941
2225.4,-66.4913
2225.5,-66.4884
2225.6,-66.4856
2225.7,-66.4828
2225.8,-66.4800
2225.9,-66.4771
2226.0,-66.4743
2226.1,-66.4715
2226.2,-66.4687
2226.3,-66.4658
2226.4,-66.4630
2226.5,-66.4602
2226.6,-66.4574
2226.7,-66.4546
2226.8,-66.4517
2226.9,-66.4489
2227.0,-66.4461
2227.1,-66.4433
2227.2,-66.4405
2227.3,-66.4377
2227.4,-66.4348
2227.5,-66.4320
2227.6,-66.4292
2227.7,-66.4264
2227.8,-66.4236
2227.9,-66.4208
2228.0,-66.4180
2228.1,-66.4152
2228.2,-66.4124
2228.3,-66.4096
2228.4,-66.4068
2228.5,-66.4040
2228.6,-66.4012
2228.7,-66.3984
2228.8,-66.3956
2228.9,-66.3928
2229.0,-66.3900
2229.1,-66.3872
2229.2,-66.3844
2229.3,-66.3816
2229.4,-66.3788
2229.5,-66.3760
2229.6,-66.3732
2229.7,-66.3704
2229.8,-66.3676
2229.9,-66.3649
2230.0,-66.3621
2230.1,-66.3593
2230.2,-66.3565
2230.3,-66.3537
2230.4,-66.3509
2230.5,-66.3481
2230.6,-66.3454
2230.7,-66.3426
2230.8,-66.3398
2230.9,-66.3370
2231.0,-66.3342
2231.1,-66.3315
2231.2,-66.3287
2231.3,-66.3259
2231.4,-66.3231
2231.5,-66.3204
2231.6,-66.3176
2231.7,-66.3148
2231.8,-66.3120
2231.9,-66.3093
2232.0,-66.3065
2232.1,-66.3037
2232.2,-66.3010
2232.3,-66.2982
2232.4,-66.2954
2232.5,-66.2927
2232.6,-66.2899
2232.7,-66.2871
2232.8,-66.2844
2232.9,-66.2816
2233.0,-66.2789
2233.1,-66.2761
2233.2,-66.2733
2233.3,-66.2706
2233.4,-66.2678
2233.5,-66.2651
2233.6,-66.2623
2233.7,-66.2596
2233.8,-66.2568
2233.9,-66.2541
2234.0,-66.2513
2234.1,-66.2486
2234.2,-66.2458
2234.3,-66.2431
2234.4,-66.2403
2234.5,-66.2376
2234.6,-66.2348
2234.7,-66.2321
2234.8,-66.2293
2234.9,-66.2266
2235.0,-66.2238
2235.1,-66.2211
2235.2,-66.2184
2235.3,-66.2156
2235.4,-66.2129
2235.5,-66.2102
2235.6,-66.2074
2235.7,-66.2047
2235.8,-66.2019
2235.9,-66.1992
2236.0,-66.1965
2236.1,-66.1938
2236.2,-66.1910
2236.3,-66.1883
2236.4,-66.1856
2236.5,-66.1828
2236.6,-66.1801
2236.7,-66.1774
2236.8,-66.1747
2236.9,-66.1719
2237.0,-66.1692
2237.1,-66.1665
2237.2,-66.1638
2237.3,-66.1610
2237.4,-66.1583
2237.5,-66.1556
2237.6,-66.1529
2237.7,-66.1502
2237.8,-66.1475
2237.9,-66.1447
2238.0,-66.1420
2238.1,-66.1393
2238.2,-66.1366
2238.3,-66.1339
2238.4,-66.1312
2238.5,-66.1285
2238.6,-66.1258
2238.7,-66.1230
2238.8,-66.1203
2238.9,-66.1176
2239.0,-66.1149
2239.1,-66.1122
2239.2,-66.1095
2239.3,-66.1068
2239.4,-66.1041
2239.5,-66.1014
2239.6,-66.0987
2239.7,-66.0960
2239.8,-66.0933
2239.9,-66.0906
2240.0,-66.0879
2240.1,-66.0852
2240.2,-66.0825
2240.3,-66.0798
2240.4,-66.0771
2240.5,-66.0745
2240.6,-66.0718
2240.7,-66.0691
2240.8,-66.0664
2240.9,-66.0637
2241.0,-66.0610
2241.1,-66.0583
2241.2,-66.0556
2241.3,-66.0529
2241.4,-66.0503
2241.5,-66.0476
2241.6,-66.0449
2241.7,-66.0422
2241.8,-66.0395
2241.9,-66.0369
2242.0,-66.0342
2242.1,-66.0315
2242.2,-66.0288
2242.3,-66.0262
2242.4,-66.0235
2242.5,-66.0208
2242.6,-66.0181
2242.7,-66.0155
2242.8,-66.0128
2242.9,-66.0101
2243.0,-66.0074
2243.1,-66.0048
2243.2,-66.0021
2243.3,-65.9994
2243.4,-65.9968
2243.5,-65.9941
2243.6,-65.9914
2243.7,-65.9888
2243.8,-65.9861
2243.9,-65.9835
2244.0,-65.9808
2244.1,-65.9781
2244.2,-65.9755
2244.3,-65.9728
2244.4,-65.9702
2244.5,-65.9675
2244.6,-65.9649
2244.7,-65.9622
2244.8,-65.9595
2244.9,-65.9569
2245.0,-65.9542
2245.1,-65.9516
2245.2,-65.9489
2245.3,-65.9463
2245.4,-65.9436
2245.5,-65.9410
2245.6,-65.9383
2245.7,-65.9357
2245.8,-65.9331
2245.9,-65.9304
2246.0,-65.9278
2246.1,-65.9251
2246.2,-65.9225
2246.3,-65.9198
2246.4,-65.9172
2246.5,-65.9146
2246.6,-65.9119
2246.7,-65.9093
2246.8,-65.9067
2246.9,-65.9040
2247.0,-65.9014
2247.1,-65.8988
2247.2,-65.8961
2247.3,-65.8935
2247.4,-65.8909
2247.5,-65.8882
2247.6,-65.8856
2247.7,-65.8830
2247.8,-65.8803
2247.9,-65.8777
2248.0,-65.8751
2248.1,-65.8725
2248.2,-65.8698
2248.3,-65.8672
2248.4,-65.8646
2248.5,-65.8620
2248.6,-65.8594
2248.7,-65.8567
2248.8,-65.8541
2248.9,-65.8515
2249.0,-65.8489
2249.1,-65.8463
2249.2,-65.8437
2249.3,-65.8410
2249.4,-65.8384
2249.5,-65.8358
2249.6,-65.8332
2249.7,-65.8306
2249.8,-65.8280
2249.9,-65.8254
2250.0,-65.8228
2250.1,-65.8202
2250.2,-65.8176
2250.3,-65.8149
2250.4,-65.8123
2250.5,-65.8097
2250.6,-65.8071
2250.7,-65.8045
2250.8,-65.8019
2250.9,-65.7993
2251.0,-65.7967
2251.1,-65.7941
2251.2,-65.7915
2251.3,-65.7889
2251.4,-65.7863
2251.5,-65.7838
2251.6,-65.7812
2251.7,-65.7786
2251.8,-65.7760
2251.9,-65.7734
2252.0,-65.7708
2252.1,-65.7682
2252.2,-65.7656
2252.3,-65.7630
2252.4,-65.7604
2252.5,-65.7578
2252.6,-65.7553
2252.7,-65.7527
2252.8,-65.7501
2252.9,-65.7475
2253.0,-65.7449
2253.1,-65.7423
2253.2,-65.7398
2253.3,-65.7372
2253.4,-65.7346
2253.5,-65.7320
2253.6,-65.7295
2253.7,-65.7269
2253.8,-65.7243
2253.9,-65.7217
2254.0,-65.7192
2254.1,-65.7166
2254.2,-65.7140
2254.3,-65.7114
2254.4,-65.7089
2254.5,-65.7063
2254.6,-65.7037
2254.7,-65.7012
2254.8,-65.6986
2254.9,-65.6960
2255.0,-65.6935
2255.1,-65.6909
2255.2,-65.6883
2255.3,-65.6858
2255.4,-65.6832
2255.5,-65.6807
2255.6,-65.6781
2255.7,-65.6755
2255.8,-65.6730
2255.9,-65.6704
2256.0,-65.6679
2256.1,-65.6653
2256.2,-65.6628
2256.3,-65.6602
2256.4,-65.6576
2256.5,-65.6551
2256.6,-65.6525
2256.7,-65.6500
2256.8,-65.6474
2256.9,-65.6449
2257.0,-65.6423
2257.1,-65.6398
2257.2,-65.6373
2257.3,-65.6347
2257.4,-65.6322
2257.5,-65.6296
2257.6,-65.6271
2257.7,-65.6245
2257.8,-65.6220
2257.9,-65.6195
2258.0,-65.6169
2258.1,-65.6144
2258.2,-65.6118
2258.3,-65.6093
2258.4,-65.6068
2258.5,-65.6042
2258.6,-65.6017
2258.7,-65.5992
2258.8,-65.5966
2258.9,-65.5941
2259.0,-65.5916
2259.1,-65.5890
2259.2,-65.5865
2259.3,-65.5840
2259.4,-65.5815
2259.5,-65.5789
2259.6,-65.5764
2259.7,-65.5739
2259.8,-65.5714
2259.9,-65.5688
2260.0,-65.5663
2260.1,-65.5638
2260.2,-65.5613
2260.3,-65.5587
2260.4,-65.5562
2260.5,-65.5537
2260.6,-65.5512
2260.7,-65.5487
2260.8,-65.5462
2260.9,-65.5436
2261.0,-65.5411
2261.1,-65.5386
2261.2,-65.5361
2261.3,-65.5336
2261.4,-65.5311
2261.5,-65.5286
2261.6,-65.5261
2261.7,-65.5236
2261.8,-65.5210
2261.9,-65.5185
2262.0,-65.5160
2262.1,-65.5135
2262.2,-65.5110
2262.3,-65.5085
2262.4,-65.5060
2262.5,-65.5035
2262.6,-65.5010
2262.7,-65.4985
2262.8,-65.4960
2262.9,-65.4935
2263.0,-65.4910
2263.1,-65.4885
2263.2,-65.4860
2263.3,-65.4835
2263.4,-65.4810
2263.5,-65.4785
2263.6,-65.4761
2263.7,-65.4736
2263.8,-65.4711
2263.9,-65.4686
2264.0,-65.4661
2264.1,-65.4636
2264.2,-65.4611
2264.3,-65.4586
2264.4,-65.4561
2264.5,-65.4537
2264.6,-65.4512
2264.7,-65.4487
2264.8,-65.4462
2264.9,-65.4437
2265.0,-65.4412
2265.1,-65.4388
2265.2,-65.4363
2265.3,-65.4338
2265.4,-65.4313
2265.5,-65.4289
2265.6,-65.4264
2265.7,-65.4239
2265.8,-65.4214
2265.9,-65.4190
2266.0,-65.4165
2266.1,-65.4140
2266.2,-65.4115
2266.3,-65.4091
2266.4,-65.4066
2266.5,-65.4041
2266.6,-65.4017
2266.7,-65.3992
2266.8,-65.3967
2266.9,-65.3943
2267.0,-65.3918
2267.1,-65.3893
2267.2,-65.3869
2267.3,-65.3844
2267.4,-65.3820
2267.5,-65.3795
2267.6,-65.3770
2267.7,-65.3746
2267.8,-65.3721
2267.9,-65.3697
2268.0,-65.3672
2268.1,-65.3647
2268.2,-65.3623
2268.3,-65.3598
2268.4,-65.3574
2268.5,-65.3549
2268.6,-65.3525
2268.7,-65.3500
2268.8,-65.3476
2268.9,-65.3451
2269.0,-65.3427
2269.1,-65.3402
2269.2,-65.3378
2269.3,-65.3353
2269.4,-65.3329
2269.5,-65.3305
2269.6,-65.3280
2269.7,-65.3256
2269.8,-65.3231
2269.9,-65.3207
2270.0,-65.3183
2270.1,-65.3158
2270.2,-65.3134
2270.3,-65.3109
2270.4,-65.3085
2270.5,-65.3061
2270.6,-65.3036
2270.7,-65.3012
2270.8,-65.2988
2270.9,-65.2963
2271.0,-65.2939
2271.1,-65.2915
2271.2,-65.2890
2271.3,-65.2866
2271.4,-65.2842
2271.5,-65.2818
2271.6,-65.2793
2271.7,-65.2769
2271.8,-65.2745
2271.9,-65.2721
2272.0,-65.2696
2272.1,-65.2672
2272.2,-65.2648
2272.3,-65.2624
2272.4,-65.2599
2272.5,-65.2575
2272.6,-65.2551
2272.7,-65.2527
2272.8,-65.2503
2272.9,-65.2479
2273.0,-65.2454
2273.1,-65.2430
2273.2,-65.2406
2273.3,-65.2382
2273.4,-65.2358
2273.5,-65.2334
2273.6,-65.2310
2273.7,-65.2285
2273.8,-65.2261
2273.9,-65.2237
2274.0,-65.2213
2274.1,-65.2189
2274.2,-65.2165
2274.3,-65.2141
2274.4,-65.2117
2274.5,-65.2093
2274.6,-65.2069
2274.7,-65.2045
2274.8,-65.2021
2274.9,-65.1997
2275.0,-65.1973
2275.1,-65.1949
2275.2,-65.1925
2275.3,-65.1901
2275.4,-65.1877
2275.5,-65.1853
2275.6,-65.1829
2275.7,-65.1805
2275.8,-65.1781
2275.9,-65.1757
2276.0,-65.1733
2276.1,-65.1710
2276.2,-65.1686
2276.3,-65.1662
2276.4,-65.1638
2276.5,-65.1614
2276.6,-65.1590
2276.7,-65.1566
2276.8,-65.1542
2276.9,-65.1519
2277.0,-65.1495
2277.1,-65.1471
2277.2,-65.1447
2277.3,-65.1423
2277.4,-65.1399
2277.5,-65.1376
2277.6,-65.1352
2277.7,-65.1328
2277.8,-65.1304
2277.9,-65.1281
2278.0,-65.1257
2278.1,-65.1233
2278.2,-65.1209
2278.3,-65.1186
2278.4,-65.1162
2278.5,-65.1138
2278.6,-65.1114
2278.7,-65.1091
2278.8,-65.1067
2278.9,-65.1043
2279.0,-65.1020
2279.1,-65.0996
2279.2,-65.0972
2279.3,-65.0949
2279.4,-65.0925
2279.5,-65.0901
2279.6,-65.0878
2279.7,-65.0854
2279.8,-65.0831
2279.9,-65.0807
2280.0,-65.0783
2280.1,-65.0760
2280.2,-65.0736
2280.3,-65.0713
2280.4,-65.0689
2280.5,-65.0665
2280.6,-65.0642
2280.7,-65.0618
2280.8,-65.0595
2280.9,-65.0571
2281.0,-65.0548
2281.1,-65.0524
2281.2,-65.0501
2281.3,-65.0477
2281.4,-65.0454
2281.5,-65.0430
2281.6,-65.0407
2281.7,-65.0383
2281.8,-65.0360
2281.9,-65.0336
2282.0,-65.0313
2282.1,-65.0290
2282.2,-65.0266
2282.3,-65.0243
2282.4,-65.0219
2282.5,-65.0196
2282.6,-65.0173
2282.7,-65.0149
2282.8,-65.0126
2282.9,-65.0102
2283.0,-65.0079
2283.1,-65.0056
2283.2,-65.0032
2283.3,-65.0009
2283.4,-64.9986
2283.5,-64.9962
2283.6,-64.9939
2283.7,-64.9916
2283.8,-64.9892
2283.9,-64.9869
2284.0,-64.9846
2284.1,-64.9823
2284.2,-64.9799
2284.3,-64.9776
2284.4,-64.9753
2284.5,-64.9730
2284.6,-64.9706
2284.7,-64.9683
2284.8,-64.9660
2284.9,-64.9637
2285.0,-64.9613
2285.1,-64.9590
2285.2,-64.9567
2285.3,-64.9544
2285.4,-64.9521
2285.5,-64.9497
2285.6,-64.9474
2285.7,-64.9451
2285.8,-64.9428
2285.9,-64.9405
2286.0,-64.9382
2286.1,-64.9359
2286.2,-64.9335
2286.3,-64.9312
2286.4,-64.9289
2286.5,-64.9266
2286.6,-64.9243
2286.7,-64.9220
2286.8,-64.9197
2286.9,-64.9174
2287.0,-64.9151
2287.1,-64.9128
2287.2,-64.9105
2287.3,-64.9082
2287.4,-64.9059
2287.5,-64.9036
2287.6,-64.9013
2287.7,-64.8990
2287.8,-64.8967
2287.9,-64.8944
2288.0,-64.8921
2288.1,-64.8898
2288.2,-64.8875
2288.3,-64.8852
2288.4,-64.8829
2288.5,-64.8806
2288.6,-64.8783
2288.7,-64.8760
2288.8,-64.8737
2288.9,-64.8714
2289.0,-64.8691
2289.1,-64.8668
2289.2,-64.8646
2289.3,-64.8623
2289.4,-64.8600
2289.5,-64.8577
2289.6,-64.8554
2289.7,-64.8531
2289.8,-64.8508
2289.9,-64.8486
2290.0,-64.8463
2290.1,-64.8440
2290.2,-64.8417
2290.3,-64.8394
2290.4,-64.8372
2290.5,-64.8349
2290.6,-64.8326
2290.7,-64.8303
2290.8,-64.8280
2290.9,-64.8258
2291.0,-64.8235
2291.1,-64.8212
2291.2,-64.8189
2291.3,-64.8167
2291.4,-64.8144
2291.5,-64.8121
2291.6,-64.8099
2291.7,-64.8076
2291.8,-64.8053
2291.9,-64.8031
2292.0,-64.8008
2292.1,-64.7985
2292.2,-64.7963
2292.3,-64.7940
2292.4,-64.7917
2292.5,-64.7895
2292.6,-64.7872
2292.7,-64.7849
2292.8,-64.7827
2292.9,-64.7804
2293.0,-64.7782
2293.1,-64.7759
2293.2,-64.7736
2293.3,-64.7714
2293.4,-64.7691
2293.5,-64.7669
2293.6,-64.7646
2293.7,-64.7624
2293.8,-64.7601
2293.9,-64.7579
2294.0,-64.7556
2294.1,-64.7533
2294.2,-64.7511
2294.3,-64.7488
2294.4,-64.7466
2294.5,-64.7443
2294.6,-64.7421
2294.7,-64.7399
2294.8,-64.7376
2294.9,-64.7354
2295.0,-64.7331
2295.1,-64.7309
2295.2,-64.7286
2295.3,-64.7264
2295.4,-64.7241
2295.5,-64.7219
2295.6,-64.7197
2295.7,-64.7174
2295.8,-64.7152
2295.9,-64.7129
2296.0,-64.7107
2296.1,-64.7085
2296.2,-64.7062
2296.3,-64.7040
2296.4,-64.7018
2296.5,-64.6995
2296.6,-64.6973
2296.7,-64.6951
2296.8,-64.6928
2296.9,-64.6906
2297.0,-64.6884
2297.1,-64.6862
2297.2,-64.6839
2297.3,-64.6817
2297.4,-64.6795
2297.5,-64.6772
2297.6,-64.6750
2297.7,-64.6728
2297.8,-64.6706
2297.9,-64.6683
2298.0,-64.6661
2298.1,-64.6639
2298.2,-64.6617
2298.3,-64.6595
2298.4,-64.6572
2298.5,-64.6550
2298.6,-64.6528
2298.7,-64.6506
2298.8,-64.6484
2298.9,-64.6462
2299.0,-64.6439
2299.1,-64.6417
2299.2,-64.6395
2299.3,-64.6373
2299.4,-64.6351
2299.5,-64.6329
2299.6,-64.6307
2299.7,-64.6285
2299.8,-64.6262
2299.9,-64.6240
2300.0,-64.6218
2300.1,-64.6196
2300.2,-64.6174
2300.3,-64.6152
2300.4,-64.6130
2300.5,-64.6108
2300.6,-64.6086
2300.7,-64.6064
2300.8,-64.6042
2300.9,-64.6020
2301.0,-64.5998
2301.1,-64.5976
2301.2,-64.5954
2301.3,-64.5932
2301.4,-64.5910
2301.5,-64.5888
2301.6,-64.5866
2301.7,-64.5844
2301.8,-64.5822
2301.9,-64.5800
2302.0,-64.5778
2302.1,-64.5756
2302.2,-64.5734
2302.3,-64.5713
2302.4,-64.5691
2302.5,-64.5669
2302.6,-64.5647
2302.7,-64.5625
2302.8,-64.5603
2302.9,-64.5581
2303.0,-64.5559
2303.1,-64.5538
2303.2,-64.5516
2303.3,-64.5494
2303.4,-64.5472
2303.5,-64.5450
2303.6,-64.5428
2303.7,-64.5407
2303.8,-64.5385
2303.9,-64.5363
2304.0,-64.5341
2304.1,-64.5319
2304.2,-64.5298
2304.3,-64.5276
2304.4,-64.5254
2304.5,-64.5232
2304.6,-64.5211
2304.7,-64.5189
2304.8,-64.5167
2304.9,-64.5146
2305.0,-64.5124
2305.1,-64.5102
2305.2,-64.5080
2305.3,-64.5059
2305.4,-64.5037
2305.5,-64.5015
2305.6,-64.4994
2305.7,-64.4972
2305.8,-64.4950
2305.9,-64.4929
2306.0,-64.4907
2306.1,-64.4885
2306.2,-64.4864
2306.3,-64.4842
2306.4,-64.4821
2306.5,-64.4799
2306.6,-64.4777
2306.7,-64.4756
2306.8,-64.4734
2306.9,-64.4713
2307.0,-64.4691
2307.1,-64.4670
2307.2,-64.4648
2307.3,-64.4626
2307.4,-64.4605
2307.5,-64.4583
2307.6,-64.4562
2307.7,-64.4540
2307.8,-64.4519
2307.9,-64.4497
2308.0,-64.4476
2308.1,-64.4454
2308.2,-64.4433
2308.3,-64.4411
2308.4,-64.4390
2308.5,-64.4368
2308.6,-64.4347
2308.7,-64.4326
2308.8,-64.4304
2308.9,-64.4283
2309.0,-64.4261
2309.1,-64.4240
2309.2,-64.4218
2309.3,-64.4197
2309.4,-64.4176
2309.5,-64.4154
2309.6,-64.4133
2309.7,-64.4111
2309.8,-64.4090
2309.9,-64.4069
2310.0,-64.4047
2310.1,-64.4026
2310.2,-64.4005
2310.3,-64.3983
2310.4,-64.3962
2310.5,-64.3941
2310.6,-64.3919
2310.7,-64.3898
2310.8,-64.3877
2310.9,-64.3856
2311.0,-64.3834
2311.1,-64.3813
2311.2,-64.3792
2311.3,-64.3770
2311.4,-64.3749
2311.5,-64.3728
2311.6,-64.3707
2311.7,-64.3685
2311.8,-64.3664
2311.9,-64.3643
2312.0,-64.3622
2312.1,-64.3601
2312.2,-64.3579
2312.3,-64.3558
2312.4,-64.3537
2312.5,-64.3516
2312.6,-64.3495
2312.7,-64.3474
2312.8,-64.3452
2312.9,-64.3431
2313.0,-64.3410
2313.1,-64.3389
2313.2,-64.3368
2313.3,-64.3347
2313.4,-64.3326
2313.5,-64.3305
2313.6,-64.3283
2313.7,-64.3262
2313.8,-64.3241
2313.9,-64.3220
2314.0,-64.3199
2314.1,-64.3178
2314.2,-64.3157
2314.3,-64.3136
2314.4,-64.3115
2314.5,-64.3094
2314.6,-64.3073
2314.7,-64.3052
2314.8,-64.3031
2314.9,-64.3010
2315.0,-64.2989
2315.1,-64.2968
2315.2,-64.2947
2315.3,-64.2926
2315.4,-64.2905
2315.5,-64.2884
2315.6,-64.2863
2315.7,-64.2842
2315.8,-64.2821
2315.9,-64.2800
2316.0,-64.2779
2316.1,-64.2758
2316.2,-64.2737
2316.3,-64.2716
2316.4,-64.2696
2316.5,-64.2675
2316.6,-64.2654
2316.7,-64.2633
2316.8,-64.2612
2316.9,-64.2591
2317.0,-64.2570
2317.1,-64.2549
2317.2,-64.2529
2317.3,-64.2508
2317.4,-64.2487
2317.5,-64.2466
2317.6,-64.2445
2317.7,-64.2424
2317.8,-64.2404
2317.9,-64.2383
2318.0,-64.2362
2318.1,-64.2341
2318.2,-64.2320
2318.3,-64.2300
2318.4,-64.2279
2318.5,-64.2258
2318.6,-64.2237
2318.7,-64.2217
2318.8,-64.2196
2318.9,-64.2175
2319.0,-64.2155
2319.1,-64.2134
2319.2,-64.2113
2319.3,-64.2092
2319.4,-64.2072
2319.5,-64.2051
2319.6,-64.2030
2319.7,-64.2010
2319.8,-64.1989
2319.9,-64.1968
2320.0,-64.1948
2320.1,-64.1927
2320.2,-64.1906
2320.3,-64.1886
2320.4,-64.1865
2320.5,-64.1845
2320.6,-64.1824
2320.7,-64.1803
2320.8,-64.1783
2320.9,-64.1762
2321.0,-64.1742
2321.1,-64.1721
2321.2,-64.1700
2321.3,-64.1680
2321.4,-64.1659
2321.5,-64.1639
2321.6,-64.1618
2321.7,-64.1598
2321.8,-64.1577
2321.9,-64.1557
2322.0,-64.1536
2322.1,-64.1516
2322.2,-64.1495
2322.3,-64.1475
2322.4,-64.1454
2322.5,-64.1434
2322.6,-64.1413
2322.7,-64.1393
2322.8,-64.1372
2322.9,-64.1352
2323.0,-64.1331
2323.1,-64.1311
2323.2,-64.1290
2323.3,-64.1270
2323.4,-64.1250
2323.5,-64.1229
2323.6,-64.1209
2323.7,-64.1188
2323.8,-64.1168
2323.9,-64.1148
2324.0,-64.1127
2324.1,-64.1107
2324.2,-64.1086
2324.3,-64.1066
2324.4,-64.1046
2324.5,-64.1025
2324.6,-64.1005
2324.7,-64.0985
2324.8,-64.0964
2324.9,-64.0944
2325.0,-64.0924
2325.1,-64.0903
2325.2,-64.0883
2325.3,-64.0863
2325.4,-64.0843
2325.5,-64.0822
2325.6,-64.0802
2325.7,-64.0782
2325.8,-64.0762
2325.9,-64.0741
2326.0,-64.0721
2326.1,-64.0701
2326.2,-64.0681
2326.3,-64.0660
2326.4,-64.0640
2326.5,-64.0620
2326.6,-64.0600
2326.7,-64.0580
2326.8,-64.0559
2326.9,-64.0539
2327.0,-64.0519
2327.1,-64.0499
2327.2,-64.0479
2327.3,-64.0458
2327.4,-64.0438
2327.5,-64.0418
2327.6,-64.0398
2327.7,-64.0378
2327.8,-64.0358
2327.9,-64.0338
2328.0,-64.0318
2328.1,-64.0297
2328.2,-64.0277
2328.3,-64.0257
2328.4,-64.0237
2328.5,-64.0217
2328.6,-64.0197
2328.7,-64.0177
2328.8,-64.0157
2328.9,-64.0137
2329.0,-64.0117
2329.1,-64.0097
2329.2,-64.0077
2329.3,-64.0057
2329.4,-64.0037
2329.5,-64.0017
2329.6,-63.9997
2329.7,-63.9977
2329.8,-63.9957
2329.9,-63.9937
2330.0,-63.9917
2330.1,-63.9897
2330.2,-63.9877
2330.3,-63.9857
2330.4,-63.9837
2330.5,-63.9817
2330.6,-63.9797
2330.7,-63.9777
2330.8,-63.9757
2330.9,-63.9737
2331.0,-63.9717
2331.1,-63.9698
2331.2,-63.9678
2331.3,-63.9658
2331.4,-63.9638
2331.5,-63.9618
2331.6,-63.9598
2331.7,-63.9578
2331.8,-63.9558
2331.9,-63.9539
2332.0,-63.9519
2332.1,-63.9499
2332.2,-63.9479
2332.3,-63.9459
2332.4,-63.9439
2332.5,-63.9420
2332.6,-63.9400
2332.7,-63.9380
2332.8,-63.9360
2332.9,-63.9340
2333.0,-63.9321
2333.1,-63.9301
2333.2,-63.9281
2333.3,-63.9261
2333.4,-63.9242
2333.5,-63.9222
2333.6,-63.9202
2333.7,-63.9182
2333.8,-63.9163
2333.9,-63.9143
2334.0,-63.9123
2334.1,-63.9104
2334.2,-63.9084
2334.3,-63.9064
2334.4,-63.9044
2334.5,-63.9025
2334.6,-63.9005
2334.7,-63.8985
2334.8,-63.8966
2334.9,-63.8946
2335.0,-63.8926
2335.1,-63.8907
2335.2,-63.8887
2335.3,-63.8868
2335.4,-63.8848
2335.5,-63.8828
2335.6,-63.8809
2335.7,-63.8789
2335.8,-63.8770
2335.9,-63.8750
2336.0,-63.8730
2336.1,-63.8711
2336.2,-63.8691
2336.3,-63.8672
2336.4,-63.8652
2336.5,-63.8633
2336.6,-63.8613
2336.7,-63.8593
2336.8,-63.8574
2336.9,-63.8554
2337.0,-63.8535
2337.1,-63.8515
2337.2,-63.8496
2337.3,-63.8476
2337.4,-63.8457
2337.5,-63.8437
2337.6,-63.8418
2337.7,-63.8398
2337.8,-63.8379
2337.9,-63.8360
2338.0,-63.8340
2338.1,-63.8321
2338.2,-63.8301
2338.3,-63.8282
2338.4,-63.8262
2338.5,-63.8243
2338.6,-63.8224
2338.7,-63.8204
2338.8,-63.8185
2338.9,-63.8165
2339.0,-63.8146
2339.1,-63.8127
2339.2,-63.8107
2339.3,-63.8088
2339.4,-63.8069
2339.5,-63.8049
2339.6,-63.8030
2339.7,-63.8010
2339.8,-63.7991
2339.9,-63.7972
2340.0,-63.7952
2340.1,-63.7933
2340.2,-63.7914
2340.3,-63.7895
2340.4,-63.7875
2340.5,-63.7856
2340.6,-63.7837
2340.7,-63.7817
2340.8,-63.7798
2340.9,-63.7779
2341.0,-63.7760
2341.1,-63.7740
2341.2,-63.7721
2341.3,-63.7702
2341.4,-63.7683
2341.5,-63.7663
2341.6,-63.7644
2341.7,-63.7625
2341.8,-63.7606
2341.9,-63.7587
2342.0,-63.7567
2342.1,-63.7548
2342.2,-63.7529
2342.3,-63.7510
2342.4,-63.7491
2342.5,-63.7472
2342.6,-63.7452
2342.7,-63.7433
2342.8,-63.7414
2342.9,-63.7395
2343.0,-63.7376
2343.1,-63.7357
2343.2,-63.7338
2343.3,-63.7319
2343.4,-63.7299
2343.5,-63.7280
2343.6,-63.7261
2343.7,-63.7242
2343.8,-63.7223
2343.9,-63.7204
2344.0,-63.7185
2344.1,-63.7166
2344.2,-63.7147
2344.3,-63.7128
2344.4,-63.7109
2344.5,-63.7090
2344.6,-63.7071
2344.7,-63.7052
2344.8,-63.7033
2344.9,-63.7014
2345.0,-63.6995
2345.1,-63.6976
2345.2,-63.6957
2345.3,-63.6938
2345.4,-63.6919
2345.5,-63.6900
2345.6,-63.6881
2345.7,-63.6862
2345.8,-63.6843
2345.9,-63.6824
2346.0,-63.6805
2346.1,-63.6786
2346.2,-63.6767
2346.3,-63.6748
2346.4,-63.6729
2346.5,-63.6710
2346.6,-63.6691
2346.7,-63.6673
2346.8,-63.6654
2346.9,-63.6635
2347.0,-63.6616
2347.1,-63.6597
2347.2,-63.6578
2347.3,-63.6559
2347.4,-63.6540
2347.5,-63.6522
2347.6,-63.6503
2347.7,-63.6484
2347.8,-63.6465
2347.9,-63.6446
2348.0,-63.6428
2348.1,-63.6409
2348.2,-63.6390
2348.3,-63.6371
2348.4,-63.6352
2348.5,-63.6334
2348.6,-63.6315
2348.7,-63.6296
2348.8,-63.6277
2348.9,-63.6258
2349.0,-63.6240
2349.1,-63.6221
2349.2,-63.6202
2349.3,-63.6184
2349.4,-63.6165
2349.5,-63.6146
2349.6,-63.6127
2349.7,-63.6109
2349.8,-63.6090
2349.9,-63.6071
2350.0,-63.6053
2350.1,-63.6034
2350.2,-63.6015
2350.3,-63.5997
2350.4,-63.5978
2350.5,-63.5959
2350.6,-63.5941
2350.7,-63.5922
2350.8,-63.5903
2350.9,-63.5885
2351.0,-63.5866
2351.1,-63.5847
2351.2,-63.5829
2351.3,-63.5810
2351.4,-63.5792
2351.5,-63.5773
2351.6,-63.5754
2351.7,-63.5736
2351.8,-63.5717
2351.9,-63.5699
2352.0,-63.5680
2352.1,-63.5662
2352.2,-63.5643
2352.3,-63.5624
2352.4,-63.5606
2352.5,-63.5587
2352.6,-63.5569
2352.7,-63.5550
2352.8,-63.5532
2352.9,-63.5513
2353.0,-63.5495
2353.1,-63.5476
2353.2,-63.5458
2353.3,-63.5439
2353.4,-63.5421
2353.5,-63.5402
2353.6,-63.5384
2353.7,-63.5366
2353.8,-63.5347
2353.9,-63.5329
2354.0,-63.5310
2354.1,-63.5292
2354.2,-63.5273
2354.3,-63.5255
2354.4,-63.5236
2354.5,-63.5218
2354.6,-63.5200
2354.7,-63.5181
2354.8,-63.5163
2354.9,-63.5144
2355.0,-63.5126
2355.1,-63.5108
2355.2,-63.5089
2355.3,-63.5071
2355.4,-63.5053
2355.5,-63.5034
2355.6,-63.5016
2355.7,-63.4998
2355.8,-63.4979
2355.9,-63.4961
2356.0,-63.4943
2356.1,-63.4924
2356.2,-63.4906
2356.3,-63.4888
2356.4,-63.4869
2356.5,-63.4851
2356.6,-63.4833
2356.7,-63.4815
2356.8,-63.4796
2356.9,-63.4778
2357.0,-63.4760
2357.1,-63.4742
2357.2,-63.4723
2357.3,-63.4705
2357.4,-63.4687
2357.5,-63.4669
2357.6,-63.4650
2357.7,-63.4632
2357.8,-63.4614
2357.9,-63.4596
2358.0,-63.4578
2358.1,-63.4559
2358.2,-63.4541
2358.3,-63.4523
2358.4,-63.4505
2358.5,-63.4487
2358.6,-63.4469
2358.7,-63.4450
2358.8,-63.4432
2358.9,-63.4414
2359.0,-63.4396
2359.1,-63.4378
2359.2,-63.4360
2359.3,-63.4342
2359.4,-63.4323
2359.5,-63.4305
2359.6,-63.4287
2359.7,-63.4269
2359.8,-63.4251
2359.9,-63.4233
2360.0,-63.4215
2360.1,-63.4197
2360.2,-63.4179
2360.3,-63.4161
2360.4,-63.4143
2360.5,-63.4125
2360.6,-63.4107
2360.7,-63.4089
2360.8,-63.4071
2360.9,-63.4053
2361.0,-63.4035
2361.1,-63.4017
2361.2,-63.3999
2361.3,-63.3981
2361.4,-63.3963
2361.5,-63.3945
2361.6,-63.3927
2361.7,-63.3909
2361.8,-63.3891
2361.9,-63.3873
2362.0,-63.3855
2362.1,-63.3837
2362.2,-63.3819
2362.3,-63.3801
2362.4,-63.3783
2362.5,-63.3765
2362.6,-63.3747
2362.7,-63.3729
2362.8,-63.3711
2362.9,-63.3693
2363.0,-63.3676
2363.1,-63.3658
2363.2,-63.3640
2363.3,-63.3622
2363.4,-63.3604
2363.5,-63.3586
2363.6,-63.3568
2363.7,-63.3550
2363.8,-63.3533
2363.9,-63.3515
2364.0,-63.3497
2364.1,-63.3479
2364.2,-63.3461
2364.3,-63.3443
2364.4,-63.3426
2364.5,-63.3408
2364.6,-63.3390
2364.7,-63.3372
2364.8,-63.3354
2364.9,-63.3337
2365.0,-63.3319
2365.1,-63.3301
2365.2,-63.3283
2365.3,-63.3266
2365.4,-63.3248
2365.5,-63.3230
2365.6,-63.3212
2365.7,-63.3195
2365.8,-63.3177
2365.9,-63.3159
2366.0,-63.3141
2366.1,-63.3124
2366.2,-63.3106
2366.3,-63.3088
2366.4,-63.3071
2366.5,-63.3053
2366.6,-63.3035
2366.7,-63.3018
2366.8,-63.3000
2366.9,-63.2982
2367.0,-63.2965
2367.1,-63.2947
2367.2,-63.2929
2367.3,-63.2912
2367.4,-63.2894
2367.5,-63.2876
2367.6,-63.2859
2367.7,-63.2841
2367.8,-63.2824
2367.9,-63.2806
2368.0,-63.2788
2368.1,-63.2771
2368.2,-63.2753
2368.3,-63.2736
2368.4,-63.2718
2368.5,-63.2700
2368.6,-63.2683
2368.7,-63.2665
2368.8,-63.2648
2368.9,-63.2630
2369.0,-63.2613
2369.1,-63.2595
2369.2,-63.2578
2369.3,-63.2560
2369.4,-63.2543
2369.5,-63.2525
2369.6,-63.2508
2369.7,-63.2490
2369.8,-63.2473
2369.9,-63.2455
2370.0,-63.2438
2370.1,-63.2420
2370.2,-63.2403
2370.3,-63.2385
2370.4,-63.2368
2370.5,-63.2350
2370.6,-63.2333
2370.7,-63.2315
2370.8,-63.2298
2370.9,-63.2281
2371.0,-63.2263
2371.1,-63.2246
2371.2,-63.2228
2371.3,-63.2211
2371.4,-63.2193
2371.5,-63.2176
2371.6,-63.2159
2371.7,-63.2141
2371.8,-63.2124
2371.9,-63.2107
2372.0,-63.2089
2372.1,-63.2072
2372.2,-63.2054
2372.3,-63.2037
2372.4,-63.2020
2372.5,-63.2002
2372.6,-63.1985
2372.7,-63.1968
2372.8,-63.1950
2372.9,-63.1933
2373.0,-63.1916
2373.1,-63.1899
2373.2,-63.1881
2373.3,-63.1864
2373.4,-63.1847
2373.5,-63.1829
2373.6,-63.1812
2373.7,-63.1795
2373.8,-63.1778
2373.9,-63.1760
2374.0,-63.1743
2374.1,-63.1726
2374.2,-63.1709
2374.3,-63.1691
2374.4,-63.1674
2374.5,-63.1657
2374.6,-63.1640
2374.7,-63.1622
2374.8,-63.1605
2374.9,-63.1588
2375.0,-63.1571
2375.1,-63.1554
2375.2,-63.1536
2375.3,-63.1519
2375.4,-63.1502
2375.5,-63.1485
2375.6,-63.1468
2375.7,-63.1451
2375.8,-63.1434
2375.9,-63.1416
2376.0,-63.1399
2376.1,-63.1382
2376.2,-63.1365
2376.3,-63.1348
2376.4,-63.1331
2376.5,-63.1314
2376.6,-63.1297
2376.7,-63.1279
2376.8,-63.1262
2376.9,-63.1245
2377.0,-63.1228
2377.1,-63.1211
2377.2,-63.1194
2377.3,-63.1177
2377.4,-63.1160
2377.5,-63.1143
2377.6,-63.1126
2377.7,-63.1109
2377.8,-63.1092
2377.9,-63.1075
2378.0,-63.1058
2378.1,-63.1041
2378.2,-63.1024
2378.3,-63.1007
2378.4,-63.0990
2378.5,-63.0973
2378.6,-63.0956
2378.7,-63.0939
2378.8,-63.0922
2378.9,-63.0905
2379.0,-63.0888
2379.1,-63.0871
2379.2,-63.0854
2379.3,-63.0837
2379.4,-63.0820
2379.5,-63.0803
2379.6,-63.0786
2379.7,-63.0769
2379.8,-63.0752
2379.9,-63.0735
2380.0,-63.0718
2380.1,-63.0702
2380.2,-63.0685
2380.3,-63.0668
2380.4,-63.0651
2380.5,-63.0634
2380.6,-63.0617
2380.7,-63.0600
2380.8,-63.0583
2380.9,-63.0567
2381.0,-63.0550
2381.1,-63.0533
2381.2,-63.0516
2381.3,-63.0499
2381.4,-63.0482
2381.5,-63.0466
2381.6,-63.0449
2381.7,-63.0432
2381.8,-63.0415
2381.9,-63.0398
2382.0,-63.0381
2382.1,-63.0365
2382.2,-63.0348
2382.3,-63.0331
2382.4,-63.0314
2382.5,-63.0298
2382.6,-63.0281
2382.7,-63.0264
2382.8,-63.0247
2382.9,-63.0231
2383.0,-63.0214
2383.1,-63.0197
2383.2,-63.0180
2383.3,-63.0164
2383.4,-63.0147
2383.5,-63.0130
2383.6,-63.0113
2383.7,-63.0097
2383.8,-63.0080
2383.9,-63.0063
2384.0,-63.0047
2384.1,-63.0030
2384.2,-63.0013
2384.3,-62.9997
2384.4,-62.9980
2384.5,-62.9963
2384.6,-62.9947
2384.7,-62.9930
2384.8,-62.9913
2384.9,-62.9897
2385.0,-62.9880
2385.1,-62.9864
2385.2,-62.9847
2385.3,-62.9830
2385.4,-62.9814
2385.5,-62.9797
2385.6,-62.9781
2385.7,-62.9764
2385.8,-62.9747
2385.9,-62.9731
2386.0,-62.9714
2386.1,-62.9698
2386.2,-62.9681
2386.3,-62.9664
2386.4,-62.9648
2386.5,-62.9631
2386.6,-62.9615
2386.7,-62.9598
2386.8,-62.9582
2386.9,-62.9565
2387.0,-62.9549
2387.1,-62.9532
2387.2,-62.9516
2387.3,-62.9499
2387.4,-62.9483
2387.5,-62.9466
2387.6,-62.9450
2387.7,-62.9433
2387.8,-62.9417
2387.9,-62.9400
2388.0,-62.9384
2388.1,-62.9367
2388.2,-62.9351
2388.3,-62.9334
2388.4,-62.9318
2388.5,-62.9302
2388.6,-62.9285
2388.7,-62.9269
2388.8,-62.9252
2388.9,-62.9236
2389.0,-62.9220
2389.1,-62.9203
2389.2,-62.9187
2389.3,-62.9170
2389.4,-62.9154
2389.5,-62.9138
2389.6,-62.9121
2389.7,-62.9105
2389.8,-62.9088
2389.9,-62.9072
2390.0,-62.9056
2390.1,-62.9039
2390.2,-62.9023
2390.3,-62.9007
2390.4,-62.8990
2390.5,-62.8974
2390.6,-62.8958
2390.7,-62.8941
2390.8,-62.8925
2390.9,-62.8909
2391.0,-62.8892
2391.1,-62.8876
2391.2,-62.8860
2391.3,-62.8844
2391.4,-62.8827
2391.5,-62.8811
2391.6,-62.8795
2391.7,-62.8779
2391.8,-62.8762
2391.9,-62.8746
2392.0,-62.8730
2392.1,-62.8714
2392.2,-62.8697
2392.3,-62.8681
2392.4,-62.8665
2392.5,-62.8649
2392.6,-62.8632
2392.7,-62.8616
2392.8,-62.8600
2392.9,-62.8584
2393.0,-62.8568
2393.1,-62.8551
2393.2,-62.8535
2393.3,-62.8519
2393.4,-62.8503
2393.5,-62.8487
2393.6,-62.8471
2393.7,-62.8454
2393.8,-62.8438
2393.9,-62.8422
2394.0,-62.8406
2394.1,-62.8390
2394.2,-62.8374
2394.3,-62.8358
2394.4,-62.8341
2394.5,-62.8325
2394.6,-62.8309
2394.7,-62.8293
2394.8,-62.8277
2394.9,-62.8261
2395.0,-62.8245
2395.1,-62.8229
2395.2,-62.8213
2395.3,-62.8197
2395.4,-62.8181
2395.5,-62.8165
2395.6,-62.8149
2395.7,-62.8132
2395.8,-62.8116
2395.9,-62.8100
2396.0,-62.8084
2396.1,-62.8068
2396.2,-62.8052
2396.3,-62.8036
2396.4,-62.8020
2396.5,-62.8004
2396.6,-62.7988
2396.7,-62.7972
2396.8,-62.7956
2396.9,-62.7940
2397.0,-62.7924
2397.1,-62.7908
2397.2,-62.7892
2397.3,-62.7876
2397.4,-62.7860
2397.5,-62.7845
2397.6,-62.7829
2397.7,-62.7813
2397.8,-62.7797
2397.9,-62.7781
2398.0,-62.7765
2398.1,-62.7749
2398.2,-62.7733
2398.3,-62.7717
2398.4,-62.7701
2398.5,-62.7685
2398.6,-62.7669
2398.7,-62.7654
2398.8,-62.7638
2398.9,-62.7622
2399.0,-62.7606
2399.1,-62.7590
2399.2,-62.7574
2399.3,-62.7558
2399.4,-62.7542
2399.5,-62.7527
2399.6,-62.7511
2399.7,-62.7495
2399.8,-62.7479
2399.9,-62.7463
2400.0,-62.7447
2400.1,-62.7432
2400.2,-62.7416
2400.3,-62.7400
2400.4,-62.7384
2400.5,-62.7368
2400.6,-62.7353
2400.7,-62.7337
2400.8,-62.7321
2400.9,-62.7305
2401.0,-62.7290
2401.1,-62.7274
2401.2,-62.7258
2401.3,-62.7242
2401.4,-62.7227
2401.5,-62.7211
2401.6,-62.7195
2401.7,-62.7179
2401.8,-62.7164
2401.9,-62.7148
2402.0,-62.7132
2402.1,-62.7117
2402.2,-62.7101
2402.3,-62.7085
2402.4,-62.7069
2402.5,-62.7054
2402.6,-62.7038
2402.7,-62.7022
2402.8,-62.7007
2402.9,-62.6991
2403.0,-62.6975
2403.1,-62.6960
2403.2,-62.6944
2403.3,-62.6928
2403.4,-62.6913
2403.5,-62.6897
2403.6,-62.6882
2403.7,-62.6866
2403.8,-62.6850
2403.9,-62.6835
2404.0,-62.6819
2404.1,-62.6803
2404.2,-62.6788
2404.3,-62.6772
2404.4,-62.6757
2404.5,-62.6741
2404.6,-62.6726
2404.7,-62.6710
2404.8,-62.6694
2404.9,-62.6679
2405.0,-62.6663
2405.1,-62.6648
2405.2,-62.6632
2405.3,-62.6617
2405.4,-62.6601
2405.5,-62.6586
2405.6,-62.6570
2405.7,-62.6554
2405.8,-62.6539
2405.9,-62.6523
2406.0,-62.6508
2406.1,-62.6492
2406.2,-62.6477
2406.3,-62.6461
2406.4,-62.6446
2406.5,-62.6431
2406.6,-62.6415
2406.7,-62.6400
2406.8,-62.6384
2406.9,-62.6369
2407.0,-62.6353
2407.1,-62.6338
2407.2,-62.6322
2407.3,-62.6307
2407.4,-62.6291
2407.5,-62.6276
2407.6,-62.6261
2407.7,-62.6245
2407.8,-62.6230
2407.9,-62.6214
2408.0,-62.6199
2408.1,-62.6184
2408.2,-62.6168
2408.3,-62.6153
2408.4,-62.6137
2408.5,-62.6122
2408.6,-62.6107
2408.7,-62.6091
2408.8,-62.6076
2408.9,-62.6061
2409.0,-62.6045
2409.1,-62.6030
2409.2,-62.6015
2409.3,-62.5999
2409.4,-62.5984
2409.5,-62.5969
2409.6,-62.5953
2409.7,-62.5938
2409.8,-62.5923
2409.9,-62.5907
2410.0,-62.5892
2410.1,-62.5877
2410.2,-62.5861
2410.3,-62.5846
2410.4,-62.5831
2410.5,-62.5816
2410.6,-62.5800
2410.7,-62.5785
2410.8,-62.5770
2410.9,-62.5755
2411.0,-62.5739
2411.1,-62.5724
2411.2,-62.5709
2411.3,-62.5694
2411.4,-62.5678
2411.5,-62.5663
2411.6,-62.5648
2411.7,-62.5633
2411.8,-62.5617
2411.9,-62.5602
2412.0,-62.5587
2412.1,-62.5572
2412.2,-62.5557
2412.3,-62.5541
2412.4,-62.5526
2412.5,-62.5511
2412.6,-62.5496
2412.7,-62.5481
2412.8,-62.5466
2412.9,-62.5450
2413.0,-62.5435
2413.1,-62.5420
2413.2,-62.5405
2413.3,-62.5390
2413.4,-62.5375
2413.5,-62.5360
2413.6,-62.5345
2413.7,-62.5329
2413.8,-62.5314
2413.9,-62.5299
2414.0,-62.5284
2414.1,-62.5269
2414.2,-62.5254
2414.3,-62.5239
2414.4,-62.5224
2414.5,-62.5209
2414.6,-62.5194
2414.7,-62.5179
2414.8,-62.5164
2414.9,-62.5148
2415.0,-62.5133
2415.1,-62.5118
2415.2,-62.5103
2415.3,-62.5088
2415.4,-62.5073
2415.5,-62.5058
2415.6,-62.5043
2415.7,-62.5028
2415.8,-62.5013
2415.9,-62.4998
2416.0,-62.4983
2416.1,-62.4968
2416.2,-62.4953
2416.3,-62.4938
2416.4,-62.4923
2416.5,-62.4908
2416.6,-62.4893
2416.7,-62.4878
2416.8,-62.4863
2416.9,-62.4849
2417.0,-62.4834
2417.1,-62.4819
2417.2,-62.4804
2417.3,-62.4789
2417.4,-62.4774
2417.5,-62.4759
2417.6,-62.4744
2417.7,-62.4729
2417.8,-62.4714
2417.9,-62.4699
2418.0,-62.4684
2418.1,-62.4669
2418.2,-62.4655
2418.3,-62.4640
2418.4,-62.4625
2418.5,-62.4610
2418.6,-62.4595
2418.7,-62.4580
2418.8,-62.4565
2418.9,-62.4551
2419.0,-62.4536
2419.1,-62.4521
2419.2,-62.4506
2419.3,-62.4491
2419.4,-62.4476
2419.5,-62.4461
2419.6,-62.4447
2419.7,-62.4432
2419.8,-62.4417
2419.9,-62.4402
2420.0,-62.4387
2420.1,-62.4373
2420.2,-62.4358
2420.3,-62.4343
2420.4,-62.4328
2420.5,-62.4314
2420.6,-62.4299
2420.7,-62.4284
2420.8,-62.4269
2420.9,-62.4254
2421.0,-62.4240
2421.1,-62.4225
2421.2,-62.4210
2421.3,-62.4196
2421.4,-62.4181
2421.5,-62.4166
2421.6,-62.4151
2421.7,-62.4137
2421.8,-62.4122
2421.9,-62.4107
2422.0,-62.4093
2422.1,-62.4078
2422.2,-62.4063
2422.3,-62.4048
2422.4,-62.4034
2422.5,-62.4019
2422.6,-62.4004
2422.7,-62.3990
2422.8,-62.3975
2422.9,-62.3960
2423.0,-62.3946
2423.1,-62.3931
2423.2,-62.3917
2423.3,-62.3902
2423.4,-62.3887
2423.5,-62.3873
2423.6,-62.3858
2423.7,-62.3843
2423.8,-62.3829
2423.9,-62.3814
2424.0,-62.3800
2424.1,-62.3785
2424.2,-62.3770
2424.3,-62.3756
2424.4,-62.3741
2424.5,-62.3727
2424.6,-62.3712
2424.7,-62.3697
2424.8,-62.3683
2424.9,-62.3668
2425.0,-62.3654
2425.1,-62.3639
2425.2,-62.3625
2425.3,-62.3610
2425.4,-62.3596
2425.5,-62.3581
2425.6,-62.3567
2425.7,-62.3552
2425.8,-62.3538
2425.9,-62.3523
2426.0,-62.3509
2426.1,-62.3494
2426.2,-62.3480
2426.3,-62.3465
2426.4,-62.3451
2426.5,-62.3436
2426.6,-62.3422
2426.7,-62.3407
2426.8,-62.3393
2426.9,-62.3378
2427.0,-62.3364
2427.1,-62.3349
2427.2,-62.3335
2427.3,-62.3320
2427.4,-62.3306
2427.5,-62.3292
2427.6,-62.3277
2427.7,-62.3263
2427.8,-62.3248
2427.9,-62.3234
2428.0,-62.3219
2428.1,-62.3205
2428.2,-62.3191
2428.3,-62.3176
2428.4,-62.3162
2428.5,-62.3147
2428.6,-62.3133
2428.7,-62.3119
2428.8,-62.3104
2428.9,-62.3090
2429.0,-62.3076
2429.1,-62.3061
2429.2,-62.3047
2429.3,-62.3033
2429.4,-62.3018
2429.5,-62.3004
2429.6,-62.2990
2429.7,-62.2975
2429.8,-62.2961
2429.9,-62.2947
2430.0,-62.2932
2430.1,-62.2918
2430.2,-62.2904
2430.3,-62.2889
2430.4,-62.2875
2430.5,-62.2861
2430.6,-62.2846
2430.7,-62.2832
2430.8,-62.2818
2430.9,-62.2804
2431.0,-62.2789
2431.1,-62.2775
2431.2,-62.2761
2431.3,-62.2747
2431.4,-62.2732
2431.5,-62.2718
2431.6,-62.2704
2431.7,-62.2690
2431.8,-62.2675
2431.9,-62.2661
2432.0,-62.2647
2432.1,-62.2633
2432.2,-62.2619
2432.3,-62.2604
2432.4,-62.2590
2432.5,-62.2576
2432.6,-62.2562
2432.7,-62.2548
2432.8,-62.2533
2432.9,-62.2519
2433.0,-62.2505
2433.1,-62.2491
2433.2,-62.2477
2433.3,-62.2463
2433.4,-62.2448
2433.5,-62.2434
2433.6,-62.2420
2433.7,-62.2406
2433.8,-62.2392
2433.9,-62.2378
2434.0,-62.2364
2434.1,-62.2350
2434.2,-62.2335
2434.3,-62.2321
2434.4,-62.2307
2434.5,-62.2293
2434.6,-62.2279
2434.7,-62.2265
2434.8,-62.2251
2434.9,-62.2237
2435.0,-62.2223
2435.1,-62.2209
2435.2,-62.2195
2435.3,-62.2180
2435.4,-62.2166
2435.5,-62.2152
2435.6,-62.2138
2435.7,-62.2124
2435.8,-62.2110
2435.9,-62.2096
2436.0,-62.2082
2436.1,-62.2068
2436.2,-62.2054
2436.3,-62.2040
2436.4,-62.2026
2436.5,-62.2012
2436.6,-62.1998
2436.7,-62.1984
2436.8,-62.1970
2436.9,-62.1956
2437.0,-62.1942
2437.1,-62.1928
2437.2,-62.1914
2437.3,-62.1900
2437.4,-62.1886
2437.5,-62.1872
2437.6,-62.1858
2437.7,-62.1844
2437.8,-62.1830
2437.9,-62.1816
2438.0,-62.1803
2438.1,-62.1789
2438.2,-62.1775
2438.3,-62.1761
2438.4,-62.1747
2438.5,-62.1733
2438.6,-62.1719
2438.7,-62.1705
2438.8,-62.1691
2438.9,-62.1677
2439.0,-62.1663
2439.1,-62.1650
2439.2,-62.1636
2439.3,-62.1622
2439.4,-62.1608
2439.5,-62.1594
2439.6,-62.1580
2439.7,-62.1566
2439.8,-62.1552
2439.9,-62.1539
2440.0,-62.1525
2440.1,-62.1511
2440.2,-62.1497
2440.3,-62.1483
2440.4,-62.1469
2440.5,-62.1456
2440.6,-62.1442
2440.7,-62.1428
2440.8,-62.1414
2440.9,-62.1400
2441.0,-62.1387
2441.1,-62.1373
2441.2,-62.1359
2441.3,-62.1345
2441.4,-62.1331
2441.5,-62.1318
2441.6,-62.1304
2441.7,-62.1290
2441.8,-62.1276
2441.9,-62.1263
2442.0,-62.1249
2442.1,-62.1235
2442.2,-62.1221
2442.3,-62.1208
2442.4,-62.1194
2442.5,-62.1180
2442.6,-62.1166
2442.7,-62.1153
2442.8,-62.1139
2442.9,-62.1125
2443.0,-62.1112
2443.1,-62.1098
2443.2,-62.1084
2443.3,-62.1071
2443.4,-62.1057
2443.5,-62.1043
2443.6,-62.1029
2443.7,-62.1016
2443.8,-62.1002
2443.9,-62.0988
2444.0,-62.0975
2444.1,-62.0961
2444.2,-62.0947
2444.3,-62.0934
2444.4,-62.0920
2444.5,-62.0907
2444.6,-62.0893
2444.7,-62.0879
2444.8,-62.0866
2444.9,-62.0852
2445.0,-62.0838
2445.1,-62.0825
2445.2,-62.0811
2445.3,-62.0798
2445.4,-62.0784
2445.5,-62.0770
2445.6,-62.0757
2445.7,-62.0743
2445.8,-62.0730
2445.9,-62.0716
2446.0,-62.0703
2446.1,-62.0689
2446.2,-62.0675
2446.3,-62.0662
2446.4,-62.0648
2446.5,-62.0635
2446.6,-62.0621
2446.7,-62.0608
2446.8,-62.0594
2446.9,-62.0581
2447.0,-62.0567
2447.1,-62.0554
2447.2,-62.0540
2447.3,-62.0527
2447.4,-62.0513
2447.5,-62.0500
2447.6,-62.0486
2447.7,-62.0473
2447.8,-62.0459
2447.9,-62.0446
2448.0,-62.0432
2448.1,-62.0419
2448.2,-62.0405
2448.3,-62.0392
2448.4,-62.0378
2448.5,-62.0365
2448.6,-62.0351
2448.7,-62.0338
2448.8,-62.0324
2448.9,-62.0311
2449.0,-62.0298
2449.1,-62.0284
2449.2,-62.0271
2449.3,-62.0257
2449.4,-62.0244
2449.5,-62.0230
2449.6,-62.0217
2449.7,-62.0204
2449.8,-62.0190
2449.9,-62.0177
2450.0,-62.0163
2450.1,-62.0150
2450.2,-62.0137
2450.3,-62.0123
2450.4,-62.0110
2450.5,-62.0097
2450.6,-62.0083
2450.7,-62.0070
2450.8,-62.0056
2450.9,-62.0043
2451.0,-62.0030
2451.1,-62.0016
2451.2,-62.0003
2451.3,-61.9990
2451.4,-61.9976
2451.5,-61.9963
2451.6,-61.9950
2451.7,-61.9936
2451.8,-61.9923
2451.9,-61.9910
2452.0,-61.9897
2452.1,-61.9883
2452.2,-61.9870
2452.3,-61.9857
2452.4,-61.9843
2452.5,-61.9830
2452.6,-61.9817
2452.7,-61.9804
2452.8,-61.9790
2452.9,-61.9777
2453.0,-61.9764
2453.1,-61.9751
2453.2,-61.9737
2453.3,-61.9724
2453.4,-61.9711
2453.5,-61.9698
2453.6,-61.9684
2453.7,-61.9671
2453.8,-61.9658
2453.9,-61.9645
2454.0,-61.9631
2454.1,-61.9618
2454.2,-61.9605
2454.3,-61.9592
2454.4,-61.9579
2454.5,-61.9565
2454.6,-61.9552
2454.7,-61.9539
2454.8,-61.9526
2454.9,-61.9513
2455.0,-61.9500
2455.1,-61.9486
2455.2,-61.9473
2455.3,-61.9460
2455.4,-61.9447
2455.5,-61.9434
2455.6,-61.9421
2455.7,-61.9408
2455.8,-61.9394
2455.9,-61.9381
2456.0,-61.9368
2456.1,-61.9355
2456.2,-61.9342
2456.3,-61.9329
2456.4,-61.9316
2456.5,-61.9303
2456.6,-61.9289
2456.7,-61.9276
2456.8,-61.9263
2456.9,-61.9250
2457.0,-61.9237
2457.1,-61.9224
2457.2,-61.9211
2457.3,-61.9198
2457.4,-61.9185
2457.5,-61.9172
2457.6,-61.9159
2457.7,-61.9146
2457.8,-61.9133
2457.9,-61.9120
2458.0,-61.9107
2458.1,-61.9094
2458.2,-61.9080
2458.3,-61.9067
2458.4,-61.9054
2458.5,-61.9041
2458.6,-61.9028
2458.7,-61.9015
2458.8,-61.9002
2458.9,-61.8989
2459.0,-61.8976
2459.1,-61.8963
2459.2,-61.8950
2459.3,-61.8937
2459.4,-61.8924
2459.5,-61.8912
2459.6,-61.8899
2459.7,-61.8886
2459.8,-61.8873
2459.9,-61.8860
2460.0,-61.8847
2460.1,-61.8834
2460.2,-61.8821
2460.3,-61.8808
2460.4,-61.8795
2460.5,-61.8782
2460.6,-61.8769
2460.7,-61.8756
2460.8,-61.8743
2460.9,-61.8730
2461.0,-61.8717
2461.1,-61.8705
2461.2,-61.8692
2461.3,-61.8679
2461.4,-61.8666
2461.5,-61.8653
2461.6,-61.8640
2461.7,-61.8627
2461.8,-61.8614
2461.9,-61.8601
2462.0,-61.8589
2462.1,-61.8576
2462.2,-61.8563
2462.3,-61.8550
2462.4,-61.8537
2462.5,-61.8524
2462.6,-61.8511
2462.7,-61.8499
2462.8,-61.8486
2462.9,-61.8473
2463.0,-61.8460
2463.1,-61.8447
2463.2,-61.8435
2463.3,-61.8422
2463.4,-61.8409
2463.5,-61.8396
2463.6,-61.8383
2463.7,-61.8371
2463.8,-61.8358
2463.9,-61.8345
2464.0,-61.8332
2464.1,-61.8319
2464.2,-61.8307
2464.3,-61.8294
2464.4,-61.8281
2464.5,-61.8268
2464.6,-61.8256
2464.7,-61.8243
2464.8,-61.8230
2464.9,-61.8217
2465.0,-61.8205
2465.1,-61.8192
2465.2,-61.8179
2465.3,-61.8166
2465.4,-61.8154
2465.5,-61.8141
2465.6,-61.8128
2465.7,-61.8116
2465.8,-61.8103
2465.9,-61.8090
2466.0,-61.8077
2466.1,-61.8065
2466.2,-61.8052
2466.3,-61.8039
2466.4,-61.8027
2466.5,-61.8014
2466.6,-61.8001
2466.7,-61.7989
2466.8,-61.7976
2466.9,-61.7963
2467.0,-61.7951
2467.1,-61.7938
2467.2,-61.7925
2467.3,-61.7913
2467.4,-61.7900
2467.5,-61.7888
2467.6,-61.7875
2467.7,-61.7862
2467.8,-61.7850
2467.9,-61.7837
2468.0,-61.7824
2468.1,-61.7812
2468.2,-61.7799
2468.3,-61.7787
2468.4,-61.7774
2468.5,-61.7762
2468.6,-61.7749
2468.7,-61.7736
2468.8,-61.7724
2468.9,-61.7711
2469.0,-61.7699
2469.1,-61.7686
2469.2,-61.7673
2469.3,-61.7661
2469.4,-61.7648
2469.5,-61.7636
2469.6,-61.7623
2469.7,-61.7611
2469.8,-61.7598
2469.9,-61.7586
2470.0,-61.7573
2470.1,-61.7561
2470.2,-61.7548
2470.3,-61.7536
2470.4,-61.7523
2470.5,-61.7511
2470.6,-61.7498
2470.7,-61.7486
2470.8,-61.7473
2470.9,-61.7461
2471.0,-61.7448
2471.1,-61.7436
2471.2,-61.7423
2471.3,-61.7411
2471.4,-61.7398
2471.5,-61.7386
2471.6,-61.7373
2471.7,-61.7361
2471.8,-61.7348
2471.9,-61.7336
2472.0,-61.7324
2472.1,-61.7311
2472.2,-61.7299
2472.3,-61.7286
2472.4,-61.7274
2472.5,-61.7261
2472.6,-61.7249
2472.7,-61.7237
2472.8,-61.7224
2472.9,-61.7212
2473.0,-61.7199
2473.1,-61.7187
2473.2,-61.7175
2473.3,-61.7162
2473.4,-61.7150
2473.5,-61.7137
2473.6,-61.7125
2473.7,-61.7113
2473.8,-61.7100
2473.9,-61.7088
2474.0,-61.7076
2474.1,-61.7063
2474.2,-61.7051
2474.3,-61.7038
2474.4,-61.7026
2474.5,-61.7014
2474.6,-61.7001
2474.7,-61.6989
2474.8,-61.6977
2474.9,-61.6964
2475.0,-61.6952
2475.1,-61.6940
2475.2,-61.6928
2475.3,-61.6915
2475.4,-61.6903
2475.5,-61.6891
2475.6,-61.6878
2475.7,-61.6866
2475.8,-61.6854
2475.9,-61.6841
2476.0,-61.6829
2476.1,-61.6817
2476.2,-61.6805
2476.3,-61.6792
2476.4,-61.6780
2476.5,-61.6768
2476.6,-61.6756
2476.7,-61.6743
2476.8,-61.6731
2476.9,-61.6719
2477.0,-61.6707
2477.1,-61.6694
2477.2,-61.6682
2477.3,-61.6670
2477.4,-61.6658
2477.5,-61.6645
2477.6,-61.6633
2477.7,-61.6621
2477.8,-61.6609
2477.9,-61.6597
2478.0,-61.6584
2478.1,-61.6572
2478.2,-61.6560
2478.3,-61.6548
2478.4,-61.6536
2478.5,-61.6524
2478.6,-61.6511
2478.7,-61.6499
2478.8,-61.6487
2478.9,-61.6475
2479.0,-61.6463
2479.1,-61.6451
2479.2,-61.6438
2479.3,-61.6426
2479.4,-61.6414
2479.5,-61.6402
2479.6,-61.6390
2479.7,-61.6378
2479.8,-61.6366
2479.9,-61.6353
2480.0,-61.6341
2480.1,-61.6329
2480.2,-61.6317
2480.3,-61.6305
2480.4,-61.6293
2480.5,-61.6281
2480.6,-61.6269
2480.7,-61.6257
2480.8,-61.6245
2480.9,-61.6233
2481.0,-61.6220
2481.1,-61.6208
2481.2,-61.6196
2481.3,-61.6184
2481.4,-61.6172
2481.5,-61.6160
2481.6,-61.6148
2481.7,-61.6136
2481.8,-61.6124
2481.9,-61.6112
2482.0,-61.6100
2482.1,-61.6088
2482.2,-61.6076
2482.3,-61.6064
2482.4,-61.6052
2482.5,-61.6040
2482.6,-61.6028
2482.7,-61.6016
2482.8,-61.6004
2482.9,-61.5992
2483.0,-61.5980
2483.1,-61.5968
2483.2,-61.5956
2483.3,-61.5944
2483.4,-61.5932
2483.5,-61.5920
2483.6,-61.5908
2483.7,-61.5896
2483.8,-61.5884
2483.9,-61.5872
2484.0,-61.5860
2484.1,-61.5848
2484.2,-61.5836
2484.3,-61.5824
2484.4,-61.5812
2484.5,-61.5800
2484.6,-61.5788
2484.7,-61.5776
2484.8,-61.5765
2484.9,-61.5753
2485.0,-61.5741
2485.1,-61.5729
2485.2,-61.5717
2485.3,-61.5705
2485.4,-61.5693
2485.5,-61.5681
2485.6,-61.5669
2485.7,-61.5657
2485.8,-61.5646
2485.9,-61.5634
2486.0,-61.5622
2486.1,-61.5610
2486.2,-61.5598
2486.3,-61.5586
2486.4,-61.5574
2486.5,-61.5562
2486.6,-61.5551
2486.7,-61.5539
2486.8,-61.5527
2486.9,-61.5515
2487.0,-61.5503
2487.1,-61.5491
2487.2,-61.5480
2487.3,-61.5468
2487.4,-61.5456
2487.5,-61.5444
2487.6,-61.5432
2487.7,-61.5420
2487.8,-61.5409
2487.9,-61.5397
2488.0,-61.5385
2488.1,-61.5373
2488.2,-61.5361
2488.3,-61.5350
2488.4,-61.5338
2488.5,-61.5326
2488.6,-61.5314
2488.7,-61.5303
2488.8,-61.5291
2488.9,-61.5279
2489.0,-61.5267
2489.1,-61.5256
2489.2,-61.5244
2489.3,-61.5232
2489.4,-61.5220
2489.5,-61.5209
2489.6,-61.5197
2489.7,-61.5185
2489.8,-61.5173
2489.9,-61.5162
2490.0,-61.5150
2490.1,-61.5138
2490.2,-61.5127
2490.3,-61.5115
2490.4,-61.5103
2490.5,-61.5091
2490.6,-61.5080
2490.7,-61.5068
2490.8,-61.5056
2490.9,-61.5045
2491.0,-61.5033
2491.1,-61.5021
2491.2,-61.5010
2491.3,-61.4998
2491.4,-61.4986
2491.5,-61.4975
2491.6,-61.4963
2491.7,-61.4951
2491.8,-61.4940
2491.9,-61.4928
2492.0,-61.4916
2492.1,-61.4905
2492.2,-61.4893
2492.3,-61.4882
2492.4,-61.4870
2492.5,-61.4858
2492.6,-61.4847
2492.7,-61.4835
2492.8,-61.4823
2492.9,-61.4812
2493.0,-61.4800
2493.1,-61.4789
2493.2,-61.4777
2493.3,-61.4765
2493.4,-61.4754
2493.5,-61.4742
2493.6,-61.4731
2493.7,-61.4719
2493.8,-61.4708
2493.9,-61.4696
2494.0,-61.4684
2494.1,-61.4673
2494.2,-61.4661
2494.3,-61.4650
2494.4,-61.4638
2494.5,-61.4627
2494.6,-61.4615
2494.7,-61.4604
2494.8,-61.4592
2494.9,-61.4581
2495.0,-61.4569
2495.1,-61.4557
2495.2,-61.4546
2495.3,-61.4534
2495.4,-61.4523
2495.5,-61.4511
2495.6,-61.4500
2495.7,-61.4488
2495.8,-61.4477
2495.9,-61.4465
2496.0,-61.4454
2496.1,-61.4442
2496.2,-61.4431
2496.3,-61.4420
2496.4,-61.4408
2496.5,-61.4397
2496.6,-61.4385
2496.7,-61.4374
2496.8,-61.4362
2496.9,-61.4351
2497.0,-61.4339
2497.1,-61.4328
2497.2,-61.4316
2497.3,-61.4305
2497.4,-61.4294
2497.5,-61.4282
2497.6,-61.4271
2497.7,-61.4259
2497.8,-61.4248
2497.9,-61.4236
2498.0,-61.4225
2498.1,-61.4214
2498.2,-61.4202
2498.3,-61.4191
2498.4,-61.4179
2498.5,-61.4168
2498.6,-61.4157
2498.7,-61.4145
2498.8,-61.4134
2498.9,-61.4122
2499.0,-61.4111
2499.1,-61.4100
2499.2,-61.4088
2499.3,-61.4077
2499.4,-61.4066
2499.5,-61.4054
2499.6,-61.4043
2499.7,-61.4032
2499.8,-61.4020
2499.9,-61.4009
2500.0,-61.3998
2500.1,-61.3986
2500.2,-61.3975
2500.3,-61.3964
2500.4,-61.3952
2500.5,-61.3941
2500.6,-61.3930
2500.7,-61.3918
2500.8,-61.3907
2500.9,-61.3896
2501.0,-61.3884
2501.1,-61.3873
2501.2,-61.3862
2501.3,-61.3851
2501.4,-61.3839
2501.5,-61.3828
2501.6,-61.3817
2501.7,-61.3806
2501.8,-61.3794
2501.9,-61.3783
2502.0,-61.3772
2502.1,-61.3760
2502.2,-61.3749
2502.3,-61.3738
2502.4,-61.3727
2502.5,-61.3715
2502.6,-61.3704
2502.7,-61.3693
2502.8,-61.3682
2502.9,-61.3671
2503.0,-61.3659
2503.1,-61.3648
2503.2,-61.3637
2503.3,-61.3626
2503.4,-61.3614
2503.5,-61.3603
2503.6,-61.3592
2503.7,-61.3581
2503.8,-61.3570
2503.9,-61.3558
2504.0,-61.3547
2504.1,-61.3536
2504.2,-61.3525
2504.3,-61.3514
2504.4,-61.3503
2504.5,-61.3491
2504.6,-61.3480
2504.7,-61.3469
2504.8,-61.3458
2504.9,-61.3447
2505.0,-61.3436
2505.1,-61.3425
2505.2,-61.3413
2505.3,-61.3402
2505.4,-61.3391
2505.5,-61.3380
2505.6,-61.3369
2505.7,-61.3358
2505.8,-61.3347
2505.9,-61.3336
2506.0,-61.3324
2506.1,-61.3313
2506.2,-61.3302
2506.3,-61.3291
2506.4,-61.3280
2506.5,-61.3269
2506.6,-61.3258
2506.7,-61.3247
2506.8,-61.3236
2506.9,-61.3225
2507.0,-61.3214
2507.1,-61.3202
2507.2,-61.3191
2507.3,-61.3180
2507.4,-61.3169
2507.5,-61.3158
2507.6,-61.3147
2507.7,-61.3136
2507.8,-61.3125
2507.9,-61.3114
2508.0,-61.3103
2508.1,-61.3092
2508.2,-61.3081
2508.3,-61.3070
2508.4,-61.3059
2508.5,-61.3048
2508.6,-61.3037
2508.7,-61.3026
2508.8,-61.3015
2508.9,-61.3004
2509.0,-61.2993
2509.1,-61.2982
2509.2,-61.2971
2509.3,-61.2960
2509.4,-61.2949
2509.5,-61.2938
2509.6,-61.2927
2509.7,-61.2916
2509.8,-61.2905
2509.9,-61.2894
2510.0,-61.2883
2510.1,-61.2872
2510.2,-61.2861
2510.3,-61.2850
2510.4,-61.2839
2510.5,-61.2828
2510.6,-61.2817
2510.7,-61.2806
2510.8,-61.2795
2510.9,-61.2785
2511.0,-61.2774
2511.1,-61.2763
2511.2,-61.2752
2511.3,-61.2741
2511.4,-61.2730
2511.5,-61.2719
2511.6,-61.2708
2511.7,-61.2697
2511.8,-61.2686
2511.9,-61.2675
2512.0,-61.2665
2512.1,-61.2654
2512.2,-61.2643
2512.3,-61.2632
2512.4,-61.2621
2512.5,-61.2610
2512.6,-61.2599
2512.7,-61.2588
2512.8,-61.2578
2512.9,-61.2567
2513.0,-61.2556
2513.1,-61.2545
2513.2,-61.2534
2513.3,-61.2523
2513.4,-61.2512
2513.5,-61.2502
2513.6,-61.2491
2513.7,-61.2480
2513.8,-61.2469
2513.9,-61.2458
2514.0,-61.2448
2514.1,-61.2437
2514.2,-61.2426
2514.3,-61.2415
2514.4,-61.2404
2514.5,-61.2393
2514.6,-61.2383
2514.7,-61.2372
2514.8,-61.2361
2514.9,-61.2350
2515.0,-61.2340
2515.1,-61.2329
2515.2,-61.2318
2515.3,-61.2307
2515.4,-61.2296
2515.5,-61.2286
2515.6,-61.2275
2515.7,-61.2264
2515.8,-61.2253
2515.9,-61.2243
2516.0,-61.2232
2516.1,-61.2221
2516.2,-61.2210
2516.3,-61.2200
2516.4,-61.2189
2516.5,-61.2178
2516.6,-61.2168
2516.7,-61.2157
2516.8,-61.2146
2516.9,-61.2135
2517.0,-61.2125
2517.1,-61.2114
2517.2,-61.2103
2517.3,-61.2093
2517.4,-61.2082
2517.5,-61.2071
2517.6,-61.2060
2517.7,-61.2050
2517.8,-61.2039
2517.9,-61.2028
2518.0,-61.2018
2518.1,-61.2007
2518.2,-61.1996
2518.3,-61.1986
2518.4,-61.1975
2518.5,-61.1964
2518.6,-61.1954
2518.7,-61.1943
2518.8,-61.1932
2518.9,-61.1922
2519.0,-61.1911
2519.1,-61.1901
2519.2,-61.1890
2519.3,-61.1879
2519.4,-61.1869
2519.5,-61.1858
2519.6,-61.1847
2519.7,-61.1837
2519.8,-61.1826
2519.9,-61.1816
2520.0,-61.1805
2520.1,-61.1794
2520.2,-61.1784
2520.3,-61.1773
2520.4,-61.1763
2520.5,-61.1752
2520.6,-61.1741
2520.7,-61.1731
2520.8,-61.1720
2520.9,-61.1710
2521.0,-61.1699
2521.1,-61.1689
2521.2,-61.1678
2521.3,-61.1667
2521.4,-61.1657
2521.5,-61.1646
2521.6,-61.1636
2521.7,-61.1625
2521.8,-61.1615
2521.9,-61.1604
2522.0,-61.1594
2522.1,-61.1583
2522.2,-61.1573
2522.3,-61.1562
2522.4,-61.1552
2522.5,-61.1541
2522.6,-61.1531
2522.7,-61.1520
2522.8,-61.1510
2522.9,-61.1499
2523.0,-61.1489
2523.1,-61.1478
2523.2,-61.1468
2523.3,-61.1457
2523.4,-61.1447
2523.5,-61.1436
2523.6,-61.1426
2523.7,-61.1415
2523.8,-61.1405
2523.9,-61.1394
2524.0,-61.1384
2524.1,-61.1373
2524.2,-61.1363
2524.3,-61.1352
2524.4,-61.1342
2524.5,-61.1331
2524.6,-61.1321
2524.7,-61.1311
2524.8,-61.1300
2524.9,-61.1290
2525.0,-61.1279
2525.1,-61.1269
2525.2,-61.1258
2525.3,-61.1248
2525.4,-61.1238
2525.5,-61.1227
2525.6,-61.1217
2525.7,-61.1206
2525.8,-61.1196
2525.9,-61.1186
2526.0,-61.1175
2526.1,-61.1165
2526.2,-61.1154
2526.3,-61.1144
2526.4,-61.1134
2526.5,-61.1123
2526.6,-61.1113
2526.7,-61.1103
2526.8,-61.1092
2526.9,-61.1082
2527.0,-61.1071
2527.1,-61.1061
2527.2,-61.1051
2527.3,-61.1040
2527.4,-61.1030
2527.5,-61.1020
2527.6,-61.1009
2527.7,-61.0999
2527.8,-61.0989
2527.9,-61.0978
2528.0,-61.0968
2528.1,-61.0958
2528.2,-61.0947
2528.3,-61.0937
2528.4,-61.0927
2528.5,-61.0917
2528.6,-61.0906
2528.7,-61.0896
2528.8,-61.0886
2528.9,-61.0875
2529.0,-61.0865
2529.1,-61.0855
2529.2,-61.0844
2529.3,-61.0834
2529.4,-61.0824
2529.5,-61.0814
2529.6,-61.0803
2529.7,-61.0793
2529.8,-61.0783
2529.9,-61.0773
2530.0,-61.0762
2530.1,-61.0752
2530.2,-61.0742
2530.3,-61.0732
2530.4,-61.0721
2530.5,-61.0711
2530.6,-61.0701
2530.7,-61.0691
2530.8,-61.0680
2530.9,-61.0670
2531.0,-61.0660
2531.1,-61.0650
2531.2,-61.0640
2531.3,-61.0629
2531.4,-61.0619
2531.5,-61.0609
2531.6,-61.0599
2531.7,-61.0588
2531.8,-61.0578
2531.9,-61.0568
2532.0,-61.0558
2532.1,-61.0548
2532.2,-61.0538
2532.3,-61.0527
2532.4,-61.0517
2532.5,-61.0507
2532.6,-61.0497
2532.7,-61.0487
2532.8,-61.0477
2532.9,-61.0466
2533.0,-61.0456
2533.1,-61.0446
2533.2,-61.0436
2533.3,-61.0426
2533.4,-61.0416
2533.5,-61.0406
2533.6,-61.0395
2533.7,-61.0385
2533.8,-61.0375
2533.9,-61.0365
2534.0,-61.0355
2534.1,-61.0345
2534.2,-61.0335
2534.3,-61.0325
2534.4,-61.0314
2534.5,-61.0304
2534.6,-61.0294
2534.7,-61.0284
2534.8,-61.0274
2534.9,-61.0264
2535.0,-61.0254
2535.1,-61.0244
2535.2,-61.0234
2535.3,-61.0224
2535.4,-61.0214
2535.5,-61.0203
2535.6,-61.0193
2535.7,-61.0183
2535.8,-61.0173
2535.9,-61.0163
2536.0,-61.0153
2536.1,-61.0143
2536.2,-61.0133
2536.3,-61.0123
2536.4,-61.0113
2536.5,-61.0103
2536.6,-61.0093
2536.7,-61.0083
2536.8,-61.0073
2536.9,-61.0063
2537.0,-61.0053
2537.1,-61.0043
2537.2,-61.0033
2537.3,-61.0023
2537.4,-61.0013
2537.5,-61.0003
2537.6,-60.9993
2537.7,-60.9983
2537.8,-60.9973
2537.9,-60.9963
2538.0,-60.9953
2538.1,-60.9943
2538.2,-60.9933
2538.3,-60.9923
2538.4,-60.9913
2538.5,-60.9903
2538.6,-60.9893
2538.7,-60.9883
2538.8,-60.9873
2538.9,-60.9863
2539.0,-60.9853
2539.1,-60.9843
2539.2,-60.9833
2539.3,-60.9823
2539.4,-60.9813
2539.5,-60.9803
2539.6,-60.9793
2539.7,-60.9784
2539.8,-60.9774
2539.9,-60.9764
2540.0,-60.9754
2540.1,-60.9744
2540.2,-60.9734
2540.3,-60.9724
2540.4,-60.9714
2540.5,-60.9704
2540.6,-60.9694
2540.7,-60.9684
2540.8,-60.9675
2540.9,-60.9665
2541.0,-60.9655
2541.1,-60.9645
2541.2,-60.9635
2541.3,-60.9625
2541.4,-60.9615
2541.5,-60.9605
2541.6,-60.9596
2541.7,-60.9586
2541.8,-60.9576
2541.9,-60.9566
2542.0,-60.9556
2542.1,-60.9546
2542.2,-60.9536
2542.3,-60.9527
2542.4,-60.9517
2542.5,-60.9507
2542.6,-60.9497
2542.7,-60.9487
2542.8,-60.9477
2542.9,-60.9468
2543.0,-60.9458
2543.1,-60.9448
2543.2,-60.9438
2543.3,-60.9428
2543.4,-60.9418
2543.5,-60.9409
2543.6,-60.9399
2543.7,-60.9389
2543.8,-60.9379
2543.9,-60.9370
2544.0,-60.9360
2544.1,-60.9350
2544.2,-60.9340
2544.3,-60.9330
2544.4,-60.9321
2544.5,-60.9311
2544.6,-60.9301
2544.7,-60.9291
2544.8,-60.9282
2544.9,-60.9272
2545.0,-60.9262
2545.1,-60.9252
2545.2,-60.9243
2545.3,-60.9233
2545.4,-60.9223
2545.5,-60.9213
2545.6,-60.9204
2545.7,-60.9194
2545.8,-60.9184
2545.9,-60.9174
2546.0,-60.9165
2546.1,-60.9155
2546.2,-60.9145
2546.3,-60.9135
2546.4,-60.9126
2546.5,-60.9116
2546.6,-60.9106
2546.7,-60.9097
2546.8,-60.9087
2546.9,-60.9077
2547.0,-60.9068
2547.1,-60.9058
2547.2,-60.9048
2547.3,-60.9039
2547.4,-60.9029
2547.5,-60.9019
2547.6,-60.9010
2547.7,-60.9000
2547.8,-60.8990
2547.9,-60.8981
2548.0,-60.8971
2548.1,-60.8961
2548.2,-60.8952
2548.3,-60.8942
2548.4,-60.8932
2548.5,-60.8923
2548.6,-60.8913
2548.7,-60.8903
2548.8,-60.8894
2548.9,-60.8884
2549.0,-60.8874
2549.1,-60.8865
2549.2,-60.8855
2549.3,-60.8846
2549.4,-60.8836
2549.5,-60.8826
2549.6,-60.8817
2549.7,-60.8807
2549.8,-60.8798
2549.9,-60.8788
2550.0,-60.8778
2550.1,-60.8769
2550.2,-60.8759
2550.3,-60.8750
2550.4,-60.8740
2550.5,-60.8730
2550.6,-60.8721
2550.7,-60.8711
2550.8,-60.8702
2550.9,-60.8692
2551.0,-60.8683
2551.1,-60.8673
2551.2,-60.8663
2551.3,-60.8654
2551.4,-60.8644
2551.5,-60.8635
2551.6,-60.8625
2551.7,-60.8616
2551.8,-60.8606
2551.9,-60.8597
2552.0,-60.8587
2552.1,-60.8578
2552.2,-60.8568
2552.3,-60.8559
2552.4,-60.8549
2552.5,-60.8540
2552.6,-60.8530
2552.7,-60.8521
2552.8,-60.8511
2552.9,-60.8502
2553.0,-60.8492
2553.1,-60.8483
2553.2,-60.8473
2553.3,-60.8464
2553.4,-60.8454
2553.5,-60.8445
2553.6,-60.8435
2553.7,-60.8426
2553.8,-60.8416
2553.9,-60.8407
2554.0,-60.8397
2554.1,-60.8388
2554.2,-60.8378
2554.3,-60.8369
2554.4,-60.8359
2554.5,-60.8350
2554.6,-60.8340
2554.7,-60.8331
2554.8,-60.8322
2554.9,-60.8312
2555.0,-60.8303
2555.1,-60.8293
2555.2,-60.8284
2555.3,-60.8274
2555.4,-60.8265
2555.5,-60.8256
2555.6,-60.8246
2555.7,-60.8237
2555.8,-60.8227
2555.9,-60.8218
2556.0,-60.8209
2556.1,-60.8199
2556.2,-60.8190
2556.3,-60.8180
2556.4,-60.8171
2556.5,-60.8162
2556.6,-60.8152
2556.7,-60.8143
2556.8,-60.8133
2556.9,-60.8124
2557.0,-60.8115
2557.1,-60.8105
2557.2,-60.8096
2557.3,-60.8087
2557.4,-60.8077
2557.5,-60.8068
2557.6,-60.8058
2557.7,-60.8049
2557.8,-60.8040
2557.9,-60.8030
2558.0,-60.8021
2558.1,-60.8012
2558.2,-60.8002
2558.3,-60.7993
2558.4,-60.7984
2558.5,-60.7974
2558.6,-60.7965
2558.7,-60.7956
2558.8,-60.7946
2558.9,-60.7937
2559.0,-60.7928
2559.1,-60.7919
2559.2,-60.7909
2559.3,-60.7900
2559.4,-60.7891
2559.5,-60.7881
2559.6,-60.7872
2559.7,-60.7863
2559.8,-60.7853
2559.9,-60.7844
2560.0,-60.7835
2560.1,-60.7826
2560.2,-60.7816
2560.3,-60.7807
2560.4,-60.7798
2560.5,-60.7789
2560.6,-60.7779
2560.7,-60.7770
2560.8,-60.7761
2560.9,-60.7752
2561.0,-60.7742
2561.1,-60.7733
2561.2,-60.7724
2561.3,-60.7715
2561.4,-60.7705
2561.5,-60.7696
2561.6,-60.7687
2561.7,-60.7678
2561.8,-60.7668
2561.9,-60.7659
2562.0,-60.7650
2562.1,-60.7641
2562.2,-60.7632
2562.3,-60.7622
2562.4,-60.7613
2562.5,-60.7604
2562.6,-60.7595
2562.7,-60.7585
2562.8,-60.7576
2562.9,-60.7567
2563.0,-60.7558
2563.1,-60.7549
2563.2,-60.7540
2563.3,-60.7530
2563.4,-60.7521
2563.5,-60.7512
2563.6,-60.7503
2563.7,-60.7494
2563.8,-60.7485
2563.9,-60.7475
2564.0,-60.7466
2564.1,-60.7457
2564.2,-60.7448
2564.3,-60.7439
2564.4,-60.7430
2564.5,-60.7420
2564.6,-60.7411
2564.7,-60.7402
2564.8,-60.7393
2564.9,-60.7384
2565.0,-60.7375
2565.1,-60.7366
2565.2,-60.7357
2565.3,-60.7347
2565.4,-60.7338
2565.5,-60.7329
2565.6,-60.7320
2565.7,-60.7311
2565.8,-60.7302
2565.9,-60.7293
2566.0,-60.7284
2566.1,-60.7275
2566.2,-60.7266
2566.3,-60.7256
2566.4,-60.7247
2566.5,-60.7238
2566.6,-60.7229
2566.7,-60.7220
2566.8,-60.7211
2566.9,-60.7202
2567.0,-60.7193
2567.1,-60.7184
2567.2,-60.7175
2567.3,-60.7166
2567.4,-60.7157
2567.5,-60.7148
2567.6,-60.7139
2567.7,-60.7130
2567.8,-60.7121
2567.9,-60.7111
2568.0,-60.7102
2568.1,-60.7093
2568.2,-60.7084
2568.3,-60.7075
2568.4,-60.7066
2568.5,-60.7057
2568.6,-60.7048
2568.7,-60.7039
2568.8,-60.7030
2568.9,-60.7021
2569.0,-60.7012
2569.1,-60.7003
2569.2,-60.6994
2569.3,-60.6985
2569.4,-60.6976
2569.5,-60.6967
2569.6,-60.6958
2569.7,-60.6949
2569.8,-60.6940
2569.9,-60.6931
2570.0,-60.6922
2570.1,-60.6913
2570.2,-60.6904
2570.3,-60.6895
2570.4,-60.6886
2570.5,-60.6878
2570.6,-60.6869
2570.7,-60.6860
2570.8,-60.6851
2570.9,-60.6842
2571.0,-60.6833
2571.1,-60.6824
2571.2,-60.6815
2571.3,-60.6806
2571.4,-60.6797
2571.5,-60.6788
2571.6,-60.6779
2571.7,-60.6770
2571.8,-60.6761
2571.9,-60.6752
2572.0,-60.6743
2572.1,-60.6735
2572.2,-60.6726
2572.3,-60.6717
2572.4,-60.6708
2572.5,-60.6699
2572.6,-60.6690
2572.7,-60.6681
2572.8,-60.6672
2572.9,-60.6663
2573.0,-60.6654
2573.1,-60.6646
2573.2,-60.6637
2573.3,-60.6628
2573.4,-60.6619
2573.5,-60.6610
2573.6,-60.6601
2573.7,-60.6592
2573.8,-60.6583
2573.9,-60.6575
2574.0,-60.6566
2574.1,-60.6557
2574.2,-60.6548
2574.3,-60.6539
2574.4,-60.6530
2574.5,-60.6522
2574.6,-60.6513
2574.7,-60.6504
2574.8,-60.6495
2574.9,-60.6486
2575.0,-60.6477
2575.1,-60.6469
2575.2,-60.6460
2575.3,-60.6451
2575.4,-60.6442
2575.5,-60.6433
2575.6,-60.6424
2575.7,-60.6416
2575.8,-60.6407
2575.9,-60.6398
2576.0,-60.6389
2576.1,-60.6380
2576.2,-60.6372
2576.3,-60.6363
2576.4,-60.6354
2576.5,-60.6345
2576.6,-60.6337
2576.7,-60.6328
2576.8,-60.6319
2576.9,-60.6310
2577.0,-60.6301
2577.1,-60.6293
2577.2,-60.6284
2577.3,-60.6275
2577.4,-60.6266
2577.5,-60.6258
2577.6,-60.6249
2577.7,-60.6240
2577.8,-60.6231
2577.9,-60.6223
2578.0,-60.6214
2578.1,-60.6205
2578.2,-60.6196
2578.3,-60.6188
2578.4,-60.6179
2578.5,-60.6170
2578.6,-60.6162
2578.7,-60.6153
2578.8,-60.6144
2578.9,-60.6135
2579.0,-60.6127
2579.1,-60.6118
2579.2,-60.6109
2579.3,-60.6101
2579.4,-60.6092
2579.5,-60.6083
2579.6,-60.6074
2579.7,-60.6066
2579.8,-60.6057
2579.9,-60.6048
2580.0,-60.6040
2580.1,-60.6031
2580.2,-60.6022
2580.3,-60.6014
2580.4,-60.6005
2580.5,-60.5996
2580.6,-60.5988
2580.7,-60.5979
2580.8,-60.5970
2580.9,-60.5962
2581.0,-60.5953
2581.1,-60.5944
2581.2,-60.5936
2581.3,-60.5927
2581.4,-60.5918
2581.5,-60.5910
2581.6,-60.5901
2581.7,-60.5893
2581.8,-60.5884
2581.9,-60.5875
2582.0,-60.5867
2582.1,-60.5858
2582.2,-60.5849
2582.3,-60.5841
2582.4,-60.5832
2582.5,-60.5824
2582.6,-60.5815
2582.7,-60.5806
2582.8,-60.5798
2582.9,-60.5789
2583.0,-60.5781
2583.1,-60.5772
2583.2,-60.5763
2583.3,-60.5755
2583.4,-60.5746
2583.5,-60.5738
2583.6,-60.5729
2583.7,-60.5721
2583.8,-60.5712
2583.9,-60.5703
2584.0,-60.5695
2584.1,-60.5686
2584.2,-60.5678
2584.3,-60.5669
2584.4,-60.5661
2584.5,-60.5652
2584.6,-60.5644
2584.7,-60.5635
2584.8,-60.5626
2584.9,-60.5618
2585.0,-60.5609
2585.1,-60.5601
2585.2,-60.5592
2585.3,-60.5584
2585.4,-60.5575
2585.5,-60.5567
2585.6,-60.5558
2585.7,-60.5550
2585.8,-60.5541
2585.9,-60.5533
2586.0,-60.5524
2586.1,-60.5516
2586.2,-60.5507
2586.3,-60.5499
2586.4,-60.5490
2586.5,-60.5482
2586.6,-60.5473
2586.7,-60.5465
2586.8,-60.5456
2586.9,-60.5448
2587.0,-60.5439
2587.1,-60.5431
2587.2,-60.5422
2587.3,-60.5414
2587.4,-60.5405
2587.5,-60.5397
2587.6,-60.5388
2587.7,-60.5380
2587.8,-60.5371
2587.9,-60.5363
2588.0,-60.5355
2588.1,-60.5346
2588.2,-60.5338
2588.3,-60.5329
2588.4,-60.5321
2588.5,-60.5312
2588.6,-60.5304
2588.7,-60.5295
2588.8,-60.5287
2588.9,-60.5279
2589.0,-60.5270
2589.1,-60.5262
2589.2,-60.5253
2589.3,-60.5245
2589.4,-60.5236
2589.5,-60.5228
2589.6,-60.5220
2589.7,-60.5211
2589.8,-60.5203
2589.9,-60.5194
2590.0,-60.5186
2590.1,-60.5178
2590.2,-60.5169
2590.3,-60.5161
2590.4,-60.5152
2590.5,-60.5144
2590.6,-60.5136
2590.7,-60.5127
2590.8,-60.5119
2590.9,-60.5111
2591.0,-60.5102
2591.1,-60.5094
2591.2,-60.5086
2591.3,-60.5077
2591.4,-60.5069
2591.5,-60.5060
2591.6,-60.5052
2591.7,-60.5044
2591.8,-60.5035
2591.9,-60.5027
2592.0,-60.5019
2592.1,-60.5010
2592.2,-60.5002
2592.3,-60.4994
2592.4,-60.4985
2592.5,-60.4977
2592.6,-60.4969
2592.7,-60.4960
2592.8,-60.4952
2592.9,-60.4944
2593.0,-60.4935
2593.1,-60.4927
2593.2,-60.4919
2593.3,-60.4911
2593.4,-60.4902
2593.5,-60.4894
2593.6,-60.4886
2593.7,-60.4877
2593.8,-60.4869
2593.9,-60.4861
2594.0,-60.4852
2594.1,-60.4844
2594.2,-60.4836
2594.3,-60.4828
2594.4,-60.4819
2594.5,-60.4811
2594.6,-60.4803
2594.7,-60.4795
2594.8,-60.4786
2594.9,-60.4778
2595.0,-60.4770
2595.1,-60.4762
2595.2,-60.4753
2595.3,-60.4745
2595.4,-60.4737
2595.5,-60.4729
2595.6,-60.4720
2595.7,-60.4712
2595.8,-60.4704
2595.9,-60.4696
2596.0,-60.4687
2596.1,-60.4679
2596.2,-60.4671
2596.3,-60.4663
2596.4,-60.4654
2596.5,-60.4646
2596.6,-60.4638
2596.7,-60.4630
2596.8,-60.4622
2596.9,-60.4613
2597.0,-60.4605
2597.1,-60.4597
2597.2,-60.4589
2597.3,-60.4581
2597.4,-60.4572
2597.5,-60.4564
2597.6,-60.4556
2597.7,-60.4548
2597.8,-60.4540
2597.9,-60.4531
2598.0,-60.4523
2598.1,-60.4515
2598.2,-60.4507
2598.3,-60.4499
2598.4,-60.4491
2598.5,-60.4482
2598.6,-60.4474
2598.7,-60.4466
2598.8,-60.4458
2598.9,-60.4450
2599.0,-60.4442
2599.1,-60.4434
2599.2,-60.4425
2599.3,-60.4417
2599.4,-60.4409
2599.5,-60.4401
2599.6,-60.4393
2599.7,-60.4385
2599.8,-60.4377
2599.9,-60.4368
2600.0,-60.4360
2600.1,-60.4352
2600.2,-60.4344
2600.3,-60.4336
2600.4,-60.4328
2600.5,-60.4320
2600.6,-60.4312
2600.7,-60.4304
2600.8,-60.4295
2600.9,-60.4287
2601.0,-60.4279
2601.1,-60.4271
2601.2,-60.4263
2601.3,-60.4255
2601.4,-60.4247
2601.5,-60.4239
2601.6,-60.4231
2601.7,-60.4223
2601.8,-60.4215
2601.9,-60.4207
2602.0,-60.4198
2602.1,-60.4190
2602.2,-60.4182
2602.3,-60.4174
2602.4,-60.4166
2602.5,-60.4158
2602.6,-60.4150
2602.7,-60.4142
2602.8,-60.4134
2602.9,-60.4126
2603.0,-60.4118
2603.1,-60.4110
2603.2,-60.4102
2603.3,-60.4094
2603.4,-60.4086
2603.5,-60.4078
2603.6,-60.4070
2603.7,-60.4062
2603.8,-60.4054
2603.9,-60.4046
2604.0,-60.4038
2604.1,-60.4030
2604.2,-60.4022
2604.3,-60.4014
2604.4,-60.4006
2604.5,-60.3998
2604.6,-60.3990
2604.7,-60.3982
2604.8,-60.3974
2604.9,-60.3966
2605.0,-60.3958
2605.1,-60.3950
2605.2,-60.3942
2605.3,-60.3934
2605.4,-60.3926
2605.5,-60.3918
2605.6,-60.3910
2605.7,-60.3902
2605.8,-60.3894
2605.9,-60.3886
2606.0,-60.3878
2606.1,-60.3870
2606.2,-60.3862
2606.3,-60.3854
2606.4,-60.3846
2606.5,-60.3838
2606.6,-60.3830
2606.7,-60.3822
2606.8,-60.3814
2606.9,-60.3806
2607.0,-60.3799
2607.1,-60.3791
2607.2,-60.3783
2607.3,-60.3775
2607.4,-60.3767
2607.5,-60.3759
2607.6,-60.3751
2607.7,-60.3743
2607.8,-60.3735
2607.9,-60.3727
2608.0,-60.3719
2608.1,-60.3711
2608.2,-60.3704
2608.3,-60.3696
2608.4,-60.3688
2608.5,-60.3680
2608.6,-60.3672
2608.7,-60.3664
2608.8,-60.3656
2608.9,-60.3648
2609.0,-60.3640
2609.1,-60.3633
2609.2,-60.3625
2609.3,-60.3617
2609.4,-60.3609
2609.5,-60.3601
2609.6,-60.3593
2609.7,-60.3585
2609.8,-60.3577
2609.9,-60.3570
2610.0,-60.3562
2610.1,-60.3554
2610.2,-60.3546
2610.3,-60.3538
2610.4,-60.3530
2610.5,-60.3522
2610.6,-60.3515
2610.7,-60.3507
2610.8,-60.3499
2610.9,-60.3491
2611.0,-60.3483
2611.1,-60.3475
2611.2,-60.3468
2611.3,-60.3460
2611.4,-60.3452
2611.5,-60.3444
2611.6,-60.3436
2611.7,-60.3429
2611.8,-60.3421
2611.9,-60.3413
2612.0,-60.3405
2612.1,-60.3397
2612.2,-60.3390
2612.3,-60.3382
2612.4,-60.3374
2612.5,-60.3366
2612.6,-60.3358
2612.7,-60.3351
2612.8,-60.3343
2612.9,-60.3335
2613.0,-60.3327
2613.1,-60.3320
2613.2,-60.3312
2613.3,-60.3304
2613.4,-60.3296
2613.5,-60.3288
2613.6,-60.3281
2613.7,-60.3273
2613.8,-60.3265
2613.9,-60.3257
2614.0,-60.3250
2614.1,-60.3242
2614.2,-60.3234
2614.3,-60.3226
2614.4,-60.3219
2614.5,-60.3211
2614.6,-60.3203
2614.7,-60.3195
2614.8,-60.3188
2614.9,-60.3180
2615.0,-60.3172
2615.1,-60.3165
2615.2,-60.3157
2615.3,-60.3149
2615.4,-60.3141
2615.5,-60.3134
2615.6,-60.3126
2615.7,-60.3118
2615.8,-60.3111
2615.9,-60.3103
2616.0,-60.3095
2616.1,-60.3087
2616.2,-60.3080
2616.3,-60.3072
2616.4,-60.3064
2616.5,-60.3057
2616.6,-60.3049
2616.7,-60.3041
2616.8,-60.3034
2616.9,-60.3026
2617.0,-60.3018
2617.1,-60.3011
2617.2,-60.3003
2617.3,-60.2995
2617.4,-60.2988
2617.5,-60.2980
2617.6,-60.2972
2617.7,-60.2965
2617.8,-60.2957
2617.9,-60.2949
2618.0,-60.2942
2618.1,-60.2934
2618.2,-60.2926
2618.3,-60.2919
2618.4,-60.2911
2618.5,-60.2904
2618.6,-60.2896
2618.7,-60.2888
2618.8,-60.2881
2618.9,-60.2873
2619.0,-60.2865
2619.1,-60.2858
2619.2,-60.2850
2619.3,-60.2843
2619.4,-60.2835
2619.5,-60.2827
2619.6,-60.2820
2619.7,-60.2812
2619.8,-60.2804
2619.9,-60.2797
2620.0,-60.2789
2620.1,-60.2782
2620.2,-60.2774
2620.3,-60.2767
2620.4,-60.2759
2620.5,-60.2751
2620.6,-60.2744
2620.7,-60.2736
2620.8,-60.2729
2620.9,-60.2721
2621.0,-60.2713
2621.1,-60.2706
2621.2,-60.2698
2621.3,-60.2691
2621.4,-60.2683
2621.5,-60.2676
2621.6,-60.2668
2621.7,-60.2661
2621.8,-60.2653
2621.9,-60.2645
2622.0,-60.2638
2622.1,-60.2630
2622.2,-60.2623
2622.3,-60.2615
2622.4,-60.2608
2622.5,-60.2600
2622.6,-60.2593
2622.7,-60.2585
2622.8,-60.2578
2622.9,-60.2570
2623.0,-60.2563
2623.1,-60.2555
2623.2,-60.2547
2623.3,-60.2540
2623.4,-60.2532
2623.5,-60.2525
2623.6,-60.2517
2623.7,-60.2510
2623.8,-60.2502
2623.9,-60.2495
2624.0,-60.2487
2624.1,-60.2480
2624.2,-60.2472
2624.3,-60.2465
2624.4,-60.2457
2624.5,-60.2450
2624.6,-60.2443
2624.7,-60.2435
2624.8,-60.2428
2624.9,-60.2420
2625.0,-60.2413
2625.1,-60.2405
2625.2,-60.2398
2625.3,-60.2390
2625.4,-60.2383
2625.5,-60.2375
2625.6,-60.2368
2625.7,-60.2360
2625.8,-60.2353
2625.9,-60.2345
2626.0,-60.2338
2626.1,-60.2331
2626.2,-60.2323
2626.3,-60.2316
2626.4,-60.2308
2626.5,-60.2301
2626.6,-60.2293
2626.7,-60.2286
2626.8,-60.2279
2626.9,-60.2271
2627.0,-60.2264
2627.1,-60.2256
2627.2,-60.2249
2627.3,-60.2241
2627.4,-60.2234
2627.5,-60.2227
2627.6,-60.2219
2627.7,-60.2212
2627.8,-60.2204
2627.9,-60.2197
2628.0,-60.2190
2628.1,-60.2182
2628.2,-60.2175
2628.3,-60.2167
2628.4,-60.2160
2628.5,-60.2153
2628.6,-60.2145
2628.7,-60.2138
2628.8,-60.2131
2628.9,-60.2123
2629.0,-60.2116
2629.1,-60.2108
2629.2,-60.2101
2629.3,-60.2094
2629.4,-60.2086
2629.5,-60.2079
2629.6,-60.2072
2629.7,-60.2064
2629.8,-60.2057
2629.9,-60.2050
2630.0,-60.2042
2630.1,-60.2035
2630.2,-60.2027
2630.3,-60.2020
2630.4,-60.2013
2630.5,-60.2005
2630.6,-60.1998
2630.7,-60.1991
2630.8,-60.1983
2630.9,-60.1976
2631.0,-60.1969
2631.1,-60.1961
2631.2,-60.1954
2631.3,-60.1947
2631.4,-60.1940
2631.5,-60.1932
2631.6,-60.1925
2631.7,-60.1918
2631.8,-60.1910
2631.9,-60.1903
2632.0,-60.1896
2632.1,-60.1888
2632.2,-60.1881
2632.3,-60.1874
2632.4,-60.1867
2632.5,-60.1859
2632.6,-60.1852
2632.7,-60.1845
2632.8,-60.1837
2632.9,-60.1830
2633.0,-60.1823
2633.1,-60.1816
2633.2,-60.1808
2633.3,-60.1801
2633.4,-60.1794
2633.5,-60.1786
2633.6,-60.1779
2633.7,-60.1772
2633.8,-60.1765
2633.9,-60.1757
2634.0,-60.1750
2634.1,-60.1743
2634.2,-60.1736
2634.3,-60.1728
2634.4,-60.1721
2634.5,-60.1714
2634.6,-60.1707
2634.7,-60.1700
2634.8,-60.1692
2634.9,-60.1685
2635.0,-60.1678
2635.1,-60.1671
2635.2,-60.1663
2635.3,-60.1656
2635.4,-60.1649
2635.5,-60.1642
2635.6,-60.1635
2635.7,-60.1627
2635.8,-60.1620
2635.9,-60.1613
2636.0,-60.1606
2636.1,-60.1598
2636.2,-60.1591
2636.3,-60.1584
2636.4,-60.1577
2636.5,-60.1570
2636.6,-60.1563
2636.7,-60.1555
2636.8,-60.1548
2636.9,-60.1541
2637.0,-60.1534
2637.1,-60.1527
2637.2,-60.1519
2637.3,-60.1512
2637.4,-60.1505
2637.5,-60.1498
2637.6,-60.1491
2637.7,-60.1484
2637.8,-60.1476
2637.9,-60.1469
2638.0,-60.1462
2638.1,-60.1455
2638.2,-60.1448
2638.3,-60.1441
2638.4,-60.1434
2638.5,-60.1426
2638.6,-60.1419
2638.7,-60.1412
2638.8,-60.1405
2638.9,-60.1398
2639.0,-60.1391
2639.1,-60.1384
2639.2,-60.1376
2639.3,-60.1369
2639.4,-60.1362
2639.5,-60.1355
2639.6,-60.1348
2639.7,-60.1341
2639.8,-60.1334
2639.9,-60.1327
2640.0,-60.1320
2640.1,-60.1312
2640.2,-60.1305
2640.3,-60.1298
2640.4,-60.1291
2640.5,-60.1284
2640.6,-60.1277
2640.7,-60.1270
2640.8,-60.1263
2640.9,-60.1256
2641.0,-60.1249
2641.1,-60.1242
2641.2,-60.1234
2641.3,-60.1227
2641.4,-60.1220
2641.5,-60.1213
2641.6,-60.1206
2641.7,-60.1199
2641.8,-60.1192
2641.9,-60.1185
2642.0,-60.1178
2642.1,-60.1171
2642.2,-60.1164
2642.3,-60.1157
2642.4,-60.1150
2642.5,-60.1143
2642.6,-60.1136
2642.7,-60.1129
2642.8,-60.1121
2642.9,-60.1114
2643.0,-60.1107
2643.1,-60.1100
2643.2,-60.1093
2643.3,-60.1086
2643.4,-60.1079
2643.5,-60.1072
2643.6,-60.1065
2643.7,-60.1058
2643.8,-60.1051
2643.9,-60.1044
2644.0,-60.1037
2644.1,-60.1030
2644.2,-60.1023
2644.3,-60.1016
2644.4,-60.1009
2644.5,-60.1002
2644.6,-60.0995
2644.7,-60.0988
2644.8,-60.0981
2644.9,-60.0974
2645.0,-60.0967
2645.1,-60.0960
2645.2,-60.0953
2645.3,-60.0946
2645.4,-60.0939
2645.5,-60.0932
2645.6,-60.0925
2645.7,-60.0918
2645.8,-60.0911
2645.9,-60.0904
2646.0,-60.0897
2646.1,-60.0890
2646.2,-60.0883
2646.3,-60.0876
2646.4,-60.0870
2646.5,-60.0863
2646.6,-60.0856
2646.7,-60.0849
2646.8,-60.0842
2646.9,-60.0835
2647.0,-60.0828
2647.1,-60.0821
2647.2,-60.0814
2647.3,-60.0807
2647.4,-60.0800
2647.5,-60.0793
2647.6,-60.0786
2647.7,-60.0779
2647.8,-60.0772
2647.9,-60.0765
2648.0,-60.0759
2648.1,-60.0752
2648.2,-60.0745
2648.3,-60.0738
2648.4,-60.0731
2648.5,-60.0724
2648.6,-60.0717
2648.7,-60.0710
2648.8,-60.0703
2648.9,-60.0696
2649.0,-60.0689
2649.1,-60.0683
2649.2,-60.0676
2649.3,-60.0669
2649.4,-60.0662
2649.5,-60.0655
2649.6,-60.0648
2649.7,-60.0641
2649.8,-60.0634
2649.9,-60.0627
2650.0,-60.0621
2650.1,-60.0614
2650.2,-60.0607
2650.3,-60.0600
2650.4,-60.0593
2650.5,-60.0586
2650.6,-60.0579
2650.7,-60.0573
2650.8,-60.0566
2650.9,-60.0559
2651.0,-60.0552
2651.1,-60.0545
2651.2,-60.0538
2651.3,-60.0531
2651.4,-60.0525
2651.5,-60.0518
2651.6,-60.0511
2651.7,-60.0504
2651.8,-60.0497
2651.9,-60.0490
2652.0,-60.0484
2652.1,-60.0477
2652.2,-60.0470
2652.3,-60.0463
2652.4,-60.0456
2652.5,-60.0449
2652.6,-60.0443
2652.7,-60.0436
2652.8,-60.0429
2652.9,-60.0422
2653.0,-60.0415
2653.1,-60.0409
2653.2,-60.0402
2653.3,-60.0395
2653.4,-60.0388
2653.5,-60.0381
2653.6,-60.0375
2653.7,-60.0368
2653.8,-60.0361
2653.9,-60.0354
2654.0,-60.0347
2654.1,-60.0341
2654.2,-60.0334
2654.3,-60.0327
2654.4,-60.0320
2654.5,-60.0314
2654.6,-60.0307
2654.7,-60.0300
2654.8,-60.0293
2654.9,-60.0287
2655.0,-60.0280
2655.1,-60.0273
2655.2,-60.0266
2655.3,-60.0259
2655.4,-60.0253
2655.5,-60.0246
2655.6,-60.0239
2655.7,-60.0232
2655.8,-60.0226
2655.9,-60.0219
2656.0,-60.0212
2656.1,-60.0206
2656.2,-60.0199
2656.3,-60.0192
2656.4,-60.0185
2656.5,-60.0179
2656.6,-60.0172
2656.7,-60.0165
2656.8,-60.0158
2656.9,-60.0152
2657.0,-60.0145
2657.1,-60.0138
2657.2,-60.0132
2657.3,-60.0125
2657.4,-60.0118
2657.5,-60.0111
2657.6,-60.0105
2657.7,-60.0098
2657.8,-60.0091
2657.9,-60.0085
2658.0,-60.0078
2658.1,-60.0071
2658.2,-60.0065
2658.3,-60.0058
2658.4,-60.0051
2658.5,-60.0045
2658.6,-60.0038
2658.7,-60.0031
2658.8,-60.0025
2658.9,-60.0018
2659.0,-60.0011
2659.1,-60.0004
2659.2,-59.9998
2659.3,-59.9991
2659.4,-59.9984
2659.5,-59.9978
2659.6,-59.9971
2659.7,-59.9965
2659.8,-59.9958
2659.9,-59.9951
2660.0,-59.9945
2660.1,-59.9938
2660.2,-59.9931
2660.3,-59.9925
2660.4,-59.9918
2660.5,-59.9911
2660.6,-59.9905
2660.7,-59.9898
2660.8,-59.9891
2660.9,-59.9885
2661.0,-59.9878
2661.1,-59.9872
2661.2,-59.9865
2661.3,-59.9858
2661.4,-59.9852
2661.5,-59.9845
2661.6,-59.9838
2661.7,-59.9832
2661.8,-59.9825
2661.9,-59.9819
2662.0,-59.9812
2662.1,-59.9805
2662.2,-59.9799
2662.3,-59.9792
2662.4,-59.9786
2662.5,-59.9779
2662.6,-59.9772
2662.7,-59.9766
2662.8,-59.9759
2662.9,-59.9753
2663.0,-59.9746
2663.1,-59.9740
2663.2,-59.9733
2663.3,-59.9726
2663.4,-59.9720
2663.5,-59.9713
2663.6,-59.9707
2663.7,-59.9700
2663.8,-59.9694
2663.9,-59.9687
2664.0,-59.9680
2664.1,-59.9674
2664.2,-59.9667
2664.3,-59.9661
2664.4,-59.9654
2664.5,-59.9648
2664.6,-59.9641
2664.7,-59.9635
2664.8,-59.9628
2664.9,-59.9621
2665.0,-59.9615
2665.1,-59.9608
2665.2,-59.9602
2665.3,-59.9595
2665.4,-59.9589
2665.5,-59.9582
2665.6,-59.9576
2665.7,-59.9569
2665.8,-59.9563
2665.9,-59.9556
2666.0,-59.9550
2666.1,-59.9543
2666.2,-59.9537
2666.3,-59.9530
2666.4,-59.9524
2666.5,-59.9517
2666.6,-59.9511
2666.7,-59.9504
2666.8,-59.9498
2666.9,-59.9491
2667.0,-59.9485
2667.1,-59.9478
2667.2,-59.9472
2667.3,-59.9465
2667.4,-59.9459
2667.5,-59.9452
2667.6,-59.9446
2667.7,-59.9439
2667.8,-59.9433
2667.9,-59.9426
2668.0,-59.9420
2668.1,-59.9413
2668.2,-59.9407
2668.3,-59.9400
2668.4,-59.9394
2668.5,-59.9387
2668.6,-59.9381
2668.7,-59.9374
2668.8,-59.9368
2668.9,-59.9362
2669.0,-59.9355
2669.1,-59.9349
2669.2,-59.9342
2669.3,-59.9336
2669.4,-59.9329
2669.5,-59.9323
2669.6,-59.9316
2669.7,-59.9310
2669.8,-59.9304
2669.9,-59.9297
2670.0,-59.9291
2670.1,-59.9284
2670.2,-59.9278
2670.3,-59.9271
2670.4,-59.9265
2670.5,-59.9259
2670.6,-59.9252
2670.7,-59.9246
2670.8,-59.9239
2670.9,-59.9233
2671.0,-59.9227
2671.1,-59.9220
2671.2,-59.9214
2671.3,-59.9207
2671.4,-59.9201
2671.5,-59.9194
2671.6,-59.9188
2671.7,-59.9182
2671.8,-59.9175
2671.9,-59.9169
2672.0,-59.9163
2672.1,-59.9156
2672.2,-59.9150
2672.3,-59.9143
2672.4,-59.9137
2672.5,-59.9131
2672.6,-59.9124
2672.7,-59.9118
2672.8,-59.9111
2672.9,-59.9105
2673.0,-59.9099
2673.1,-59.9092
2673.2,-59.9086
2673.3,-59.9080
2673.4,-59.9073
2673.5,-59.9067
2673.6,-59.9061
2673.7,-59.9054
2673.8,-59.9048
2673.9,-59.9042
2674.0,-59.9035
2674.1,-59.9029
2674.2,-59.9023
2674.3,-59.9016
2674.4,-59.9010
2674.5,-59.9004
2674.6,-59.8997
2674.7,-59.8991
2674.8,-59.8985
2674.9,-59.8978
2675.0,-59.8972
2675.1,-59.8966
2675.2,-59.8959
2675.3,-59.8953
2675.4,-59.8947
2675.5,-59.8940
2675.6,-59.8934
2675.7,-59.8928
2675.8,-59.8921
2675.9,-59.8915
2676.0,-59.8909
2676.1,-59.8902
2676.2,-59.8896
2676.3,-59.8890
2676.4,-59.8884
2676.5,-59.8877
2676.6,-59.8871
2676.7,-59.8865
2676.8,-59.8858
2676.9,-59.8852
2677.0,-59.8846
2677.1,-59.8840
2677.2,-59.8833
2677.3,-59.8827
2677.4,-59.8821
2677.5,-59.8814
2677.6,-59.8808
2677.7,-59.8802
2677.8,-59.8796
2677.9,-59.8789
2678.0,-59.8783
2678.1,-59.8777
2678.2,-59.8771
2678.3,-59.8764
2678.4,-59.8758
2678.5,-59.8752
2678.6,-59.8746
2678.7,-59.8739
2678.8,-59.8733
2678.9,-59.8727
2679.0,-59.8721
2679.1,-59.8714
2679.2,-59.8708
2679.3,-59.8702
2679.4,-59.8696
2679.5,-59.8689
2679.6,-59.8683
2679.7,-59.8677
2679.8,-59.8671
2679.9,-59.8665
2680.0,-57.8461
2680.1,-57.8398
2680.2,-57.8333
2680.3,-57.8266
2680.4,-57.8196
2680.5,-57.8123
2680.6,-57.8047
2680.7,-57.7968
2680.8,-57.7885
2680.9,-57.7800
2681.0,-57.7711
2681.1,-57.7619
2681.2,-57.7523
2681.3,-57.7423
2681.4,-57.7319
2681.5,-57.7210
2681.6,-57.7098
2681.7,-57.6981
2681.8,-57.6860
2681.9,-57.6733
2682.0,-57.6602
2682.1,-57.6465
2682.2,-57.6323
2682.3,-57.6176
2682.4,-57.6023
2682.5,-57.5863
2682.6,-57.5698
2682.7,-57.5525
2682.8,-57.5346
2682.9,-57.5160
2683.0,-57.4967
2683.1,-57.4767
2683.2,-57.4558
2683.3,-57.4341
2683.4,-57.4116
2683.5,-57.3883
2683.6,-57.3640
2683.7,-57.3388
2683.8,-57.3126
2683.9,-57.2854
2684.0,-57.2572
2684.1,-57.2279
2684.2,-57.1975
2684.3,-57.1659
2684.4,-57.1332
2684.5,-57.0992
2684.6,-57.0639
2684.7,-57.0273
2684.8,-56.9894
2684.9,-56.9500
2685.0,-56.9092
2685.1,-56.8669
2685.2,-56.8230
2685.3,-56.7775
2685.4,-56.7304
2685.5,-56.6815
2685.6,-56.6309
2685.7,-56.5785
2685.8,-56.5242
2685.9,-56.4680
2686.0,-56.4098
2686.1,-56.3496
2686.2,-56.2872
2686.3,-56.2227
2686.4,-56.1560
2686.5,-56.0870
2686.6,-56.0157
2686.7,-55.9420
2686.8,-55.8658
2686.9,-55.7870
2687.0,-55.7057
2687.1,-55.6218
2687.2,-55.5351
2687.3,-55.4457
2687.4,-55.3535
2687.5,-55.2583
2687.6,-55.1603
2687.7,-55.0592
2687.8,-54.9551
2687.9,-54.8478
2688.0,-54.7374
2688.1,-54.6238
2688.2,-54.5070
2688.3,-54.3868
2688.4,-54.2633
2688.5,-54.1364
2688.6,-54.0061
2688.7,-53.8724
2688.8,-53.7352
2688.9,-53.5945
2689.0,-53.4502
2689.1,-53.3025
2689.2,-53.1512
2689.3,-52.9963
2689.4,-52.8380
2689.5,-52.6761
2689.6,-52.5107
2689.7,-52.3417
2689.8,-52.1694
2689.9,-51.9936
2690.0,-51.8143
2690.1,-51.6318
2690.2,-51.4460
2690.3,-51.2569
2690.4,-51.0647
2690.5,-50.8694
2690.6,-50.6711
2690.7,-50.4700
2690.8,-50.2660
2690.9,-50.0593
2691.0,-49.8501
2691.1,-49.6384
2691.2,-49.4244
2691.3,-49.2082
2691.4,-48.9900
2691.5,-48.7698
2691.6,-48.5479
2691.7,-48.3245
2691.8,-48.0996
2691.9,-47.8734
2692.0,-47.6462
2692.1,-47.4180
2692.2,-47.1892
2692.3,-46.9598
2692.4,-46.7300
2692.5,-46.5000
2692.6,-46.2700
2692.7,-46.0402
2692.8,-45.8108
2692.9,-45.5820
2693.0,-45.3538
2693.1,-45.1266
2693.2,-44.9004
2693.3,-44.6755
2693.4,-44.4521
2693.5,-44.2302
2693.6,-44.0100
2693.7,-43.7918
2693.8,-43.5756
2693.9,-43.3616
2694.0,-43.1499
2694.1,-42.9407
2694.2,-42.7340
2694.3,-42.5300
2694.4,-42.3289
2694.5,-42.1306
2694.6,-41.9353
2694.7,-41.7431
2694.8,-41.5540
2694.9,-41.3682
2695.0,-41.1857
2695.1,-41.0064
2695.2,-40.8306
2695.3,-40.6583
2695.4,-40.4893
2695.5,-40.3239
2695.6,-40.1620
2695.7,-40.0037
2695.8,-39.8488
2695.9,-39.6975
2696.0,-39.5498
2696.1,-39.4055
2696.2,-39.2648
2696.3,-39.1276
2696.4,-38.9939
2696.5,-38.8636
2696.6,-38.7367
2696.7,-38.6132
2696.8,-38.4930
2696.9,-38.3762
2697.0,-38.2626
2697.1,-38.1522
2697.2,-38.0449
2697.3,-37.9408
2697.4,-37.8397
2697.5,-37.7417
2697.6,-37.6465
2697.7,-37.5543
2697.8,-37.4649
2697.9,-37.3782
2698.0,-37.2943
2698.1,-37.2130
2698.2,-37.1342
2698.3,-37.0580
2698.4,-36.9843
2698.5,-36.9130
2698.6,-36.8440
2698.7,-36.7773
2698.8,-36.7128
2698.9,-36.6504
2699.0,-36.5902
2699.1,-36.5320
2699.2,-36.4758
2699.3,-36.4215
2699.4,-36.3691
2699.5,-36.3185
2699.6,-36.2696
2699.7,-36.2225
2699.8,-36.1770
2699.9,-36.1331
2700.0,-36.0908
2700.1,-36.0500
2700.2,-36.0106
2700.3,-35.9727
2700.4,-35.9361
2700.5,-35.9008
2700.6,-35.8668
2700.7,-35.8341
2700.8,-35.8025
2700.9,-35.7721
2701.0,-35.7428
2701.1,-35.7146
2701.2,-35.6874
2701.3,-35.6612
2701.4,-35.6360
2701.5,-35.6117
2701.6,-35.5884
2701.7,-35.5659
2701.8,-35.5442
2701.9,-35.5233
2702.0,-35.5033
2702.1,-35.4840
2702.2,-35.4654
2702.3,-35.4475
2702.4,-35.4302
2702.5,-35.4137
2702.6,-35.3977
2702.7,-35.3824
2702.8,-35.3677
2702.9,-35.3535
2703.0,-35.3398
2703.1,-35.3267
2703.2,-35.3140
2703.3,-35.3019
2703.4,-35.2902
2703.5,-35.2790
2703.6,-35.2681
2703.7,-35.2577
2703.8,-35.2477
2703.9,-35.2381
2704.0,-35.2289
2704.1,-35.2200
2704.2,-35.2115
2704.3,-35.2032
2704.4,-35.1953
2704.5,-35.1877
2704.6,-35.1804
2704.7,-35.1734
2704.8,-35.1667
2704.9,-35.1602
2705.0,-35.0000
2705.1,-13.9975
2705.2,7.0025
2705.3,28.0000
2705.4,28.0000
2705.5,28.0000
2705.6,15.1429
2705.7,2.2857
2705.8,-10.5714
2705.9,-23.4286
2706.0,-36.2857
2706.1,-49.1429
2706.2,-62.0000
2706.3,-62.2500
2706.4,-62.5000
2706.5,-62.7500
2706.6,-63.0000
2706.7,-63.2500
2706.8,-63.5000
2706.9,-63.7500
2707.0,-63.4771
2707.1,-63.2846
2707.2,-63.0238
2707.3,-62.6723
2707.4,-62.2022
2707.5,-61.5803
2707.6,-60.7688
2707.7,-59.7285
2707.8,-58.4255
2707.9,-56.8394
2708.0,-54.9751
2708.1,-52.8711
2708.2,-50.6034
2708.3,-48.2770
2708.4,-46.0081
2708.5,-43.9020
2708.6,-42.0345
2708.7,-40.4448
2708.8,-39.1377
2708.9,-38.0932
2709.0,-37.2772
2709.1,-36.6509
2709.2,-36.1765
2709.3,-35.8207
2709.4,-35.5557
2709.5,-34.8346
2709.6,-34.8309
2709.7,-34.8272
2709.8,-34.8235
2709.9,-34.8199
2710.0,-34.8162
2710.1,-34.8125
2710.2,-34.8088
2710.3,-34.8051
2710.4,-34.8015
2710.5,-34.7978
2710.6,-34.7941
2710.7,-34.7904
2710.8,-34.7868
2710.9,-34.7831
2711.0,-34.7794
2711.1,-34.7757
2711.2,-34.7721
2711.3,-34.7684
2711.4,-34.7647
2711.5,-34.7610
2711.6,-34.7574
2711.7,-34.7537
2711.8,-34.7500
2711.9,-34.7463
2712.0,-34.7426
2712.1,-34.7390
2712.2,-34.7353
2712.3,-34.7316
2712.4,-34.7279
2712.5,-34.7243
2712.6,-34.7206
2712.7,-34.7169
2712.8,-34.7132
2712.9,-34.7096
2713.0,-34.7059
2713.1,-34.7022
2713.2,-34.6985
2713.3,-34.6949
2713.4,-34.6912
2713.5,-34.6875
2713.6,-34.6838
2713.7,-34.6801
2713.8,-34.6765
2713.9,-34.6728
2714.0,-34.6691
2714.1,-34.6654
2714.2,-34.6618
2714.3,-34.6581
2714.4,-34.6544
2714.5,-34.6507
2714.6,-34.6471
2714.7,-34.6434
2714.8,-34.6397
2714.9,-34.6360
2715.0,-34.6324
2715.1,-34.6287
2715.2,-34.6250
2715.3,-34.6213
2715.4,-34.6176
2715.5,-34.6140
2715.6,-34.6103
2715.7,-34.6066
2715.8,-34.6029
2715.9,-34.5993
2716.0,-34.5956
2716.1,-34.5919
2716.2,-34.5882
2716.3,-34.5846
2716.4,-34.5809
2716.5,-34.5772
2716.6,-34.5735
2716.7,-34.5699
2716.8,-34.5662
2716.9,-34.5625
2717.0,-34.5588
2717.1,-34.5551
2717.2,-34.5515
2717.3,-34.5478
2717.4,-34.5441
2717.5,-34.5404
2717.6,-34.5368
2717.7,-34.5331
2717.8,-34.5294
2717.9,-34.5257
2718.0,-34.5221
2718.1,-34.5184
2718.2,-34.5147
2718.3,-34.5110
2718.4,-34.5074
2718.5,-34.5037
2718.6,-34.5000
2718.7,-34.4963
2718.8,-34.4926
2718.9,-34.4890
2719.0,-34.4853
2719.1,-34.4816
2719.2,-34.4779
2719.3,-34.4743
2719.4,-34.4706
2719.5,-34.4669
2719.6,-34.4632
2719.7,-34.4596
2719.8,-34.4559
2719.9,-34.4522
2720.0,-34.4485
2720.1,-34.4449
2720.2,-34.4412
2720.3,-34.4375
2720.4,-34.4338
2720.5,-34.4301
2720.6,-34.4265
2720.7,-34.4228
2720.8,-34.4191
2720.9,-34.4154
2721.0,-34.4118
2721.1,-34.4081
2721.2,-34.4044
2721.3,-34.4007
2721.4,-34.3971
2721.5,-34.3934
2721.6,-34.3897
2721.7,-34.3860
2721.8,-34.3824
2721.9,-34.3787
2722.0,-34.3750
2722.1,-34.3713
2722.2,-34.3676
2722.3,-34.3640
2722.4,-34.3603
2722.5,-34.3566
2722.6,-34.3529
2722.7,-34.3493
2722.8,-34.3456
2722.9,-34.3419
2723.0,-34.3382
2723.1,-34.3346
2723.2,-34.3309
2723.3,-34.3272
2723.4,-34.3235
2723.5,-34.3199
2723.6,-34.3162
2723.7,-34.3125
2723.8,-34.3088
2723.9,-34.3051
2724.0,-34.3015
2724.1,-34.2978
2724.2,-34.2941
2724.3,-34.2904
2724.4,-34.2868
2724.5,-34.2831
2724.6,-34.2794
2724.7,-34.2757
2724.8,-34.2721
2724.9,-34.2684
2725.0,-34.2647
2725.1,-34.2610
2725.2,-34.2574
2725.3,-34.2537
2725.4,-34.2500
2725.5,-34.2463
2725.6,-34.2426
2725.7,-34.2390
2725.8,-34.2353
2725.9,-34.2316
2726.0,-34.2279
2726.1,-34.2243
2726.2,-34.2206
2726.3,-34.2169
2726.4,-34.2132
2726.5,-34.2096
2726.6,-34.2059
2726.7,-34.2022
2726.8,-34.1985
2726.9,-34.1949
2727.0,-34.1912
2727.1,-34.1875
2727.2,-34.1838
2727.3,-34.1801
2727.4,-34.1765
2727.5,-34.1728
2727.6,-34.1691
2727.7,-34.1654
2727.8,-34.1618
2727.9,-34.1581
2728.0,-34.1544
2728.1,-34.1507
2728.2,-34.1471
2728.3,-34.1434
2728.4,-34.1397
2728.5,-34.1360
2728.6,-34.1324
2728.7,-34.1287
2728.8,-34.1250
2728.9,-34.1213
2729.0,-34.1176
2729.1,-34.1140
2729.2,-34.1103
2729.3,-31.1492
2729.4,-10.4447
2729.5,10.2574
2729.6,28.0000
2729.7,28.0000
2729.8,26.1633
2729.9,13.3061
2730.0,0.4490
2730.1,-12.4082
2730.2,-25.2653
2730.3,-38.1224
2730.4,-50.9796
2730.5,-62.0357
2730.6,-62.2857
2730.7,-62.5357
2730.8,-62.7857
2730.9,-63.0357
2731.0,-63.2857
2731.1,-63.5357
2731.2,-63.7857
2731.3,-63.4363
2731.4,-63.2290
2731.5,-62.9484
2731.6,-62.5705
2731.7,-62.0660
2731.8,-61.3995
2731.9,-60.5318
2732.0,-59.4229
2732.1,-58.0390
2732.2,-56.3623
2732.3,-54.4022
2732.4,-52.2040
2732.5,-49.8510
2732.6,-47.4545
2732.7,-45.1340
2732.8,-42.9945
2732.9,-41.1093
2733.0,-39.5130
2733.1,-38.2063
2733.2,-37.1658
2733.3,-36.3554
2733.4,-35.7347
2733.5,-35.2653
2733.6,-34.9137
2733.7,-34.6520
2733.8,-33.9412
2733.9,-33.9375
2734.0,-33.9338
2734.1,-33.9301
2734.2,-33.9265
2734.3,-33.9228
2734.4,-33.9191
2734.5,-33.9154
2734.6,-33.9118
2734.7,-33.9081
2734.8,-33.9044
2734.9,-33.9007
2735.0,-33.8971
2735.1,-33.8934
2735.2,-33.8897
2735.3,-33.8860
2735.4,-33.8824
2735.5,-33.8787
2735.6,-33.8750
2735.7,-33.8713
2735.8,-33.8676
2735.9,-33.8640
2736.0,-33.8603
2736.1,-33.8566
2736.2,-33.8529
2736.3,-33.8493
2736.4,-33.8456
2736.5,-33.8419
2736.6,-33.8382
2736.7,-33.8346
2736.8,-33.8309
2736.9,-33.8272
2737.0,-33.8235
2737.1,-33.8199
2737.2,-33.8162
2737.3,-33.8125
2737.4,-33.8088
2737.5,-33.8051
2737.6,-33.8015
2737.7,-33.7978
2737.8,-33.7941
2737.9,-33.7904
2738.0,-33.7868
2738.1,-33.7831
2738.2,-33.7794
2738.3,-33.7757
2738.4,-33.7721
2738.5,-33.7684
2738.6,-33.7647
2738.7,-33.7610
2738.8,-33.7574
2738.9,-33.7537
2739.0,-33.7500
2739.1,-33.7463
2739.2,-33.7426
2739.3,-33.7390
2739.4,-33.7353
2739.5,-33.7316
2739.6,-33.7279
2739.7,-33.7243
2739.8,-33.7206
2739.9,-33.7169
2740.0,-33.7132
2740.1,-33.7096
2740.2,-33.7059
2740.3,-33.7022
2740.4,-33.6985
2740.5,-33.6949
2740.6,-33.6912
2740.7,-33.6875
2740.8,-33.6838
2740.9,-33.6801
2741.0,-33.6765
2741.1,-33.6728
2741.2,-33.6691
2741.3,-33.6654
2741.4,-33.6618
2741.5,-33.6581
2741.6,-33.6544
2741.7,-33.6507
2741.8,-33.6471
2741.9,-33.6434
2742.0,-33.6397
2742.1,-33.6360
2742.2,-33.6324
2742.3,-33.6287
2742.4,-33.6250
2742.5,-33.6213
2742.6,-33.6176
2742.7,-33.6140
2742.8,-33.6103
2742.9,-33.6066
2743.0,-33.6029
2743.1,-33.5993
2743.2,-33.5956
2743.3,-33.5919
2743.4,-33.5882
2743.5,-33.5846
2743.6,-33.5809
2743.7,-33.5772
2743.8,-33.5735
2743.9,-33.5699
2744.0,-33.5662
2744.1,-33.5625
2744.2,-33.5588
2744.3,-33.5551
2744.4,-33.5515
2744.5,-33.5478
2744.6,-33.5441
2744.7,-33.5404
2744.8,-33.5368
2744.9,-33.5331
2745.0,-33.5294
2745.1,-33.5257
2745.2,-33.5221
2745.3,-33.5184
2745.4,-33.5147
2745.5,-33.5110
2745.6,-33.5074
2745.7,-33.5037
2745.8,-33.5000
2745.9,-33.4963
2746.0,-33.4926
2746.1,-33.4890
2746.2,-33.4853
2746.3,-33.4816
2746.4,-33.4779
2746.5,-33.4743
2746.6,-33.4706
2746.7,-33.4669
2746.8,-33.4632
2746.9,-33.4596
2747.0,-33.4559
2747.1,-33.4522
2747.2,-33.4485
2747.3,-33.4449
2747.4,-33.4412
2747.5,-33.4375
2747.6,-33.4338
2747.7,-33.4301
2747.8,-33.4265
2747.9,-33.4228
2748.0,-33.4191
2748.1,-33.4154
2748.2,-33.4118
2748.3,-33.4081
2748.4,-33.4044
2748.5,-33.4007
2748.6,-33.3971
2748.7,-33.3934
2748.8,-33.3897
2748.9,-33.3860
2749.0,-33.3824
2749.1,-33.3787
2749.2,-33.3750
2749.3,-33.3713
2749.4,-33.3676
2749.5,-33.3640
2749.6,-33.3603
2749.7,-33.3566
2749.8,-33.3529
2749.9,-33.3493
2750.0,-33.3456
2750.1,-33.3419
2750.2,-33.3382
2750.3,-33.3346
2750.4,-33.3309
2750.5,-33.3272
2750.6,-33.3235
2750.7,-33.3199
2750.8,-33.3162
2750.9,-33.3125
2751.0,-33.3088
2751.1,-33.3051
2751.2,-33.3015
2751.3,-33.2978
2751.4,-33.2941
2751.5,-33.2904
2751.6,-33.2868
2751.7,-33.2831
2751.8,-33.2794
2751.9,-33.2757
2752.0,-33.2721
2752.1,-33.2684
2752.2,-33.2647
2752.3,-33.2610
2752.4,-33.2574
2752.5,-33.2537
2752.6,-33.2500
2752.7,-33.2463
2752.8,-33.2426
2752.9,-33.2390
2753.0,-33.2353
2753.1,-33.2316
2753.2,-33.2279
2753.3,-33.2243
2753.4,-33.2206
2753.5,-33.2169
2753.6,-27.3834
2753.7,-6.9769
2753.8,13.4272
2753.9,28.0000
2754.0,28.0000
2754.1,24.3265
2754.2,11.4694
2754.3,-1.3878
2754.4,-14.2449
2754.5,-27.1020
2754.6,-39.9592
2754.7,-52.8163
2754.8,-62.0714
2754.9,-62.3214
2755.0,-62.5714
2755.1,-62.8214
2755.2,-63.0714
2755.3,-63.3214
2755.4,-63.5714
2755.5,-63.8214
2755.6,-63.3928
2755.7,-63.1699
2755.8,-62.8682
2755.9,-62.4625
2756.0,-61.9214
2756.1,-61.2081
2756.2,-60.2815
2756.3,-59.1010
2756.4,-57.6335
2756.5,-55.8639
2756.6,-53.8066
2756.7,-51.5142
2756.8,-49.0774
2756.9,-46.6133
2757.0,-44.2445
2757.1,-42.0752
2757.2,-40.1752
2757.3,-38.5748
2757.4,-37.2704
2757.5,-36.2354
2757.6,-35.4314
2757.7,-34.8170
2757.8,-34.3531
2757.9,-34.0060
2758.0,-33.7478
2758.1,-33.0478
2758.2,-33.0441
2758.3,-33.0404
2758.4,-33.0368
2758.5,-33.0331
2758.6,-33.0294
2758.7,-33.0257
2758.8,-33.0221
2758.9,-33.0184
2759.0,-33.0147
2759.1,-33.0110
2759.2,-33.0074
2759.3,-33.0037
2759.4,-33.0000
2759.5,-32.9963
2759.6,-32.9926
2759.7,-32.9890
2759.8,-32.9853
2759.9,-32.9816
2760.0,-32.9779
2760.1,-32.9743
2760.2,-32.9706
2760.3,-32.9669
2760.4,-32.9632
2760.5,-32.9596
2760.6,-32.9559
2760.7,-32.9522
2760.8,-32.9485
2760.9,-32.9449
2761.0,-32.9412
2761.1,-32.9375
2761.2,-32.9338
2761.3,-32.9301
2761.4,-32.9265
2761.5,-32.9228
2761.6,-32.9191
2761.7,-32.9154
2761.8,-32.9118
2761.9,-32.9081
2762.0,-32.9044
2762.1,-32.9007
2762.2,-32.8971
2762.3,-32.8934
2762.4,-32.8897
2762.5,-32.8860
2762.6,-32.8824
2762.7,-32.8787
2762.8,-32.8750
2762.9,-32.8713
2763.0,-32.8676
2763.1,-32.8640
2763.2,-32.8603
2763.3,-32.8566
2763.4,-32.8529
2763.5,-32.8493
2763.6,-32.8456
2763.7,-32.8419
2763.8,-32.8382
2763.9,-32.8346
2764.0,-32.8309
2764.1,-32.8272
2764.2,-32.8235
2764.3,-32.8199
2764.4,-32.8162
2764.5,-32.8125
2764.6,-32.8088
2764.7,-32.8051
2764.8,-32.8015
2764.9,-32.7978
2765.0,-32.7941
2765.1,-32.7904
2765.2,-32.7868
2765.3,-32.7831
2765.4,-32.7794
2765.5,-32.7757
2765.6,-32.7721
2765.7,-32.7684
2765.8,-32.7647
2765.9,-32.7610
2766.0,-32.7574
2766.1,-32.7537
2766.2,-32.7500
2766.3,-32.7463
2766.4,-32.7426
2766.5,-32.7390
2766.6,-32.7353
2766.7,-32.7316
2766.8,-32.7279
2766.9,-32.7243
2767.0,-32.7206
2767.1,-32.7169
2767.2,-32.7132
2767.3,-32.7096
2767.4,-32.7059
2767.5,-32.7022
2767.6,-32.6985
2767.7,-32.6949
2767.8,-32.6912
2767.9,-32.6875
2768.0,-32.6838
2768.1,-32.6801
2768.2,-32.6765
2768.3,-32.6728
2768.4,-32.6691
2768.5,-32.6654
2768.6,-32.6618
2768.7,-32.6581
2768.8,-32.6544
2768.9,-32.6507
2769.0,-32.6471
2769.1,-32.6434
2769.2,-32.6397
2769.3,-32.6360
2769.4,-32.6324
2769.5,-32.6287
2769.6,-32.6250
2769.7,-32.6213
2769.8,-32.6176
2769.9,-32.6140
2770.0,-32.6103
2770.1,-32.6066
2770.2,-32.6029
2770.3,-32.5993
2770.4,-32.5956
2770.5,-32.5919
2770.6,-32.5882
2770.7,-32.5846
2770.8,-32.5809
2770.9,-32.5772
2771.0,-32.5735
2771.1,-32.5699
2771.2,-32.5662
2771.3,-32.5625
2771.4,-32.5588
2771.5,-32.5551
2771.6,-32.5515
2771.7,-32.5478
2771.8,-32.5441
2771.9,-32.5404
2772.0,-32.5368
2772.1,-32.5331
2772.2,-32.5294
2772.3,-32.5257
2772.4,-32.5221
2772.5,-32.5184
2772.6,-32.5147
2772.7,-32.5110
2772.8,-32.5074
2772.9,-32.5037
2773.0,-32.5000
2773.1,-32.4963
2773.2,-32.4926
2773.3,-32.4890
2773.4,-32.4853
2773.5,-32.4816
2773.6,-32.4779
2773.7,-32.4743
2773.8,-32.4706
2773.9,-32.4669
2774.0,-32.4632
2774.1,-32.4596
2774.2,-32.4559
2774.3,-32.4522
2774.4,-32.4485
2774.5,-32.4449
2774.6,-32.4412
2774.7,-32.4375
2774.8,-32.4338
2774.9,-32.4301
2775.0,-32.4265
2775.1,-32.4228
2775.2,-32.4191
2775.3,-32.4154
2775.4,-32.4118
2775.5,-32.4081
2775.6,-32.4044
2775.7,-32.4007
2775.8,-32.3971
2775.9,-32.3934
2776.0,-32.3897
2776.1,-32.3860
2776.2,-32.3824
2776.3,-32.3787
2776.4,-32.3750
2776.5,-32.3713
2776.6,-32.3676
2776.7,-32.3640
2776.8,-32.3603
2776.9,-32.3566
2777.0,-32.3529
2777.1,-32.3493
2777.2,-32.3456
2777.3,-32.3419
2777.4,-32.3382
2777.5,-32.3346
2777.6,-32.3309
2777.7,-32.3272
2777.8,-32.3235
2777.9,-23.7027
2778.0,-3.5942
2778.1,16.5119
2778.2,28.0000
2778.3,28.0000
2778.4,22.4898
2778.5,9.6327
2778.6,-3.2245
2778.7,-16.0816
2778.8,-28.9388
2778.9,-41.7959
2779.0,-54.6531
2779.1,-62.1071
2779.2,-62.3571
2779.3,-62.6071
2779.4,-62.8571
2779.5,-63.1071
2779.6,-63.3571
2779.7,-63.6071
2779.8,-63.8571
2779.9,-63.3466
2780.0,-63.1071
2780.1,-62.7831
2780.2,-62.3478
2780.3,-61.7683
2780.4,-61.0056
2780.5,-60.0174
2780.6,-58.7624
2780.7,-57.2084
2780.8,-55.3437
2780.9,-53.1881
2781.0,-50.8018
2781.1,-48.2828
2781.2,-45.7541
2781.3,-43.3404
2781.4,-41.1447
2781.5,-39.2329
2781.6,-37.6308
2781.7,-36.3305
2781.8,-35.3022
2781.9,-34.5056
2782.0,-33.8980
2782.1,-33.4399
2782.2,-33.0976
2782.3,-32.8432
2782.4,-32.1544
2782.5,-32.1507
2782.6,-32.1471
2782.7,-32.1434
2782.8,-32.1397
2782.9,-32.1360
2783.0,-32.1324
2783.1,-32.1287
2783.2,-32.1250
2783.3,-32.1213
2783.4,-32.1176
2783.5,-32.1140
2783.6,-32.1103
2783.7,-32.1066
2783.8,-32.1029
2783.9,-32.0993
2784.0,-32.0956
2784.1,-32.0919
2784.2,-32.0882
2784.3,-32.0846
2784.4,-32.0809
2784.5,-32.0772
2784.6,-32.0735
2784.7,-32.0699
2784.8,-32.0662
2784.9,-32.0625
2785.0,-32.0588
2785.1,-32.0551
2785.2,-32.0515
2785.3,-32.0478
2785.4,-32.0441
2785.5,-32.0404
2785.6,-32.0368
2785.7,-32.0331
2785.8,-32.0294
2785.9,-32.0257
2786.0,-32.0221
2786.1,-32.0184
2786.2,-32.0147
2786.3,-32.0110
2786.4,-32.0074
2786.5,-32.0037
2786.6,-32.0000
2786.7,-31.9963
2786.8,-31.9926
2786.9,-31.9890
2787.0,-31.9853
2787.1,-31.9816
2787.2,-31.9779
2787.3,-31.9743
2787.4,-31.9706
2787.5,-31.9669
2787.6,-31.9632
2787.7,-31.9596
2787.8,-31.9559
2787.9,-31.9522
2788.0,-31.9485
2788.1,-31.9449
2788.2,-31.9412
2788.3,-31.9375
2788.4,-31.9338
2788.5,-31.9301
2788.6,-31.9265
2788.7,-31.9228
2788.8,-31.9191
2788.9,-31.9154
2789.0,-31.9118
2789.1,-31.9081
2789.2,-31.9044
2789.3,-31.9007
2789.4,-31.8971
2789.5,-31.8934
2789.6,-31.8897
2789.7,-31.8860
2789.8,-31.8824
2789.9,-31.8787
2790.0,-31.8750
2790.1,-31.8713
2790.2,-31.8676
2790.3,-31.8640
2790.4,-31.8603
2790.5,-31.8566
2790.6,-31.8529
2790.7,-31.8493
2790.8,-31.8456
2790.9,-31.8419
2791.0,-31.8382
2791.1,-31.8346
2791.2,-31.8309
2791.3,-31.8272
2791.4,-31.8235
2791.5,-31.8199
2791.6,-31.8162
2791.7,-31.8125
2791.8,-31.8088
2791.9,-31.8051
2792.0,-31.8015
2792.1,-31.7978
2792.2,-31.7941
2792.3,-31.7904
2792.4,-31.7868
2792.5,-31.7831
2792.6,-31.7794
2792.7,-31.7757
2792.8,-31.7721
2792.9,-31.7684
2793.0,-31.7647
2793.1,-31.7610
2793.2,-31.7574
2793.3,-31.7537
2793.4,-31.7500
2793.5,-31.7463
2793.6,-31.7426
2793.7,-31.7390
2793.8,-31.7353
2793.9,-31.7316
2794.0,-31.7279
2794.1,-31.7243
2794.2,-31.7206
2794.3,-31.7169
2794.4,-31.7132
2794.5,-31.7096
2794.6,-31.7059
2794.7,-31.7022
2794.8,-31.6985
2794.9,-31.6949
2795.0,-31.6912
2795.1,-31.6875
2795.2,-31.6838
2795.3,-31.6801
2795.4,-31.6765
2795.5,-31.6728
2795.6,-31.6691
2795.7,-31.6654
2795.8,-31.6618
2795.9,-31.6581
2796.0,-31.6544
2796.1,-31.6507
2796.2,-31.6471
2796.3,-31.6434
2796.4,-31.6397
2796.5,-31.6360
2796.6,-31.6324
2796.7,-31.6287
2796.8,-31.6250
2796.9,-31.6213
2797.0,-31.6176
2797.1,-31.6140
2797.2,-31.6103
2797.3,-31.6066
2797.4,-31.6029
2797.5,-31.5993
2797.6,-31.5956
2797.7,-31.5919
2797.8,-31.5882
2797.9,-31.5846
2798.0,-31.5809
2798.1,-31.5772
2798.2,-31.5735
2798.3,-31.5699
2798.4,-31.5662
2798.5,-31.5625
2798.6,-31.5588
2798.7,-31.5551
2798.8,-31.5515
2798.9,-31.5478
2799.0,-31.5441
2799.1,-31.5404
2799.2,-31.5368
2799.3,-31.5331
2799.4,-31.5294
2799.5,-31.5257
2799.6,-31.5221
2799.7,-31.5184
2799.8,-31.5147
2799.9,-31.5110
2800.0,-31.5074
2800.1,-31.5037
2800.2,-31.5000
2800.3,-31.4963
2800.4,-31.4926
2800.5,-31.4890
2800.6,-31.4853
2800.7,-31.4816
2800.8,-31.4779
2800.9,-31.4743
2801.0,-31.4706
2801.1,-31.4669
2801.2,-31.4632
2801.3,-31.4596
2801.4,-31.4559
2801.5,-31.4522
2801.6,-31.4485
2801.7,-31.4449
2801.8,-31.4412
2801.9,-31.4375
2802.0,-31.4338
2802.1,-31.4301
2802.2,-20.1071
2802.3,-0.2966
2802.4,19.5116
2802.5,28.0000
2802.6,28.0000
2802.7,20.6531
2802.8,7.7959
2802.9,-5.0612
2803.0,-17.9184
2803.1,-30.7755
2803.2,-43.6327
2803.3,-56.4898
2803.4,-62.1429
2803.5,-62.3929
2803.6,-62.6429
2803.7,-62.8929
2803.8,-63.1429
2803.9,-63.3929
2804.0,-63.6429
2804.1,-63.8929
2804.2,-63.2975
2804.3,-63.0403
2804.4,-62.6927
2804.5,-62.2262
2804.6,-61.6061
2804.7,-60.7915
2804.8,-59.7389
2804.9,-58.4064
2805.0,-56.7633
2805.1,-54.8013
2805.2,-52.5466
2805.3,-50.0668
2805.4,-47.4676
2805.5,-44.8773
2805.6,-42.4222
2805.7,-40.2034
2805.8,-38.2829
2805.9,-36.6813
2806.0,-35.3869
2806.1,-34.3665
2806.2,-33.5780
2806.3,-32.9778
2806.4,-32.5260
2806.5,-32.1887
2806.6,-31.9383
2806.7,-31.2610
2806.8,-31.2574
2806.9,-31.2537
2807.0,-31.2500
2807.1,-31.2463
2807.2,-31.2426
2807.3,-31.2390
2807.4,-31.2353
2807.5,-31.2316
2807.6,-31.2279
2807.7,-31.2243
2807.8,-31.2206
2807.9,-31.2169
2808.0,-31.2132
2808.1,-31.2096
2808.2,-31.2059
2808.3,-31.2022
2808.4,-31.1985
2808.5,-31.1949
2808.6,-31.1912
2808.7,-31.1875
2808.8,-31.1838
2808.9,-31.1801
2809.0,-31.1765
2809.1,-31.1728
2809.2,-31.1691
2809.3,-31.1654
2809.4,-31.1618
2809.5,-31.1581
2809.6,-31.1544
2809.7,-31.1507
2809.8,-31.1471
2809.9,-31.1434
2810.0,-31.1397
2810.1,-31.1360
2810.2,-31.1324
2810.3,-31.1287
2810.4,-31.1250
2810.5,-31.1213
2810.6,-31.1176
2810.7,-31.1140
2810.8,-31.1103
2810.9,-31.1066
2811.0,-31.1029
2811.1,-31.0993
2811.2,-31.0956
2811.3,-31.0919
2811.4,-31.0882
2811.5,-31.0846
2811.6,-31.0809
2811.7,-31.0772
2811.8,-31.0735
2811.9,-31.0699
2812.0,-31.0662
2812.1,-31.0625
2812.2,-31.0588
2812.3,-31.0551
2812.4,-31.0515
2812.5,-31.0478
2812.6,-31.0441
2812.7,-31.0404
2812.8,-31.0368
2812.9,-31.0331
2813.0,-31.0294
2813.1,-31.0257
2813.2,-31.0221
2813.3,-31.0184
2813.4,-31.0147
2813.5,-31.0110
2813.6,-31.0074
2813.7,-31.0037
2813.8,-31.0000
2813.9,-30.9963
2814.0,-30.9926
2814.1,-30.9890
2814.2,-30.9853
2814.3,-30.9816
2814.4,-30.9779
2814.5,-30.9743
2814.6,-30.9706
2814.7,-30.9669
2814.8,-30.9632
2814.9,-30.9596
2815.0,-30.9559
2815.1,-30.9522
2815.2,-30.9485
2815.3,-30.9449
2815.4,-30.9412
2815.5,-30.9375
2815.6,-30.9338
2815.7,-30.9301
2815.8,-30.9265
2815.9,-30.9228
2816.0,-30.9191
2816.1,-30.9154
2816.2,-30.9118
2816.3,-30.9081
2816.4,-30.9044
2816.5,-30.9007
2816.6,-30.8971
2816.7,-30.8934
2816.8,-30.8897
2816.9,-30.8860
2817.0,-30.8824
2817.1,-30.8787
2817.2,-30.8750
2817.3,-30.8713
2817.4,-30.8676
2817.5,-30.8640
2817.6,-30.8603
2817.7,-30.8566
2817.8,-30.8529
2817.9,-30.8493
2818.0,-30.8456
2818.1,-30.8419
2818.2,-30.8382
2818.3,-30.8346
2818.4,-30.8309
2818.5,-30.8272
2818.6,-30.8235
2818.7,-30.8199
2818.8,-30.8162
2818.9,-30.8125
2819.0,-30.8088
2819.1,-30.8051
2819.2,-30.8015
2819.3,-30.7978
2819.4,-30.7941
2819.5,-30.7904
2819.6,-30.7868
2819.7,-30.7831
2819.8,-30.7794
2819.9,-30.7757
2820.0,-30.7721
2820.1,-30.7684
2820.2,-30.7647
2820.3,-30.7610
2820.4,-30.7574
2820.5,-30.7537
2820.6,-30.7500
2820.7,-30.7463
2820.8,-30.7426
2820.9,-30.7390
2821.0,-30.7353
2821.1,-30.7316
2821.2,-30.7279
2821.3,-30.7243
2821.4,-30.7206
2821.5,-30.7169
2821.6,-30.7132
2821.7,-30.7096
2821.8,-30.7059
2821.9,-30.7022
2822.0,-30.6985
2822.1,-30.6949
2822.2,-30.6912
2822.3,-30.6875
2822.4,-30.6838
2822.5,-30.6801
2822.6,-30.6765
2822.7,-30.6728
2822.8,-30.6691
2822.9,-30.6654
2823.0,-30.6618
2823.1,-30.6581
2823.2,-30.6544
2823.3,-30.6507
2823.4,-30.6471
2823.5,-30.6434
2823.6,-30.6397
2823.7,-30.6360
2823.8,-30.6324
2823.9,-30.6287
2824.0,-30.6250
2824.1,-30.6213
2824.2,-30.6176
2824.3,-30.6140
2824.4,-30.6103
2824.5,-30.6066
2824.6,-30.6029
2824.7,-30.5993
2824.8,-30.5956
2824.9,-30.5919
2825.0,-30.5882
2825.1,-30.5846
2825.2,-30.5809
2825.3,-30.5772
2825.4,-30.5735
2825.5,-30.5699
2825.6,-30.5662
2825.7,-30.5625
2825.8,-30.5588
2825.9,-30.5551
2826.0,-30.5515
2826.1,-30.5478
2826.2,-30.5441
2826.3,-30.5404
2826.4,-30.5368
2826.5,-16.5966
2826.6,2.9160
2826.7,22.4261
2826.8,28.0000
2826.9,28.0000
2827.0,18.8163
2827.1,5.9592
2827.2,-6.8980
2827.3,-19.7551
2827.4,-32.6122
2827.5,-45.4694
2827.6,-58.3265
2827.7,-62.1786
2827.8,-62.4286
2827.9,-62.6786
2828.0,-62.9286
2828.1,-63.1786
2828.2,-63.4286
2828.3,-63.6786
2828.4,-63.9286
2828.5,-63.2453
2828.6,-62.9693
2828.7,-62.5967
2828.8,-62.0973
2828.9,-61.4343
2829.0,-60.5654
2829.1,-59.4454
2829.2,-58.0324
2829.3,-56.2975
2829.4,-54.2363
2829.5,-51.8817
2829.6,-49.3093
2829.7,-46.6322
2829.8,-43.9835
2829.9,-41.4905
2830.0,-39.2522
2830.1,-37.3257
2830.2,-35.7270
2830.3,-34.4399
2830.4,-33.4286
2830.5,-32.6490
2830.6,-32.0566
2830.7,-31.6114
2830.8,-31.2793
2830.9,-31.0329
2831.0,-30.3676
2831.1,-30.3640
2831.2,-30.3603
2831.3,-30.3566
2831.4,-30.3529
2831.5,-30.3493
2831.6,-30.3456
2831.7,-30.3419
2831.8,-30.3382
2831.9,-30.3346
2832.0,-30.3309
2832.1,-30.3272
2832.2,-30.3235
2832.3,-30.3199
2832.4,-30.3162
2832.5,-30.3125
2832.6,-30.3088
2832.7,-30.3051
2832.8,-30.3015
2832.9,-30.2978
2833.0,-30.2941
2833.1,-30.2904
2833.2,-30.2868
2833.3,-30.2831
2833.4,-30.2794
2833.5,-30.2757
2833.6,-30.2721
2833.7,-30.2684
2833.8,-30.2647
2833.9,-30.2610
2834.0,-30.2574
2834.1,-30.2537
2834.2,-30.2500
2834.3,-30.2463
2834.4,-30.2426
2834.5,-30.2390
2834.6,-30.2353
2834.7,-30.2316
2834.8,-30.2279
2834.9,-30.2243
2835.0,-30.2206
2835.1,-30.2169
2835.2,-30.2132
2835.3,-30.2096
2835.4,-30.2059
2835.5,-30.2022
2835.6,-30.1985
2835.7,-30.1949
2835.8,-30.1912
2835.9,-30.1875
2836.0,-30.1838
2836.1,-30.1801
2836.2,-30.1765
2836.3,-30.1728
2836.4,-30.1691
2836.5,-30.1654
2836.6,-30.1618
2836.7,-30.1581
2836.8,-30.1544
2836.9,-30.1507
2837.0,-30.1471
2837.1,-30.1434
2837.2,-30.1397
2837.3,-30.1360
2837.4,-30.1324
2837.5,-30.1287
2837.6,-30.1250
2837.7,-30.1213
2837.8,-30.1176
2837.9,-30.1140
2838.0,-30.1103
2838.1,-30.1066
2838.2,-30.1029
2838.3,-30.0993
2838.4,-30.0956
2838.5,-30.0919
2838.6,-30.0882
2838.7,-30.0846
2838.8,-30.0809
2838.9,-30.0772
2839.0,-30.0735
2839.1,-30.0699
2839.2,-30.0662
2839.3,-30.0625
2839.4,-30.0588
2839.5,-30.0551
2839.6,-30.0515
2839.7,-30.0478
2839.8,-30.0441
2839.9,-30.0404
2840.0,-30.0368
2840.1,-30.0331
2840.2,-30.0294
2840.3,-30.0257
2840.4,-30.0221
2840.5,-30.0184
2840.6,-30.0147
2840.7,-30.0110
2840.8,-30.0074
2840.9,-30.0037
2841.0,-30.0000
2841.1,-30.0382
2841.2,-30.0765
2841.3,-30.1147
2841.4,-30.1529
2841.5,-30.1912
2841.6,-30.2294
2841.7,-30.2676
2841.8,-30.3059
2841.9,-30.3441
2842.0,-30.3824
2842.1,-30.4206
2842.2,-30.4588
2842.3,-30.4971
2842.4,-30.5353
2842.5,-30.5735
2842.6,-30.6118
2842.7,-30.6500
2842.8,-30.6882
2842.9,-30.7265
2843.0,-30.7647
2843.1,-30.8029
2843.2,-30.8412
2843.3,-30.8794
2843.4,-30.9176
2843.5,-30.9559
2843.6,-30.9941
2843.7,-31.0324
2843.8,-31.0706
2843.9,-31.1088
2844.0,-31.1471
2844.1,-31.1853
2844.2,-31.2235
2844.3,-31.2618
2844.4,-31.3000
2844.5,-31.3382
2844.6,-31.3765
2844.7,-31.4147
2844.8,-31.4529
2844.9,-31.4912
2845.0,-31.5294
2845.1,-31.5676
2845.2,-31.6059
2845.3,-31.6441
2845.4,-31.6824
2845.5,-31.7206
2845.6,-31.7588
2845.7,-31.7971
2845.8,-31.8353
2845.9,-31.8735
2846.0,-31.9118
2846.1,-31.9500
2846.2,-31.9882
2846.3,-32.0265
2846.4,-32.0647
2846.5,-32.1029
2846.6,-32.1412
2846.7,-32.1794
2846.8,-32.2176
2846.9,-32.2559
2847.0,-32.2941
2847.1,-32.3324
2847.2,-32.3706
2847.3,-32.4088
2847.4,-32.4471
2847.5,-32.4853
2847.6,-32.5235
2847.7,-32.5618
2847.8,-32.6000
2847.9,-32.6382
2848.0,-32.6765
2848.1,-32.7147
2848.2,-32.7529
2848.3,-32.7912
2848.4,-32.8294
2848.5,-32.8676
2848.6,-32.9059
2848.7,-32.9441
2848.8,-32.9824
2848.9,-33.0206
2849.0,-33.0588
2849.1,-33.0971
2849.2,-33.1353
2849.3,-33.1735
2849.4,-33.2118
2849.5,-33.2500
2849.6,-33.2882
2849.7,-33.3265
2849.8,-33.3647
2849.9,-33.4029
2850.0,-33.4412
2850.1,-33.4794
2850.2,-33.5176
2850.3,-33.5559
2850.4,-33.5941
2850.5,-33.6324
2850.6,-33.6706
2850.7,-33.7088
2850.8,-16.1050
2850.9,4.4627
2851.0,25.0560
2851.1,28.0000
2851.2,28.0000
2851.3,16.9796
2851.4,4.1224
2851.5,-8.7347
2851.6,-21.5918
2851.7,-34.4490
2851.8,-47.3061
2851.9,-60.1633
2852.0,-62.2143
2852.1,-62.4643
2852.2,-62.7143
2852.3,-62.9643
2852.4,-63.2143
2852.5,-63.4643
2852.6,-63.7143
2852.7,-63.9643
2852.8,-63.3062
2852.9,-63.0541
2853.0,-62.7147
2853.1,-62.2609
2853.2,-61.6604
2853.3,-60.8763
2853.4,-59.8699
2853.5,-58.6069
2853.6,-57.0654
2853.7,-55.2471
2853.8,-53.1867
2853.9,-50.9558
2854.0,-48.6568
2854.1,-46.4054
2854.2,-44.3088
2854.3,-42.4467
2854.4,-40.8620
2854.5,-39.5627
2854.6,-38.5307
2854.7,-37.7326
2854.8,-37.1294
2854.9,-36.6826
2855.0,-36.3580
2855.1,-36.1271
2855.2,-35.9669
2855.3,-35.4676
2855.4,-35.5059
2855.5,-35.5441
2855.6,-35.5824
2855.7,-35.6206
2855.8,-35.6588
2855.9,-35.6971
2856.0,-35.7353
2856.1,-35.7735
2856.2,-35.8118
2856.3,-35.8500
2856.4,-35.8882
2856.5,-35.9265
2856.6,-35.9647
2856.7,-36.0029
2856.8,-36.0412
2856.9,-36.0794
2857.0,-36.1176
2857.1,-36.1559
2857.2,-36.1941
2857.3,-36.2324
2857.4,-36.2706
2857.5,-36.3088
2857.6,-36.3471
2857.7,-36.3853
2857.8,-36.4235
2857.9,-36.4618
2858.0,-36.5000
2858.1,-36.5382
2858.2,-36.5765
2858.3,-36.6147
2858.4,-36.6529
2858.5,-36.6912
2858.6,-36.7294
2858.7,-36.7676
2858.8,-36.8059
2858.9,-36.8441
2859.0,-36.8824
2859.1,-36.9206
2859.2,-36.9588
2859.3,-36.9971
2859.4,-37.0353
2859.5,-37.0735
2859.6,-37.1118
2859.7,-37.1500
2859.8,-37.1882
2859.9,-37.2265
2860.0,-37.2647
2860.1,-37.3029
2860.2,-37.3412
2860.3,-37.3794
2860.4,-37.4176
2860.5,-37.4559
2860.6,-37.4941
2860.7,-37.5324
2860.8,-37.5706
2860.9,-37.6088
2861.0,-37.6471
2861.1,-37.6853
2861.2,-37.7235
2861.3,-37.7618
2861.4,-37.8000
2861.5,-37.8382
2861.6,-37.8765
2861.7,-37.9147
2861.8,-37.9529
2861.9,-37.9912
2862.0,-38.0294
2862.1,-38.0676
2862.2,-38.1059
2862.3,-38.1441
2862.4,-38.1824
2862.5,-38.2206
2862.6,-38.2588
2862.7,-38.2971
2862.8,-38.3353
2862.9,-38.3735
2863.0,-38.4118
2863.1,-38.4500
2863.2,-38.4882
2863.3,-38.5265
2863.4,-38.5647
2863.5,-38.6029
2863.6,-38.6412
2863.7,-38.6794
2863.8,-38.7176
2863.9,-38.7559
2864.0,-38.7941
2864.1,-38.8324
2864.2,-38.8706
2864.3,-38.9088
2864.4,-38.9471
2864.5,-38.9853
2864.6,-39.0235
2864.7,-39.0618
2864.8,-39.1000
2864.9,-39.1382
2865.0,-39.1765
2865.1,-39.2147
2865.2,-39.2529
2865.3,-39.2912
2865.4,-39.3294
2865.5,-39.3676
2865.6,-39.4059
2865.7,-39.4441
2865.8,-39.4824
2865.9,-39.5206
2866.0,-39.5588
2866.1,-39.5971
2866.2,-39.6353
2866.3,-39.6735
2866.4,-39.7118
2866.5,-39.7500
2866.6,-39.7882
2866.7,-39.8265
2866.8,-39.8647
2866.9,-39.9029
2867.0,-39.9412
2867.1,-39.9794
2867.2,-40.0176
2867.3,-40.0559
2867.4,-40.0941
2867.5,-40.1324
2867.6,-40.1706
2867.7,-40.2088
2867.8,-40.2471
2867.9,-40.2853
2868.0,-40.3235
2868.1,-40.3618
2868.2,-40.4000
2868.3,-40.4382
2868.4,-40.4765
2868.5,-40.5147
2868.6,-40.5529
2868.7,-40.5912
2868.8,-40.6294
2868.9,-40.6676
2869.0,-40.7059
2869.1,-40.7441
2869.2,-40.7824
2869.3,-40.8206
2869.4,-40.8588
2869.5,-40.8971
2869.6,-40.9353
2869.7,-40.9735
2869.8,-41.0118
2869.9,-41.0500
2870.0,-41.0882
2870.1,-41.1265
2870.2,-41.1647
2870.3,-41.2029
2870.4,-41.2412
2870.5,-41.2794
2870.6,-41.3176
2870.7,-41.3559
2870.8,-41.3941
2870.9,-41.4324
2871.0,-41.4706
2871.1,-41.5088
2871.2,-41.5471
2871.3,-41.5853
2871.4,-41.6235
2871.5,-41.6618
2871.6,-41.7000
2871.7,-41.7382
2871.8,-41.7765
2871.9,-41.8147
2872.0,-41.8529
2872.1,-41.8912
2872.2,-41.9294
2872.3,-41.9676
2872.4,-42.0059
2872.5,-42.0441
2872.6,-42.0824
2872.7,-42.1206
2872.8,-42.1588
2872.9,-42.1971
2873.0,-42.2353
2873.1,-42.2735
2873.2,-42.3118
2873.3,-42.3500
2873.4,-42.3882
2873.5,-42.4265
2873.6,-42.4647
2873.7,-42.5029
2873.8,-42.5412
2873.9,-42.5794
2874.0,-42.6176
2874.1,-42.6559
2874.2,-42.6941
2874.3,-42.7324
2874.4,-42.7706
2874.5,-42.8088
2874.6,-42.8471
2874.7,-42.8853
2874.8,-42.9235
2874.9,-42.9618
2875.0,-43.0000
2875.1,-43.2682
2875.2,-43.5343
2875.3,-43.7984
2875.4,-44.0605
2875.5,-44.3206
2875.6,-44.5787
2875.7,-44.8348
2875.8,-45.0889
2875.9,-45.3411
2876.0,-45.5914
2876.1,-45.8397
2876.2,-46.0861
2876.3,-46.3307
2876.4,-46.5734
2876.5,-46.8142
2876.6,-47.0532
2876.7,-47.2903
2876.8,-47.5256
2876.9,-47.7591
2877.0,-47.9909
2877.1,-48.2208
2877.2,-48.4490
2877.3,-48.6755
2877.4,-48.9002
2877.5,-49.1231
2877.6,-49.3444
2877.7,-49.5640
2877.8,-49.7819
2877.9,-49.9981
2878.0,-50.2127
2878.1,-50.4256
2878.2,-50.6369
2878.3,-50.8466
2878.4,-51.0547
2878.5,-51.2612
2878.6,-51.4661
2878.7,-51.6694
2878.8,-51.8711
2878.9,-52.0714
2879.0,-52.2700
2879.1,-52.4672
2879.2,-52.6629
2879.3,-52.8570
2879.4,-53.0497
2879.5,-53.2409
2879.6,-53.4306
2879.7,-53.6189
2879.8,-53.8057
2879.9,-53.9911
2880.0,-54.1751
2880.1,-54.3576
2880.2,-54.5388
2880.3,-54.7186
2880.4,-54.8970
2880.5,-55.0740
2880.6,-55.2497
2880.7,-55.4240
2880.8,-55.5970
2880.9,-55.7687
2881.0,-55.9390
2881.1,-56.1081
2881.2,-56.2758
2881.3,-56.4423
2881.4,-56.6075
2881.5,-56.7714
2881.6,-56.9341
2881.7,-57.0955
2881.8,-57.2557
2881.9,-57.4147
2882.0,-57.5724
2882.1,-57.7289
2882.2,-57.8843
2882.3,-58.0384
2882.4,-58.1914
2882.5,-58.3432
2882.6,-58.4938
2882.7,-58.6433
2882.8,-58.7916
2882.9,-58.9388
2883.0,-59.0848
2883.1,-59.2298
2883.2,-59.3736
2883.3,-59.5164
2883.4,-59.6580
2883.5,-59.7985
2883.6,-59.9380
2883.7,-60.0764
2883.8,-60.2138
2883.9,-60.3501
2884.0,-60.4853
2884.1,-60.6195
2884.2,-60.7527
2884.3,-60.8849
2884.4,-61.0160
2884.5,-61.1462
2884.6,-61.2753
2884.7,-61.4035
2884.8,-61.5306
2884.9,-61.6568
2885.0,-61.7821
2885.1,-61.9063
2885.2,-62.0297
2885.3,-62.1520
2885.4,-62.2735
2885.5,-62.3940
2885.6,-62.5136
2885.7,-62.6323
2885.8,-62.7500
2885.9,-62.8669
2886.0,-62.9828
2886.1,-63.0979
2886.2,-63.2121
2886.3,-63.3254
2886.4,-63.4379
2886.5,-63.5494
2886.6,-63.6602
2886.7,-63.7701
2886.8,-63.8791
2886.9,-63.9873
2887.0,-64.0947
2887.1,-64.2012
2887.2,-64.3070
2887.3,-64.4119
2887.4,-64.5160
2887.5,-64.6194
2887.6,-64.7219
2887.7,-64.8236
2887.8,-64.9246
2887.9,-65.0248
2888.0,-65.1242
2888.1,-65.2229
2888.2,-65.3208
2888.3,-65.4180
2888.4,-65.5144
2888.5,-65.6100
2888.6,-65.7050
2888.7,-65.7992
2888.8,-65.8927
2888.9,-65.9855
2889.0,-66.0775
2889.1,-66.1689
2889.2,-66.2595
2889.3,-66.3495
2889.4,-66.4388
2889.5,-66.5274
2889.6,-66.6153
2889.7,-66.7025
2889.8,-66.7891
2889.9,-66.8750
2890.0,-66.9603
2890.1,-67.0449
2890.2,-67.1288
2890.3,-67.2121
2890.4,-67.2948
2890.5,-67.3768
2890.6,-67.4582
2890.7,-67.5390
2890.8,-67.6191
2890.9,-67.6987
2891.0,-67.7776
2891.1,-67.8560
2891.2,-67.9337
2891.3,-68.0108
2891.4,-68.0874
2891.5,-68.1633
2891.6,-68.2387
2891.7,-68.3135
2891.8,-68.3877
2891.9,-68.4614
2892.0,-68.5345
2892.1,-68.6070
2892.2,-68.6790
2892.3,-68.7504
2892.4,-68.8213
2892.5,-68.8916
2892.6,-68.9614
2892.7,-69.0307
2892.8,-69.0994
2892.9,-69.1676
2893.0,-69.2353
2893.1,-69.3025
2893.2,-69.3691
2893.3,-69.4352
2893.4,-69.5009
2893.5,-69.5660
2893.6,-69.6306
2893.7,-69.6948
2893.8,-69.7584
2893.9,-69.8216
2894.0,-69.8842
2894.1,-69.9464
2894.2,-70.0081
2894.3,-70.0694
2894.4,-70.1301
2894.5,-70.1904
2894.6,-70.2503
2894.7,-70.3097
2894.8,-70.3686
2894.9,-70.4271
2895.0,-70.4851
2895.1,-70.5427
2895.2,-70.5998
2895.3,-70.6565
2895.4,-70.7128
2895.5,-70.7687
2895.6,-70.8241
2895.7,-70.8791
2895.8,-70.9336
2895.9,-70.9878
2896.0,-71.0415
2896.1,-71.0948
2896.2,-71.1477
2896.3,-71.2002
2896.4,-71.2524
2896.5,-71.3041
2896.6,-71.3554
2896.7,-71.4063
2896.8,-71.4568
2896.9,-71.5069
2897.0,-71.5567
2897.1,-71.6061
2897.2,-71.6551
2897.3,-71.7037
2897.4,-71.7519
2897.5,-71.7998
2897.6,-71.8473
2897.7,-71.8945
2897.8,-71.9413
2897.9,-71.9877
2898.0,-72.0338
2898.1,-72.0795
2898.2,-72.1248
2898.3,-72.1699
2898.4,-72.2145
2898.5,-72.2589
2898.6,-72.3029
2898.7,-72.3465
2898.8,-72.3898
2898.9,-72.4328
2899.0,-72.4755
2899.1,-72.5178
2899.2,-72.5598
2899.3,-72.6015
2899.4,-72.6429
2899.5,-72.6839
2899.6,-72.7247
2899.7,-72.7651
2899.8,-72.8052
2899.9,-72.8450
2900.0,-72.8845
2900.1,-72.9237
2900.2,-72.9626
2900.3,-73.0012
2900.4,-73.0395
2900.5,-73.0775
2900.6,-73.1153
2900.7,-73.1527
2900.8,-73.1898
2900.9,-73.2267
2901.0,-73.2633
2901.1,-73.2996
2901.2,-73.3356
2901.3,-73.3713
2901.4,-73.4068
2901.5,-73.4420
2901.6,-73.4769
2901.7,-73.5116
2901.8,-73.5460
2901.9,-73.5801
2902.0,-73.6140
2902.1,-73.6476
2902.2,-73.6809
2902.3,-73.7140
2902.4,-73.7469
2902.5,-73.7795
2902.6,-73.8118
2902.7,-73.8439
2902.8,-73.8757
2902.9,-73.9073
2903.0,-73.9387
2903.1,-73.9698
2903.2,-74.0007
2903.3,-74.0314
2903.4,-74.0618
2903.5,-74.0919
2903.6,-74.1219
2903.7,-74.1516
2903.8,-74.1811
2903.9,-74.2104
2904.0,-74.2394
2904.1,-74.2682
2904.2,-74.2968
2904.3,-74.3252
2904.4,-74.3533
2904.5,-74.3813
2904.6,-74.4090
2904.7,-74.4365
2904.8,-74.4638
2904.9,-74.4909
2905.0,-74.5178
2905.1,-74.5445
2905.2,-74.5710
2905.3,-74.5973
2905.4,-74.6233
2905.5,-74.6492
2905.6,-74.6749
2905.7,-74.7004
2905.8,-74.7257
2905.9,-74.7507
2906.0,-74.7756
2906.1,-74.8004
2906.2,-74.8249
2906.3,-74.8492
2906.4,-74.8733
2906.5,-74.8973
2906.6,-74.9211
2906.7,-74.9447
2906.8,-74.9681
2906.9,-74.9913
2907.0,-75.0144
2907.1,-75.0373
2907.2,-75.0600
2907.3,-75.0825
2907.4,-75.1048
2907.5,-75.1270
2907.6,-75.1490
2907.7,-75.1709
2907.8,-75.1926
2907.9,-75.2141
2908.0,-75.2354
2908.1,-75.2566
2908.2,-75.2776
2908.3,-75.2985
2908.4,-75.3192
2908.5,-75.3397
2908.6,-75.3601
2908.7,-75.3804
2908.8,-75.4004
2908.9,-75.4203
2909.0,-75.4401
2909.1,-75.4597
2909.2,-75.4792
2909.3,-75.4985
2909.4,-75.5177
2909.5,-75.5367
2909.6,-75.5556
2909.7,-75.5743
2909.8,-75.5929
2909.9,-75.6113
2910.0,-75.6296
2910.1,-75.6478
2910.2,-75.6658
2910.3,-75.6837
2910.4,-75.7015
2910.5,-75.7191
2910.6,-75.7366
2910.7,-75.7539
2910.8,-75.7711
2910.9,-75.7882
2911.0,-75.8051
2911.1,-75.8220
2911.2,-75.8387
2911.3,-75.8552
2911.4,-75.8716
2911.5,-75.8880
2911.6,-75.9041
2911.7,-75.9202
2911.8,-75.9361
2911.9,-75.9520
2912.0,-75.9676
2912.1,-75.9832
2912.2,-75.9987
2912.3,-76.0140
2912.4,-76.0292
2912.5,-76.0443
2912.6,-76.0593
2912.7,-76.0742
2912.8,-76.0889
2912.9,-76.1036
2913.0,-76.1181
2913.1,-76.1325
2913.2,-76.1469
2913.3,-76.1611
2913.4,-76.1751
2913.5,-76.1891
2913.6,-76.2030
2913.7,-76.2168
2913.8,-76.2304
2913.9,-76.2440
2914.0,-76.2575
2914.1,-76.2708
2914.2,-76.2841
2914.3,-76.2972
2914.4,-76.3103
2914.5,-76.3232
2914.6,-76.3361
2914.7,-76.3488
2914.8,-76.3615
2914.9,-76.3740
2915.0,-76.3865
2915.1,-76.3988
2915.2,-76.4111
2915.3,-76.4233
2915.4,-76.4354
2915.5,-76.4473
2915.6,-76.4592
2915.7,-76.4711
2915.8,-76.4828
2915.9,-76.4944
2916.0,-76.5059
2916.1,-76.5174
2916.2,-76.5287
2916.3,-76.5400
2916.4,-76.5512
2916.5,-76.5623
2916.6,-76.5733
2916.7,-76.5843
2916.8,-76.5951
2916.9,-76.6059
2917.0,-76.6166
2917.1,-76.6272
2917.2,-76.6377
2917.3,-76.6481
2917.4,-76.6585
2917.5,-76.6688
2917.6,-76.6790
2917.7,-76.6891
2917.8,-76.6991
2917.9,-76.7091
2918.0,-76.7190
2918.1,-76.7288
2918.2,-76.7385
2918.3,-76.7482
2918.4,-76.7578
2918.5,-76.7673
2918.6,-76.7768
2918.7,-76.7861
2918.8,-76.7954
2918.9,-76.8047
2919.0,-76.8138
2919.1,-76.8229
2919.2,-76.8319
2919.3,-76.8409
2919.4,-76.8498
2919.5,-76.8586
2919.6,-76.8673
2919.7,-76.8760
2919.8,-76.8846
2919.9,-76.8932
2920.0,-76.9016
2920.1,-76.9101
2920.2,-76.9184
2920.3,-76.9267
2920.4,-76.9349
2920.5,-76.9431
2920.6,-76.9512
2920.7,-76.9592
2920.8,-76.9672
2920.9,-76.9751
2921.0,-76.9830
2921.1,-76.9908
2921.2,-76.9985
2921.3,-77.0062
2921.4,-77.0138
2921.5,-77.0213
2921.6,-77.0288
2921.7,-77.0363
2921.8,-77.0437
2921.9,-77.0510
2922.0,-77.0583
2922.1,-77.0655
2922.2,-77.0726
2922.3,-77.0798
2922.4,-77.0868
2922.5,-77.0938
2922.6,-77.1007
2922.7,-77.1076
2922.8,-77.1145
2922.9,-77.1213
2923.0,-77.1280
2923.1,-77.1347
2923.2,-77.1413
2923.3,-77.1479
2923.4,-77.1544
2923.5,-77.1609
2923.6,-77.1673
2923.7,-77.1737
2923.8,-77.1800
2923.9,-77.1863
2924.0,-77.1926
2924.1,-77.1987
2924.2,-77.2049
2924.3,-77.2110
2924.4,-77.2170
2924.5,-77.2230
2924.6,-77.2290
2924.7,-77.2349
2924.8,-77.2407
2924.9,-77.2466
2925.0,-77.2523
2925.1,-77.2581
2925.2,-77.2638
2925.3,-77.2694
2925.4,-77.2750
2925.5,-77.2805
2925.6,-77.2861
2925.7,-77.2915
2925.8,-77.2970
2925.9,-77.3023
2926.0,-77.3077
2926.1,-77.3130
2926.2,-77.3183
2926.3,-77.3235
2926.4,-77.3287
2926.5,-77.3338
2926.6,-77.3389
2926.7,-77.3440
2926.8,-77.3490
2926.9,-77.3540
2927.0,-77.3590
2927.1,-77.3639
2927.2,-77.3687
2927.3,-77.3736
2927.4,-77.3784
2927.5,-77.3831
2927.6,-77.3879
2927.7,-77.3926
2927.8,-77.3972
2927.9,-77.4018
2928.0,-77.4064
2928.1,-77.4110
2928.2,-77.4155
2928.3,-77.4200
2928.4,-77.4244
2928.5,-77.4288
2928.6,-77.4332
2928.7,-77.4375
2928.8,-77.4418
2928.9,-77.4461
2929.0,-77.4504
2929.1,-77.4546
2929.2,-77.4588
2929.3,-77.4629
2929.4,-77.4670
2929.5,-77.4711
2929.6,-77.4752
2929.7,-77.4792
2929.8,-77.4832
2929.9,-77.4871
2930.0,-77.4911
2930.1,-77.4950
2930.2,-77.4988
2930.3,-77.5027
2930.4,-77.5065
2930.5,-77.5103
2930.6,-77.5140
2930.7,-77.5177
2930.8,-77.5214
2930.9,-77.5251
2931.0,-77.5287
2931.1,-77.5324
2931.2,-77.5359
2931.3,-77.5395
2931.4,-77.5430
2931.5,-77.5465
2931.6,-77.5500
2931.7,-77.5534
2931.8,-77.5569
2931.9,-77.5603
2932.0,-77.5636
2932.1,-77.5670
2932.2,-77.5703
2932.3,-77.5736
2932.4,-77.5769
2932.5,-77.5801
2932.6,-77.5833
2932.7,-77.5865
2932.8,-77.5897
2932.9,-77.5928
2933.0,-77.5959
2933.1,-77.5990
2933.2,-77.6021
2933.3,-77.6052
2933.4,-77.6082
2933.5,-77.6112
2933.6,-77.6142
2933.7,-77.6171
2933.8,-77.6201
2933.9,-77.6230
2934.0,-77.6259
2934.1,-77.6287
2934.2,-77.6316
2934.3,-77.6344
2934.4,-77.6372
2934.5,-77.6400
2934.6,-77.6427
2934.7,-77.6455
2934.8,-77.6482
2934.9,-77.6509
2935.0,-77.6536
2935.1,-77.6562
2935.2,-77.6588
2935.3,-77.6615
2935.4,-77.6641
2935.5,-77.6666
2935.6,-77.6692
2935.7,-77.6717
2935.8,-77.6742
2935.9,-77.6767
2936.0,-77.6792
2936.1,-77.6817
2936.2,-77.6841
2936.3,-77.6865
2936.4,-77.6889
2936.5,-77.6913
2936.6,-77.6937
2936.7,-77.6960
2936.8,-77.6984
2936.9,-77.7007
2937.0,-77.7030
2937.1,-77.7052
2937.2,-77.7075
2937.3,-77.7097
2937.4,-77.7120
2937.5,-77.7142
2937.6,-77.7164
2937.7,-77.7185
2937.8,-77.7207
2937.9,-77.7228
2938.0,-77.7250
2938.1,-77.7271
2938.2,-77.7292
2938.3,-77.7312
2938.4,-77.7333
2938.5,-77.7353
2938.6,-77.7374
2938.7,-77.7394
2938.8,-77.7414
2938.9,-77.7433
2939.0,-77.7453
2939.1,-77.7473
2939.2,-77.7492
2939.3,-77.7511
2939.4,-77.7530
2939.5,-77.7549
2939.6,-77.7568
2939.7,-77.7587
2939.8,-77.7605
2939.9,-77.7624
2940.0,-78.0000
2940.1,-77.9867
2940.2,-77.9735
2940.3,-77.9604
2940.4,-77.9474
2940.5,-77.9344
2940.6,-77.9216
2940.7,-77.9088
2940.8,-77.8961
2940.9,-77.8835
2941.0,-77.8710
2941.1,-77.8586
2941.2,-77.8462
2941.3,-77.8340
2941.4,-77.8218
2941.5,-77.8097
2941.6,-77.7977
2941.7,-77.7857
2941.8,-77.7738
2941.9,-77.7621
2942.0,-77.7503
2942.1,-77.7387
2942.2,-77.7272
2942.3,-77.7157
2942.4,-77.7043
2942.5,-77.6930
2942.6,-77.6817
2942.7,-77.6705
2942.8,-77.6594
2942.9,-77.6484
2943.0,-77.6375
2943.1,-77.6266
2943.2,-77.6158
2943.3,-77.6050
2943.4,-77.5944
2943.5,-77.5838
2943.6,-77.5733
2943.7,-77.5628
2943.8,-77.5524
2943.9,-77.5421
2944.0,-77.5319
2944.1,-77.5217
2944.2,-77.5116
2944.3,-77.5015
2944.4,-77.4915
2944.5,-77.4816
2944.6,-77.4718
2944.7,-77.4620
2944.8,-77.4523
2944.9,-77.4426
2945.0,-77.4331
2945.1,-77.4235
2945.2,-77.4141
2945.3,-77.4047
2945.4,-77.3954
2945.5,-77.3861
2945.6,-77.3769
2945.7,-77.3677
2945.8,-77.3586
2945.9,-77.3496
2946.0,-77.3406
2946.1,-77.3317
2946.2,-77.3229
2946.3,-77.3141
2946.4,-77.3054
2946.5,-77.2967
2946.6,-77.2881
2946.7,-77.2795
2946.8,-77.2710
2946.9,-77.2626
2947.0,-77.2542
2947.1,-77.2458
2947.2,-77.2376
2947.3,-77.2293
2947.4,-77.2212
2947.5,-77.2131
2947.6,-77.2050
2947.7,-77.1970
2947.8,-77.1890
2947.9,-77.1811
2948.0,-77.1733
2948.1,-77.1655
2948.2,-77.1578
2948.3,-77.1501
2948.4,-77.1424
2948.5,-77.1348
2948.6,-77.1273
2948.7,-77.1198
2948.8,-77.1124
2948.9,-77.1050
2949.0,-77.0976
2949.1,-77.0903
2949.2,-77.0831
2949.3,-77.0759
2949.4,-77.0687
2949.5,-77.0616
2949.6,-77.0546
2949.7,-77.0476
2949.8,-77.0406
2949.9,-77.0337
2950.0,-77.0268
2950.1,-77.0200
2950.2,-77.0132
2950.3,-77.0065
2950.4,-76.9998
2950.5,-76.9932
2950.6,-76.9866
2950.7,-76.9800
2950.8,-76.9735
2950.9,-76.9670
2951.0,-76.9606
2951.1,-76.9542
2951.2,-76.9479
2951.3,-76.9416
2951.4,-76.9353
2951.5,-76.9291
2951.6,-76.9229
2951.7,-76.9168
2951.8,-76.9107
2951.9,-76.9047
2952.0,-76.8987
2952.1,-76.8927
2952.2,-76.8868
2952.3,-76.8809
2952.4,-76.8750
2952.5,-76.8692
2952.6,-76.8634
2952.7,-76.8577
2952.8,-76.8520
2952.9,-76.8463
2953.0,-76.8407
2953.1,-76.8351
2953.2,-76.8296
2953.3,-76.8241
2953.4,-76.8186
2953.5,-76.8131
2953.6,-76.8077
2953.7,-76.8024
2953.8,-76.7970
2953.9,-76.7917
2954.0,-76.7865
2954.1,-76.7813
2954.2,-76.7761
2954.3,-76.7709
2954.4,-76.7658
2954.5,-76.7607
2954.6,-76.7556
2954.7,-76.7506
2954.8,-76.7456
2954.9,-76.7407
2955.0,-76.7358
2955.1,-76.7309
2955.2,-76.7260
2955.3,-76.7212
2955.4,-76.7164
2955.5,-76.7116
2955.6,-76.7069
2955.7,-76.7022
2955.8,-76.6975
2955.9,-76.6929
2956.0,-76.6883
2956.1,-76.6837
2956.2,-76.6792
2956.3,-76.6747
2956.4,-76.6702
2956.5,-76.6657
2956.6,-76.6613
2956.7,-76.6569
2956.8,-76.6526
2956.9,-76.6482
2957.0,-76.6439
2957.1,-76.6396
2957.2,-76.6354
2957.3,-76.6312
2957.4,-76.6270
2957.5,-76.6228
2957.6,-76.6187
2957.7,-76.6146
2957.8,-76.6105
2957.9,-76.6064
2958.0,-76.6024
2958.1,-76.5984
2958.2,-76.5944
2958.3,-76.5905
2958.4,-76.5865
2958.5,-76.5826
2958.6,-76.5788
2958.7,-76.5749
2958.8,-76.5711
2958.9,-76.5673
2959.0,-76.5635
2959.1,-76.5598
2959.2,-76.5561
2959.3,-76.5524
2959.4,-76.5487
2959.5,-76.5451
2959.6,-76.5414
2959.7,-76.5378
2959.8,-76.5343
2959.9,-76.5307
2960.0,-76.5272
2960.1,-76.5237
2960.2,-76.5202
2960.3,-76.5168
2960.4,-76.5133
2960.5,-76.5099
2960.6,-76.5065
2960.7,-76.5032
2960.8,-76.4998
2960.9,-76.4965
2961.0,-76.4932
2961.1,-76.4899
2961.2,-76.4867
2961.3,-76.4834
2961.4,-76.4802
2961.5,-76.4770
2961.6,-76.4739
2961.7,-76.4707
2961.8,-76.4676
2961.9,-76.4645
2962.0,-76.4614
2962.1,-76.4583
2962.2,-76.4553
2962.3,-76.4523
2962.4,-76.4492
2962.5,-76.4463
2962.6,-76.4433
2962.7,-76.4403
2962.8,-76.4374
2962.9,-76.4345
2963.0,-76.4316
2963.1,-76.4288
2963.2,-76.4259
2963.3,-76.4231
2963.4,-76.4203
2963.5,-76.4175
2963.6,-76.4147
2963.7,-76.4120
2963.8,-76.4092
2963.9,-76.4065
2964.0,-76.4038
2964.1,-76.4011
2964.2,-76.3984
2964.3,-76.3958
2964.4,-76.3932
2964.5,-76.3906
2964.6,-76.3880
2964.7,-76.3854
2964.8,-76.3828
2964.9,-76.3803
2965.0,-76.3778
2965.1,-76.3752
2965.2,-76.3727
2965.3,-76.3703
2965.4,-76.3678
2965.5,-76.3654
2965.6,-76.3629
2965.7,-76.3605
2965.8,-76.3581
2965.9,-76.3558
2966.0,-76.3534
2966.1,-76.3510
2966.2,-76.3487
2966.3,-76.3464
2966.4,-76.3441
2966.5,-76.3418
2966.6,-76.3395
2966.7,-76.3373
2966.8,-76.3350
2966.9,-76.3328
2967.0,-76.3306
2967.1,-76.3284
2967.2,-76.3262
2967.3,-76.3241
2967.4,-76.3219
2967.5,-76.3198
2967.6,-76.3176
2967.7,-76.3155
2967.8,-76.3134
2967.9,-76.3113
2968.0,-76.3093
2968.1,-76.3072
2968.2,-76.3052
2968.3,-76.3032
2968.4,-76.3011
2968.5,-76.2991
2968.6,-76.2971
2968.7,-76.2952
2968.8,-76.2932
2968.9,-76.2913
2969.0,-76.2893
2969.1,-76.2874
2969.2,-76.2855
2969.3,-76.2836
2969.4,-76.2817
2969.5,-76.2798
2969.6,-76.2780
2969.7,-76.2761
2969.8,-76.2743
2969.9,-76.2725
2970.0,-76.2707
2970.1,-76.2689
2970.2,-76.2671
2970.3,-76.2653
2970.4,-76.2635
2970.5,-76.2618
2970.6,-76.2601
2970.7,-76.2583
2970.8,-76.2566
2970.9,-76.2549
2971.0,-76.2532
2971.1,-76.2515
2971.2,-76.2499
2971.3,-76.2482
2971.4,-76.2466
2971.5,-76.2449
2971.6,-76.2433
2971.7,-76.2417
2971.8,-76.2401
2971.9,-76.2385
2972.0,-76.2369
2972.1,-76.2353
2972.2,-76.2337
2972.3,-76.2322
2972.4,-76.2307
2972.5,-76.2291
2972.6,-76.2276
2972.7,-76.2261
2972.8,-76.2246
2972.9,-76.2231
2973.0,-76.2216
2973.1,-76.2201
2973.2,-76.2187
2973.3,-76.2172
2973.4,-76.2158
2973.5,-76.2143
2973.6,-76.2129
2973.7,-76.2115
2973.8,-76.2101
2973.9,-76.2087
2974.0,-76.2073
2974.1,-76.2059
2974.2,-76.2046
2974.3,-76.2032
2974.4,-76.2019
2974.5,-76.2005
2974.6,-76.1992
2974.7,-76.1979
2974.8,-76.1965
2974.9,-76.1952
2975.0,-76.1939
2975.1,-76.1927
2975.2,-76.1914
2975.3,-76.1901
2975.4,-76.1888
2975.5,-76.1876
2975.6,-76.1863
2975.7,-76.1851
2975.8,-76.1839
2975.9,-76.1826
2976.0,-76.1814
2976.1,-76.1802
2976.2,-76.1790
2976.3,-76.1778
2976.4,-76.1767
2976.5,-76.1755
2976.6,-76.1743
2976.7,-76.1732
2976.8,-76.1720
2976.9,-76.1709
2977.0,-76.1697
2977.1,-76.1686
2977.2,-76.1675
2977.3,-76.1664
2977.4,-76.1653
2977.5,-76.1642
2977.6,-76.1631
2977.7,-76.1620
2977.8,-76.1609
2977.9,-76.1598
2978.0,-76.1588
2978.1,-76.1577
2978.2,-76.1567
2978.3,-76.1556
2978.4,-76.1546
2978.5,-76.1536
2978.6,-76.1526
2978.7,-76.1515
2978.8,-76.1505
2978.9,-76.1495
2979.0,-76.1485
2979.1,-76.1476
2979.2,-76.1466
2979.3,-76.1456
2979.4,-76.1446
2979.5,-76.1437
2979.6,-76.1427
2979.7,-76.1418
2979.8,-76.1408
2979.9,-76.1399
2980.0,-76.1390
2980.1,-76.1380
2980.2,-76.1371
2980.3,-76.1362
2980.4,-76.1353
2980.5,-76.1344
2980.6,-76.1335
2980.7,-76.1326
2980.8,-76.1317
2980.9,-76.1309
2981.0,-76.1300
2981.1,-76.1291
2981.2,-76.1283
2981.3,-76.1274
2981.4,-76.1266
2981.5,-76.1257
2981.6,-76.1249
2981.7,-76.1241
2981.8,-76.1233
2981.9,-76.1224
2982.0,-76.1216
2982.1,-76.1208
2982.2,-76.1200
2982.3,-76.1192
2982.4,-76.1184
2982.5,-76.1176
2982.6,-76.1169
2982.7,-76.1161
2982.8,-76.1153
2982.9,-76.1145
2983.0,-76.1138
2983.1,-76.1130
2983.2,-76.1123
2983.3,-76.1115
2983.4,-76.1108
2983.5,-76.1100
2983.6,-76.1093
2983.7,-76.1086
2983.8,-76.1079
2983.9,-76.1072
2984.0,-76.1064
2984.1,-76.1057
2984.2,-76.1050
2984.3,-76.1043
2984.4,-76.1036
2984.5,-76.1029
2984.6,-76.1023
2984.7,-76.1016
2984.8,-76.1009
2984.9,-76.1002
2985.0,-76.0996
2985.1,-76.0989
2985.2,-76.0983
2985.3,-76.0976
2985.4,-76.0970
2985.5,-76.0963
2985.6,-76.0957
2985.7,-76.0950
2985.8,-76.0944
2985.9,-76.0938
2986.0,-76.0932
2986.1,-76.0925
2986.2,-76.0919
2986.3,-76.0913
2986.4,-76.0907
2986.5,-76.0901
2986.6,-76.0895
2986.7,-76.0889
2986.8,-76.0883
2986.9,-76.0877
2987.0,-76.0871
2987.1,-76.0866
2987.2,-76.0860
2987.3,-76.0854
2987.4,-76.0849
2987.5,-76.0843
2987.6,-76.0837
2987.7,-76.0832
2987.8,-76.0826
2987.9,-76.0821
2988.0,-76.0815
2988.1,-76.0810
2988.2,-76.0804
2988.3,-76.0799
2988.4,-76.0794
2988.5,-76.0789
2988.6,-76.0783
2988.7,-76.0778
2988.8,-76.0773
2988.9,-76.0768
2989.0,-76.0763
2989.1,-76.0758
2989.2,-76.0753
2989.3,-76.0748
2989.4,-76.0743
2989.5,-76.0738
2989.6,-76.0733
2989.7,-76.0728
2989.8,-76.0723
2989.9,-76.0718
2990.0,-76.0713
2990.1,-76.0709
2990.2,-76.0704
2990.3,-76.0699
2990.4,-76.0695
2990.5,-76.0690
2990.6,-76.0686
2990.7,-76.0681
2990.8,-76.0676
2990.9,-76.0672
2991.0,-76.0667
2991.1,-76.0663
2991.2,-76.0659
2991.3,-76.0654
2991.4,-76.0650
2991.5,-76.0646
2991.6,-76.0641
2991.7,-76.0637
2991.8,-76.0633
2991.9,-76.0629
2992.0,-76.0624
2992.1,-76.0620
2992.2,-76.0616
2992.3,-76.0612
2992.4,-76.0608
2992.5,-76.0604
2992.6,-76.0600
2992.7,-76.0596
2992.8,-76.0592
2992.9,-76.0588
2993.0,-76.0584
2993.1,-76.0580
2993.2,-76.0576
2993.3,-76.0573
2993.4,-76.0569
2993.5,-76.0565
2993.6,-76.0561
2993.7,-76.0558
2993.8,-76.0554
2993.9,-76.0550
2994.0,-76.0546
2994.1,-76.0543
2994.2,-76.0539
2994.3,-76.0536
2994.4,-76.0532
2994.5,-76.0529
2994.6,-76.0525
2994.7,-76.0522
2994.8,-76.0518
2994.9,-76.0515
2995.0,-76.0511
2995.1,-76.0508
2995.2,-76.0504
2995.3,-76.0501
2995.4,-76.0498
2995.5,-76.0494
2995.6,-76.0491
2995.7,-76.0488
2995.8,-76.0485
2995.9,-76.0481
2996.0,-76.0478
2996.1,-76.0475
2996.2,-76.0472
2996.3,-76.0469
2996.4,-76.0466
2996.5,-76.0463
2996.6,-76.0460
2996.7,-76.0456
2996.8,-76.0453
2996.9,-76.0450
2997.0,-76.0447
2997.1,-76.0444
2997.2,-76.0441
2997.3,-76.0439
2997.4,-76.0436
2997.5,-76.0433
2997.6,-76.0430
2997.7,-76.0427
2997.8,-76.0424
2997.9,-76.0421
2998.0,-76.0419
2998.1,-76.0416
2998.2,-76.0413
2998.3,-76.0410
2998.4,-76.0408
2998.5,-76.0405
2998.6,-76.0402
2998.7,-76.0399
2998.8,-76.0397
2998.9,-76.0394
2999.0,-76.0392
2999.1,-76.0389
2999.2,-76.0386
2999.3,-76.0384
2999.4,-76.0381
2999.5,-76.0379
2999.6,-76.0376
2999.7,-76.0374
2999.8,-76.0371
2999.9,-76.0369
3000.0,-76.0000
3000.1,-75.9940
3000.2,-75.9880
3000.3,-75.9820
3000.4,-75.9760
3000.5,-75.9700
3000.6,-75.9640
3000.7,-75.9580
3000.8,-75.9521
3000.9,-75.9461
3001.0,-75.9401
3001.1,-75.9341
3001.2,-75.9281
3001.3,-75.9222
3001.4,-75.9162
3001.5,-75.9102
3001.6,-75.9043
3001.7,-75.8983
3001.8,-75.8923
3001.9,-75.8864
3002.0,-75.8804
3002.1,-75.8744
3002.2,-75.8685
3002.3,-75.8625
3002.4,-75.8566
3002.5,-75.8506
3002.6,-75.8447
3002.7,-75.8387
3002.8,-75.8328
3002.9,-75.8268
3003.0,-75.8209
3003.1,-75.8150
3003.2,-75.8090
3003.3,-75.8031
3003.4,-75.7972
3003.5,-75.7912
3003.6,-75.7853
3003.7,-75.7794
3003.8,-75.7734
3003.9,-75.7675
3004.0,-75.7616
3004.1,-75.7557
3004.2,-75.7498
3004.3,-75.7438
3004.4,-75.7379
3004.5,-75.7320
3004.6,-75.7261
3004.7,-75.7202
3004.8,-75.7143
3004.9,-75.7084
3005.0,-75.7025
3005.1,-75.6966
3005.2,-75.6907
3005.3,-75.6848
3005.4,-75.6789
3005.5,-75.6730
3005.6,-75.6671
3005.7,-75.6612
3005.8,-75.6553
3005.9,-75.6495
3006.0,-75.6436
3006.1,-75.6377
3006.2,-75.6318
3006.3,-75.6259
3006.4,-75.6201
3006.5,-75.6142
3006.6,-75.6083
3006.7,-75.6025
3006.8,-75.5966
3006.9,-75.5907
3007.0,-75.5849
3007.1,-75.5790
3007.2,-75.5731
3007.3,-75.5673
3007.4,-75.5614
3007.5,-75.5556
3007.6,-75.5497
3007.7,-75.5439
3007.8,-75.5380
3007.9,-75.5322
3008.0,-75.5263
3008.1,-75.5205
3008.2,-75.5147
3008.3,-75.5088
3008.4,-75.5030
3008.5,-75.4972
3008.6,-75.4913
3008.7,-75.4855
3008.8,-75.4797
3008.9,-75.4738
3009.0,-75.4680
3009.1,-75.4622
3009.2,-75.4564
3009.3,-75.4506
3009.4,-75.4447
3009.5,-75.4389
3009.6,-75.4331
3009.7,-75.4273
3009.8,-75.4215
3009.9,-75.4157
3010.0,-75.4099
3010.1,-75.4041
3010.2,-75.3983
3010.3,-75.3925
3010.4,-75.3867
3010.5,-75.3809
3010.6,-75.3751
3010.7,-75.3693
3010.8,-75.3635
3010.9,-75.3577
3011.0,-75.3520
3011.1,-75.3462
3011.2,-75.3404
3011.3,-75.3346
3011.4,-75.3288
3011.5,-75.3231
3011.6,-75.3173
3011.7,-75.3115
3011.8,-75.3057
3011.9,-75.3000
3012.0,-75.2942
3012.1,-75.2884
3012.2,-75.2827
3012.3,-75.2769
3012.4,-75.2712
3012.5,-75.2654
3012.6,-75.2597
3012.7,-75.2539
3012.8,-75.2482
3012.9,-75.2424
3013.0,-75.2367
3013.1,-75.2309
3013.2,-75.2252
3013.3,-75.2194
3013.4,-75.2137
3013.5,-75.2080
3013.6,-75.2022
3013.7,-75.1965
3013.8,-75.1908
3013.9,-75.1850
3014.0,-75.1793
3014.1,-75.1736
3014.2,-75.1678
3014.3,-75.1621
3014.4,-75.1564
3014.5,-75.1507
3014.6,-75.1450
3014.7,-75.1393
3014.8,-75.1335
3014.9,-75.1278
3015.0,-75.1221
3015.1,-75.1164
3015.2,-75.1107
3015.3,-75.1050
3015.4,-75.0993
3015.5,-75.0936
3015.6,-75.0879
3015.7,-75.0822
3015.8,-75.0765
3015.9,-75.0708
3016.0,-75.0652
3016.1,-75.0595
3016.2,-75.0538
3016.3,-75.0481
3016.4,-75.0424
3016.5,-75.0367
3016.6,-75.0311
3016.7,-75.0254
3016.8,-75.0197
3016.9,-75.0140
3017.0,-75.0084
3017.1,-75.0027
3017.2,-74.9970
3017.3,-74.9914
3017.4,-74.9857
3017.5,-74.9800
3017.6,-74.9744
3017.7,-74.9687
3017.8,-74.9631
3017.9,-74.9574
3018.0,-74.9518
3018.1,-74.9461
3018.2,-74.9405
3018.3,-74.9348
3018.4,-74.9292
3018.5,-74.9235
3018.6,-74.9179
3018.7,-74.9123
3018.8,-74.9066
3018.9,-74.9010
3019.0,-74.8953
3019.1,-74.8897
3019.2,-74.8841
3019.3,-74.8785
3019.4,-74.8728
3019.5,-74.8672
3019.6,-74.8616
3019.7,-74.8560
3019.8,-74.8504
3019.9,-74.8447
3020.0,-74.8391
3020.1,-74.8335
3020.2,-74.8279
3020.3,-74.8223
3020.4,-74.8167
3020.5,-74.8111
3020.6,-74.8055
3020.7,-74.7999
3020.8,-74.7943
3020.9,-74.7887
3021.0,-74.7831
3021.1,-74.7775
3021.2,-74.7719
3021.3,-74.7663
3021.4,-74.7607
3021.5,-74.7551
3021.6,-74.7496
3021.7,-74.7440
3021.8,-74.7384
3021.9,-74.7328
3022.0,-74.7272
3022.1,-74.7217
3022.2,-74.7161
3022.3,-74.7105
3022.4,-74.7050
3022.5,-74.6994
3022.6,-74.6938
3022.7,-74.6883
3022.8,-74.6827
3022.9,-74.6771
3023.0,-74.6716
3023.1,-74.6660
3023.2,-74.6605
3023.3,-74.6549
3023.4,-74.6494
3023.5,-74.6438
3023.6,-74.6383
3023.7,-74.6327
3023.8,-74.6272
3023.9,-74.6216
3024.0,-74.6161
3024.1,-74.6106
3024.2,-74.6050
3024.3,-74.5995
3024.4,-74.5940
3024.5,-74.5884
3024.6,-74.5829
3024.7,-74.5774
3024.8,-74.5718
3024.9,-74.5663
3025.0,-74.5608
3025.1,-74.5553
3025.2,-74.5498
3025.3,-74.5442
3025.4,-74.5387
3025.5,-74.5332
3025.6,-74.5277
3025.7,-74.5222
3025.8,-74.5167
3025.9,-74.5112
3026.0,-74.5057
3026.1,-74.5002
3026.2,-74.4947
3026.3,-74.4892
3026.4,-74.4837
3026.5,-74.4782
3026.6,-74.4727
3026.7,-74.4672
3026.8,-74.4617
3026.9,-74.4562
3027.0,-74.4508
3027.1,-74.4453
3027.2,-74.4398
3027.3,-74.4343
3027.4,-74.4288
3027.5,-74.4234
3027.6,-74.4179
3027.7,-74.4124
3027.8,-74.4070
3027.9,-74.4015
3028.0,-74.3960
3028.1,-74.3906
3028.2,-74.3851
3028.3,-74.3796
3028.4,-74.3742
3028.5,-74.3687
3028.6,-74.3633
3028.7,-74.3578
3028.8,-74.3524
3028.9,-74.3469
3029.0,-74.3415
3029.1,-74.3360
3029.2,-74.3306
3029.3,-74.3251
3029.4,-74.3197
3029.5,-74.3142
3029.6,-74.3088
3029.7,-74.3034
3029.8,-74.2979
3029.9,-74.2925
3030.0,-74.2871
3030.1,-74.2816
3030.2,-74.2762
3030.3,-74.2708
3030.4,-74.2654
3030.5,-74.2600
3030.6,-74.2545
3030.7,-74.2491
3030.8,-74.2437
3030.9,-74.2383
3031.0,-74.2329
3031.1,-74.2275
3031.2,-74.2221
3031.3,-74.2166
3031.4,-74.2112
3031.5,-74.2058
3031.6,-74.2004
3031.7,-74.1950
3031.8,-74.1896
3031.9,-74.1842
3032.0,-74.1789
3032.1,-74.1735
3032.2,-74.1681
3032.3,-74.1627
3032.4,-74.1573
3032.5,-74.1519
3032.6,-74.1465
3032.7,-74.1411
3032.8,-74.1358
3032.9,-74.1304
3033.0,-74.1250
3033.1,-74.1196
3033.2,-74.1143
3033.3,-74.1089
3033.4,-74.1035
3033.5,-74.0982
3033.6,-74.0928
3033.7,-74.0874
3033.8,-74.0821
3033.9,-74.0767
3034.0,-74.0714
3034.1,-74.0660
3034.2,-74.0606
3034.3,-74.0553
3034.4,-74.0499
3034.5,-74.0446
3034.6,-74.0392
3034.7,-74.0339
3034.8,-74.0286
3034.9,-74.0232
3035.0,-74.0179
3035.1,-74.0125
3035.2,-74.0072
3035.3,-74.0019
3035.4,-73.9965
3035.5,-73.9912
3035.6,-73.9859
3035.7,-73.9805
3035.8,-73.9752
3035.9,-73.9699
3036.0,-73.9646
3036.1,-73.9592
3036.2,-73.9539
3036.3,-73.9486
3036.4,-73.9433
3036.5,-73.9380
3036.6,-73.9327
3036.7,-73.9274
3036.8,-73.9221
3036.9,-73.9167
3037.0,-73.9114
3037.1,-73.9061
3037.2,-73.9008
3037.3,-73.8955
3037.4,-73.8902
3037.5,-73.8849
3037.6,-73.8797
3037.7,-73.8744
3037.8,-73.8691
3037.9,-73.8638
3038.0,-73.8585
3038.1,-73.8532
3038.2,-73.8479
3038.3,-73.8426
3038.4,-73.8374
3038.5,-73.8321
3038.6,-73.8268
3038.7,-73.8215
3038.8,-73.8163
3038.9,-73.8110
3039.0,-73.8057
3039.1,-73.8005
3039.2,-73.7952
3039.3,-73.7899
3039.4,-73.7847
3039.5,-73.7794
3039.6,-73.7741
3039.7,-73.7689
3039.8,-73.7636
3039.9,-73.7584
3040.0,-73.7531
3040.1,-73.7479
3040.2,-73.7426
3040.3,-73.7374
3040.4,-73.7321
3040.5,-73.7269
3040.6,-73.7216
3040.7,-73.7164
3040.8,-73.7112
3040.9,-73.7059
3041.0,-73.7007
3041.1,-73.6955
3041.2,-73.6902
3041.3,-73.6850
3041.4,-73.6798
3041.5,-73.6746
3041.6,-73.6693
3041.7,-73.6641
3041.8,-73.6589
3041.9,-73.6537
3042.0,-73.6484
3042.1,-73.6432
3042.2,-73.6380
3042.3,-73.6328
3042.4,-73.6276
3042.5,-73.6224
3042.6,-73.6172
3042.7,-73.6120
3042.8,-73.6068
3042.9,-73.6016
3043.0,-73.5964
3043.1,-73.5912
3043.2,-73.5860
3043.3,-73.5808
3043.4,-73.5756
3043.5,-73.5704
3043.6,-73.5652
3043.7,-73.5600
3043.8,-73.5548
3043.9,-73.5497
3044.0,-73.5445
3044.1,-73.5393
3044.2,-73.5341
3044.3,-73.5289
3044.4,-73.5238
3044.5,-73.5186
3044.6,-73.5134
3044.7,-73.5082
3044.8,-73.5031
3044.9,-73.4979
3045.0,-73.4927
3045.1,-73.4876
3045.2,-73.4824
3045.3,-73.4773
3045.4,-73.4721
3045.5,-73.4669
3045.6,-73.4618
3045.7,-73.4566
3045.8,-73.4515
3045.9,-73.4463
3046.0,-73.4412
3046.1,-73.4360
3046.2,-73.4309
3046.3,-73.4258
3046.4,-73.4206
3046.5,-73.4155
3046.6,-73.4103
3046.7,-73.4052
3046.8,-73.4001
3046.9,-73.3949
3047.0,-73.3898
3047.1,-73.3847
3047.2,-73.3795
3047.3,-73.3744
3047.4,-73.3693
3047.5,-73.3642
3047.6,-73.3591
3047.7,-73.3539
3047.8,-73.3488
3047.9,-73.3437
3048.0,-73.3386
3048.1,-73.3335
3048.2,-73.3284
3048.3,-73.3233
3048.4,-73.3182
3048.5,-73.3130
3048.6,-73.3079
3048.7,-73.3028
3048.8,-73.2977
3048.9,-73.2926
3049.0,-73.2875
3049.1,-73.2824
3049.2,-73.2774
3049.3,-73.2723
3049.4,-73.2672
3049.5,-73.2621
3049.6,-73.2570
3049.7,-73.2519
3049.8,-73.2468
3049.9,-73.2418
3050.0,-73.2367
3050.1,-73.2316
3050.2,-73.2265
3050.3,-73.2214
3050.4,-73.2164
3050.5,-73.2113
3050.6,-73.2062
3050.7,-73.2012
3050.8,-73.1961
3050.9,-73.1910
3051.0,-73.1860
3051.1,-73.1809
3051.2,-73.1758
3051.3,-73.1708
3051.4,-73.1657
3051.5,-73.1607
3051.6,-73.1556
3051.7,-73.1506
3051.8,-73.1455
3051.9,-73.1405
3052.0,-73.1354
3052.1,-73.1304
3052.2,-73.1253
3052.3,-73.1203
3052.4,-73.1153
3052.5,-73.1102
3052.6,-73.1052
3052.7,-73.1002
3052.8,-73.0951
3052.9,-73.0901
3053.0,-73.0851
3053.1,-73.0800
3053.2,-73.0750
3053.3,-73.0700
3053.4,-73.0650
3053.5,-73.0599
3053.6,-73.0549
3053.7,-73.0499
3053.8,-73.0449
3053.9,-73.0399
3054.0,-73.0349
3054.1,-73.0299
3054.2,-73.0248
3054.3,-73.0198
3054.4,-73.0148
3054.5,-73.0098
3054.6,-73.0048
3054.7,-72.9998
3054.8,-72.9948
3054.9,-72.9898
3055.0,-72.9848
3055.1,-72.9798
3055.2,-72.9748
3055.3,-72.9699
3055.4,-72.9649
3055.5,-72.9599
3055.6,-72.9549
3055.7,-72.9499
3055.8,-72.9449
3055.9,-72.9399
3056.0,-72.9350
3056.1,-72.9300
3056.2,-72.9250
3056.3,-72.9200
3056.4,-72.9151
3056.5,-72.9101
3056.6,-72.9051
3056.7,-72.9002
3056.8,-72.8952
3056.9,-72.8902
3057.0,-72.8853
3057.1,-72.8803
3057.2,-72.8753
3057.3,-72.8704
3057.4,-72.8654
3057.5,-72.8605
3057.6,-72.8555
3057.7,-72.8506
3057.8,-72.8456
3057.9,-72.8407
3058.0,-72.8357
3058.1,-72.8308
3058.2,-72.8258
3058.3,-72.8209
3058.4,-72.8160
3058.5,-72.8110
3058.6,-72.8061
3058.7,-72.8012
3058.8,-72.7962
3058.9,-72.7913
3059.0,-72.7864
3059.1,-72.7814
3059.2,-72.7765
3059.3,-72.7716
3059.4,-72.7667
3059.5,-72.7617
3059.6,-72.7568
3059.7,-72.7519
3059.8,-72.7470
3059.9,-72.7421
3060.0,-72.7372
3060.1,-72.7322
3060.2,-72.7273
3060.3,-72.7224
3060.4,-72.7175
3060.5,-72.7126
3060.6,-72.7077
3060.7,-72.7028
3060.8,-72.6979
3060.9,-72.6930
3061.0,-72.6881
3061.1,-72.6832
3061.2,-72.6783
3061.3,-72.6734
3061.4,-72.6685
3061.5,-72.6637
3061.6,-72.6588
3061.7,-72.6539
3061.8,-72.6490
3061.9,-72.6441
3062.0,-72.6392
3062.1,-72.6344
3062.2,-72.6295
3062.3,-72.6246
3062.4,-72.6197
3062.5,-72.6149
3062.6,-72.6100
3062.7,-72.6051
3062.8,-72.6002
3062.9,-72.5954
3063.0,-72.5905
3063.1,-72.5857
3063.2,-72.5808
3063.3,-72.5759
3063.4,-72.5711
3063.5,-72.5662
3063.6,-72.5614
3063.7,-72.5565
3063.8,-72.5517
3063.9,-72.5468
3064.0,-72.5420
3064.1,-72.5371
3064.2,-72.5323
3064.3,-72.5274
3064.4,-72.5226
3064.5,-72.5177
3064.6,-72.5129
3064.7,-72.5081
3064.8,-72.5032
3064.9,-72.4984
3065.0,-72.4936
3065.1,-72.4887
3065.2,-72.4839
3065.3,-72.4791
3065.4,-72.4743
3065.5,-72.4694
3065.6,-72.4646
3065.7,-72.4598
3065.8,-72.4550
3065.9,-72.4502
3066.0,-72.4453
3066.1,-72.4405
3066.2,-72.4357
3066.3,-72.4309
3066.4,-72.4261
3066.5,-72.4213
3066.6,-72.4165
3066.7,-72.4117
3066.8,-72.4069
3066.9,-72.4021
3067.0,-72.3973
3067.1,-72.3925
3067.2,-72.3877
3067.3,-72.3829
3067.4,-72.3781
3067.5,-72.3733
3067.6,-72.3685
3067.7,-72.3637
3067.8,-72.3589
3067.9,-72.3541
3068.0,-72.3494
3068.1,-72.3446
3068.2,-72.3398
3068.3,-72.3350
3068.4,-72.3302
3068.5,-72.3255
3068.6,-72.3207
3068.7,-72.3159
3068.8,-72.3111
3068.9,-72.3064
3069.0,-72.3016
3069.1,-72.2968
3069.2,-72.2921
3069.3,-72.2873
3069.4,-72.2825
3069.5,-72.2778
3069.6,-72.2730
3069.7,-72.2683
3069.8,-72.2635
3069.9,-72.2588
3070.0,-72.2540
3070.1,-72.2493
3070.2,-72.2445
3070.3,-72.2398
3070.4,-72.2350
3070.5,-72.2303
3070.6,-72.2255
3070.7,-72.2208
3070.8,-72.2161
3070.9,-72.2113
3071.0,-72.2066
3071.1,-72.2018
3071.2,-72.1971
3071.3,-72.1924
3071.4,-72.1876
3071.5,-72.1829
3071.6,-72.1782
3071.7,-72.1735
3071.8,-72.1687
3071.9,-72.1640
3072.0,-72.1593
3072.1,-72.1546
3072.2,-72.1499
3072.3,-72.1451
3072.4,-72.1404
3072.5,-72.1357
3072.6,-72.1310
3072.7,-72.1263
3072.8,-72.1216
3072.9,-72.1169
3073.0,-72.1122
3073.1,-72.1075
3073.2,-72.1028
3073.3,-72.0981
3073.4,-72.0934
3073.5,-72.0887
3073.6,-72.0840
3073.7,-72.0793
3073.8,-72.0746
3073.9,-72.0699
3074.0,-72.0652
3074.1,-72.0605
3074.2,-72.0558
3074.3,-72.0512
3074.4,-72.0465
3074.5,-72.0418
3074.6,-72.0371
3074.7,-72.0324
3074.8,-72.0278
3074.9,-72.0231
3075.0,-72.0184
3075.1,-72.0137
3075.2,-72.0091
3075.3,-72.0044
3075.4,-71.9997
3075.5,-71.9951
3075.6,-71.9904
3075.7,-71.9857
3075.8,-71.9811
3075.9,-71.9764
3076.0,-71.9718
3076.1,-71.9671
3076.2,-71.9625
3076.3,-71.9578
3076.4,-71.9531
3076.5,-71.9485
3076.6,-71.9438
3076.7,-71.9392
3076.8,-71.9346
3076.9,-71.9299
3077.0,-71.9253
3077.1,-71.9206
3077.2,-71.9160
3077.3,-71.9114
3077.4,-71.9067
3077.5,-71.9021
3077.6,-71.8974
3077.7,-71.8928
3077.8,-71.8882
3077.9,-71.8836
3078.0,-71.8789
3078.1,-71.8743
3078.2,-71.8697
3078.3,-71.8651
3078.4,-71.8604
3078.5,-71.8558
3078.6,-71.8512
3078.7,-71.8466
3078.8,-71.8420
3078.9,-71.8374
3079.0,-71.8327
3079.1,-71.8281
3079.2,-71.8235
3079.3,-71.8189
3079.4,-71.8143
3079.5,-71.8097
3079.6,-71.8051
3079.7,-71.8005
3079.8,-71.7959
3079.9,-71.7913
3080.0,-71.7867
3080.1,-71.7821
3080.2,-71.7775
3080.3,-71.7729
3080.4,-71.7683
3080.5,-71.7638
3080.6,-71.7592
3080.7,-71.7546
3080.8,-71.7500
3080.9,-71.7454
3081.0,-71.7408
3081.1,-71.7363
3081.2,-71.7317
3081.3,-71.7271
3081.4,-71.7225
3081.5,-71.7179
3081.6,-71.7134
3081.7,-71.7088
3081.8,-71.7042
3081.9,-71.6997
3082.0,-71.6951
3082.1,-71.6905
3082.2,-71.6860
3082.3,-71.6814
3082.4,-71.6769
3082.5,-71.6723
3082.6,-71.6677
3082.7,-71.6632
3082.8,-71.6586
3082.9,-71.6541
3083.0,-71.6495
3083.1,-71.6450
3083.2,-71.6404
3083.3,-71.6359
3083.4,-71.6313
3083.5,-71.6268
3083.6,-71.6223
3083.7,-71.6177
3083.8,-71.6132
3083.9,-71.6086
3084.0,-71.6041
3084.1,-71.5996
3084.2,-71.5950
3084.3,-71.5905
3084.4,-71.5860
3084.5,-71.5815
3084.6,-71.5769
3084.7,-71.5724
3084.8,-71.5679
3084.9,-71.5634
3085.0,-71.5588
3085.1,-71.5543
3085.2,-71.5498
3085.3,-71.5453
3085.4,-71.5408
3085.5,-71.5363
3085.6,-71.5317
3085.7,-71.5272
3085.8,-71.5227
3085.9,-71.5182
3086.0,-71.5137
3086.1,-71.5092
3086.2,-71.5047
3086.3,-71.5002
3086.4,-71.4957
3086.5,-71.4912
3086.6,-71.4867
3086.7,-71.4822
3086.8,-71.4777
3086.9,-71.4732
3087.0,-71.4687
3087.1,-71.4643
3087.2,-71.4598
3087.3,-71.4553
3087.4,-71.4508
3087.5,-71.4463
3087.6,-71.4418
3087.7,-71.4374
3087.8,-71.4329
3087.9,-71.4284
3088.0,-71.4239
3088.1,-71.4194
3088.2,-71.4150
3088.3,-71.4105
3088.4,-71.4060
3088.5,-71.4016
3088.6,-71.3971
3088.7,-71.3926
3088.8,-71.3882
3088.9,-71.3837
3089.0,-71.3793
3089.1,-71.3748
3089.2,-71.3703
3089.3,-71.3659
3089.4,-71.3614
3089.5,-71.3570
3089.6,-71.3525
3089.7,-71.3481
3089.8,-71.3436
3089.9,-71.3392
3090.0,-71.3347
3090.1,-71.3303
3090.2,-71.3258
3090.3,-71.3214
3090.4,-71.3170
3090.5,-71.3125
3090.6,-71.3081
3090.7,-71.3036
3090.8,-71.2992
3090.9,-71.2948
3091.0,-71.2904
3091.1,-71.2859
3091.2,-71.2815
3091.3,-71.2771
3091.4,-71.2726
3091.5,-71.2682
3091.6,-71.2638
3091.7,-71.2594
3091.8,-71.2550
3091.9,-71.2505
3092.0,-71.2461
3092.1,-71.2417
3092.2,-71.2373
3092.3,-71.2329
3092.4,-71.2285
3092.5,-71.2241
3092.6,-71.2197
3092.7,-71.2153
3092.8,-71.2108
3092.9,-71.2064
3093.0,-71.2020
3093.1,-71.1976
3093.2,-71.1932
3093.3,-71.1888
3093.4,-71.1845
3093.5,-71.1801
3093.6,-71.1757
3093.7,-71.1713
3093.8,-71.1669
3093.9,-71.1625
3094.0,-71.1581
3094.1,-71.1537
3094.2,-71.1493
3094.3,-71.1450
3094.4,-71.1406
3094.5,-71.1362
3094.6,-71.1318
3094.7,-71.1274
3094.8,-71.1231
3094.9,-71.1187
3095.0,-71.1143
3095.1,-71.1100
3095.2,-71.1056
3095.3,-71.1012
3095.4,-71.0969
3095.5,-71.0925
3095.6,-71.0881
3095.7,-71.0838
3095.8,-71.0794
3095.9,-71.0750
3096.0,-71.0707
3096.1,-71.0663
3096.2,-71.0620
3096.3,-71.0576
3096.4,-71.0533
3096.5,-71.0489
3096.6,-71.0446
3096.7,-71.0402
3096.8,-71.0359
3096.9,-71.0315
3097.0,-71.0272
3097.1,-71.0228
3097.2,-71.0185
3097.3,-71.0142
3097.4,-71.0098
3097.5,-71.0055
3097.6,-71.0012
3097.7,-70.9968
3097.8,-70.9925
3097.9,-70.9882
3098.0,-70.9838
3098.1,-70.9795
3098.2,-70.9752
3098.3,-70.9709
3098.4,-70.9665
3098.5,-70.9622
3098.6,-70.9579
3098.7,-70.9536
3098.8,-70.9493
3098.9,-70.9449
3099.0,-70.9406
3099.1,-70.9363
3099.2,-70.9320
3099.3,-70.9277
3099.4,-70.9234
3099.5,-70.9191
3099.6,-70.9148
3099.7,-70.9105
3099.8,-70.9062
3099.9,-70.9019
3100.0,-70.8976
3100.1,-70.8933
3100.2,-70.8890
3100.3,-70.8847
3100.4,-70.8804
3100.5,-70.8761
3100.6,-70.8718
3100.7,-70.8675
3100.8,-70.8632
3100.9,-70.8589
3101.0,-70.8546
3101.1,-70.8504
3101.2,-70.8461
3101.3,-70.8418
3101.4,-70.8375
3101.5,-70.8332
3101.6,-70.8290
3101.7,-70.8247
3101.8,-70.8204
3101.9,-70.8161
3102.0,-70.8119
3102.1,-70.8076
3102.2,-70.8033
3102.3,-70.7991
3102.4,-70.7948
3102.5,-70.7905
3102.6,-70.7863
3102.7,-70.7820
3102.8,-70.7777
3102.9,-70.7735
3103.0,-70.7692
3103.1,-70.7650
3103.2,-70.7607
3103.3,-70.7565
3103.4,-70.7522
3103.5,-70.7480
3103.6,-70.7437
3103.7,-70.7395
3103.8,-70.7352
3103.9,-70.7310
3104.0,-70.7267
3104.1,-70.7225
3104.2,-70.7183
3104.3,-70.7140
3104.4,-70.7098
3104.5,-70.7055
3104.6,-70.7013
3104.7,-70.6971
3104.8,-70.6928
3104.9,-70.6886
3105.0,-70.6844
3105.1,-70.6802
3105.2,-70.6759
3105.3,-70.6717
3105.4,-70.6675
3105.5,-70.6633
3105.6,-70.6590
3105.7,-70.6548
3105.8,-70.6506
3105.9,-70.6464
3106.0,-70.6422
3106.1,-70.6380
3106.2,-70.6337
3106.3,-70.6295
3106.4,-70.6253
3106.5,-70.6211
3106.6,-70.6169
3106.7,-70.6127
3106.8,-70.6085
3106.9,-70.6043
3107.0,-70.6001
3107.1,-70.5959
3107.2,-70.5917
3107.3,-70.5875
3107.4,-70.5833
3107.5,-70.5791
3107.6,-70.5749
3107.7,-70.5707
3107.8,-70.5665
3107.9,-70.5624
3108.0,-70.5582
3108.1,-70.5540
3108.2,-70.5498
3108.3,-70.5456
3108.4,-70.5414
3108.5,-70.5373
3108.6,-70.5331
3108.7,-70.5289
3108.8,-70.5247
3108.9,-70.5206
3109.0,-70.5164
3109.1,-70.5122
3109.2,-70.5080
3109.3,-70.5039
3109.4,-70.4997
3109.5,-70.4955
3109.6,-70.4914
3109.7,-70.4872
3109.8,-70.4831
3109.9,-70.4789
3110.0,-70.4747
3110.1,-70.4706
3110.2,-70.4664
3110.3,-70.4623
3110.4,-70.4581
3110.5,-70.4540
3110.6,-70.4498
3110.7,-70.4457
3110.8,-70.4415
3110.9,-70.4374
3111.0,-70.4332
3111.1,-70.4291
3111.2,-70.4249
3111.3,-70.4208
3111.4,-70.4167
3111.5,-70.4125
3111.6,-70.4084
3111.7,-70.4042
3111.8,-70.4001
3111.9,-70.3960
3112.0,-70.3918
3112.1,-70.3877
3112.2,-70.3836
3112.3,-70.3795
3112.4,-70.3753
3112.5,-70.3712
3112.6,-70.3671
3112.7,-70.3630
3112.8,-70.3588
3112.9,-70.3547
3113.0,-70.3506
3113.1,-70.3465
3113.2,-70.3424
3113.3,-70.3383
3113.4,-70.3341
3113.5,-70.3300
3113.6,-70.3259
3113.7,-70.3218
3113.8,-70.3177
3113.9,-70.3136
3114.0,-70.3095
3114.1,-70.3054
3114.2,-70.3013
3114.3,-70.2972
3114.4,-70.2931
3114.5,-70.2890
3114.6,-70.2849
3114.7,-70.2808
3114.8,-70.2767
3114.9,-70.2726
3115.0,-70.2685
3115.1,-70.2645
3115.2,-70.2604
3115.3,-70.2563
3115.4,-70.2522
3115.5,-70.2481
3115.6,-70.2440
3115.7,-70.2399
3115.8,-70.2359
3115.9,-70.2318
3116.0,-70.2277
3116.1,-70.2236
3116.2,-70.2196
3116.3,-70.2155
3116.4,-70.2114
3116.5,-70.2074
3116.6,-70.2033
3116.7,-70.1992
3116.8,-70.1952
3116.9,-70.1911
3117.0,-70.1870
3117.1,-70.1830
3117.2,-70.1789
3117.3,-70.1748
3117.4,-70.1708
3117.5,-70.1667
3117.6,-70.1627
3117.7,-70.1586
3117.8,-70.1546
3117.9,-70.1505
3118.0,-70.1465
3118.1,-70.1424
3118.2,-70.1384
3118.3,-70.1343
3118.4,-70.1303
3118.5,-70.1262
3118.6,-70.1222
3118.7,-70.1182
3118.8,-70.1141
3118.9,-70.1101
3119.0,-70.1060
3119.1,-70.1020
3119.2,-70.0980
3119.3,-70.0939
3119.4,-70.0899
3119.5,-70.0859
3119.6,-70.0819
3119.7,-70.0778
3119.8,-70.0738
3119.9,-70.0698
3120.0,-70.0658
3120.1,-70.0617
3120.2,-70.0577
3120.3,-70.0537
3120.4,-70.0497
3120.5,-70.0457
3120.6,-70.0417
3120.7,-70.0376
3120.8,-70.0336
3120.9,-70.0296
3121.0,-70.0256
3121.1,-70.0216
3121.2,-70.0176
3121.3,-70.0136
3121.4,-70.0096
3121.5,-70.0056
3121.6,-70.0016
3121.7,-69.9976
3121.8,-69.9936
3121.9,-69.9896
3122.0,-69.9856
3122.1,-69.9816
3122.2,-69.9776
3122.3,-69.9736
3122.4,-69.9696
3122.5,-69.9656
3122.6,-69.9616
3122.7,-69.9577
3122.8,-69.9537
3122.9,-69.9497
3123.0,-69.9457
3123.1,-69.9417
3123.2,-69.9377
3123.3,-69.9338
3123.4,-69.9298
3123.5,-69.9258
3123.6,-69.9218
3123.7,-69.9179
3123.8,-69.9139
3123.9,-69.9099
3124.0,-69.9060
3124.1,-69.9020
3124.2,-69.8980
3124.3,-69.8941
3124.4,-69.8901
3124.5,-69.8861
3124.6,-69.8822
3124.7,-69.8782
3124.8,-69.8742
3124.9,-69.8703
3125.0,-69.8663
3125.1,-69.8624
3125.2,-69.8584
3125.3,-69.8545
3125.4,-69.8505
3125.5,-69.8466
3125.6,-69.8426
3125.7,-69.8387
3125.8,-69.8347
3125.9,-69.8308
3126.0,-69.8268
3126.1,-69.8229
3126.2,-69.8190
3126.3,-69.8150
3126.4,-69.8111
3126.5,-69.8071
3126.6,-69.8032
3126.7,-69.7993
3126.8,-69.7953
3126.9,-69.7914
3127.0,-69.7875
3127.1,-69.7836
3127.2,-69.7796
3127.3,-69.7757
3127.4,-69.7718
3127.5,-69.7679
3127.6,-69.7639
3127.7,-69.7600
3127.8,-69.7561
3127.9,-69.7522
3128.0,-69.7483
3128.1,-69.7443
3128.2,-69.7404
3128.3,-69.7365
3128.4,-69.7326
3128.5,-69.7287
3128.6,-69.7248
3128.7,-69.7209
3128.8,-69.7170
3128.9,-69.7131
3129.0,-69.7092
3129.1,-69.7053
3129.2,-69.7014
3129.3,-69.6975
3129.4,-69.6936
3129.5,-69.6897
3129.6,-69.6858
3129.7,-69.6819
3129.8,-69.6780
3129.9,-69.6741
3130.0,-69.6702
3130.1,-69.6663
3130.2,-69.6624
3130.3,-69.6585
3130.4,-69.6546
3130.5,-69.6508
3130.6,-69.6469
3130.7,-69.6430
3130.8,-69.6391
3130.9,-69.6352
3131.0,-69.6314
3131.1,-69.6275
3131.2,-69.6236
3131.3,-69.6197
3131.4,-69.6159
3131.5,-69.6120
3131.6,-69.6081
3131.7,-69.6043
3131.8,-69.6004
3131.9,-69.5965
3132.0,-69.5927
3132.1,-69.5888
3132.2,-69.5849
3132.3,-69.5811
3132.4,-69.5772
3132.5,-69.5734
3132.6,-69.5695
3132.7,-69.5656
3132.8,-69.5618
3132.9,-69.5579
3133.0,-69.5541
3133.1,-69.5502
3133.2,-69.5464
3133.3,-69.5425
3133.4,-69.5387
3133.5,-69.5348
3133.6,-69.5310
3133.7,-69.5271
3133.8,-69.5233
3133.9,-69.5195
3134.0,-69.5156
3134.1,-69.5118
3134.2,-69.5080
3134.3,-69.5041
3134.4,-69.5003
3134.5,-69.4965
3134.6,-69.4926
3134.7,-69.4888
3134.8,-69.4850
3134.9,-69.4811
3135.0,-69.4773
3135.1,-69.4735
3135.2,-69.4697
3135.3,-69.4658
3135.4,-69.4620
3135.5,-69.4582
3135.6,-69.4544
3135.7,-69.4506
3135.8,-69.4467
3135.9,-69.4429
3136.0,-69.4391
3136.1,-69.4353
3136.2,-69.4315
3136.3,-69.4277
3136.4,-69.4239
3136.5,-69.4201
3136.6,-69.4163
3136.7,-69.4125
3136.8,-69.4086
3136.9,-69.4048
3137.0,-69.4010
3137.1,-69.3972
3137.2,-69.3934
3137.3,-69.3897
3137.4,-69.3859
3137.5,-69.3821
3137.6,-69.3783
3137.7,-69.3745
3137.8,-69.3707
3137.9,-69.3669
3138.0,-69.3631
3138.1,-69.3593
3138.2,-69.3555
3138.3,-69.3517
3138.4,-69.3480
3138.5,-69.3442
3138.6,-69.3404
3138.7,-69.3366
3138.8,-69.3328
3138.9,-69.3291
3139.0,-69.3253
3139.1,-69.3215
3139.2,-69.3177
3139.3,-69.3140
3139.4,-69.3102
3139.5,-69.3064
3139.6,-69.3027
3139.7,-69.2989
3139.8,-69.2951
3139.9,-69.2914
3140.0,-69.2876
3140.1,-69.2838
3140.2,-69.2801
3140.3,-69.2763
3140.4,-69.2726
3140.5,-69.2688
3140.6,-69.2651
3140.7,-69.2613
3140.8,-69.2575
3140.9,-69.2538
3141.0,-69.2500
3141.1,-69.2463
3141.2,-69.2425
3141.3,-69.2388
3141.4,-69.2351
3141.5,-69.2313
3141.6,-69.2276
3141.7,-69.2238
3141.8,-69.2201
3141.9,-69.2163
3142.0,-69.2126
3142.1,-69.2089
3142.2,-69.2051
3142.3,-69.2014
3142.4,-69.1977
3142.5,-69.1939
3142.6,-69.1902
3142.7,-69.1865
3142.8,-69.1827
3142.9,-69.1790
3143.0,-69.1753
3143.1,-69.1716
3143.2,-69.1678
3143.3,-69.1641
3143.4,-69.1604
3143.5,-69.1567
3143.6,-69.1530
3143.7,-69.1492
3143.8,-69.1455
3143.9,-69.1418
3144.0,-69.1381
3144.1,-69.1344
3144.2,-69.1307
3144.3,-69.1270
3144.4,-69.1233
3144.5,-69.1196
3144.6,-69.1158
3144.7,-69.1121
3144.8,-69.1084
3144.9,-69.1047
3145.0,-69.1010
3145.1,-69.0973
3145.2,-69.0936
3145.3,-69.0899
3145.4,-69.0862
3145.5,-69.0825
3145.6,-69.0789
3145.7,-69.0752
3145.8,-69.0715
3145.9,-69.0678
3146.0,-69.0641
3146.1,-69.0604
3146.2,-69.0567
3146.3,-69.0530
3146.4,-69.0494
3146.5,-69.0457
3146.6,-69.0420
3146.7,-69.0383
3146.8,-69.0346
3146.9,-69.0310
3147.0,-69.0273
3147.1,-69.0236
3147.2,-69.0199
3147.3,-69.0163
3147.4,-69.0126
3147.5,-69.0089
3147.6,-69.0052
3147.7,-69.0016
3147.8,-68.9979
3147.9,-68.9942
3148.0,-68.9906
3148.1,-68.9869
3148.2,-68.9833
3148.3,-68.9796
3148.4,-68.9759
3148.5,-68.9723
3148.6,-68.9686
3148.7,-68.9650
3148.8,-68.9613
3148.9,-68.9577
3149.0,-68.9540
3149.1,-68.9504
3149.2,-68.9467
3149.3,-68.9431
3149.4,-68.9394
3149.5,-68.9358
3149.6,-68.9321
3149.7,-68.9285
3149.8,-68.9248
3149.9,-68.9212
3150.0,-68.9176
3150.1,-68.9139
3150.2,-68.9103
3150.3,-68.9066
3150.4,-68.9030
3150.5,-68.8994
3150.6,-68.8957
3150.7,-68.8921
3150.8,-68.8885
3150.9,-68.8848
3151.0,-68.8812
3151.1,-68.8776
3151.2,-68.8740
3151.3,-68.8703
3151.4,-68.8667
3151.5,-68.8631
3151.6,-68.8595
3151.7,-68.8559
3151.8,-68.8522
3151.9,-68.8486
3152.0,-68.8450
3152.1,-68.8414
3152.2,-68.8378
3152.3,-68.8342
3152.4,-68.8306
3152.5,-68.8270
3152.6,-68.8233
3152.7,-68.8197
3152.8,-68.8161
3152.9,-68.8125
3153.0,-68.8089
3153.1,-68.8053
3153.2,-68.8017
3153.3,-68.7981
3153.4,-68.7945
3153.5,-68.7909
3153.6,-68.7873
3153.7,-68.7837
3153.8,-68.7801
3153.9,-68.7765
3154.0,-68.7730
3154.1,-68.7694
3154.2,-68.7658
3154.3,-68.7622
3154.4,-68.7586
3154.5,-68.7550
3154.6,-68.7514
3154.7,-68.7478
3154.8,-68.7443
3154.9,-68.7407
3155.0,-68.7371
3155.1,-68.7335
3155.2,-68.7299
3155.3,-68.7264
3155.4,-68.7228
3155.5,-68.7192
3155.6,-68.7156
3155.7,-68.7121
3155.8,-68.7085
3155.9,-68.7049
3156.0,-68.7014
3156.1,-68.6978
3156.2,-68.6942
3156.3,-68.6907
3156.4,-68.6871
3156.5,-68.6835
3156.6,-68.6800
3156.7,-68.6764
3156.8,-68.6729
3156.9,-68.6693
3157.0,-68.6658
3157.1,-68.6622
3157.2,-68.6586
3157.3,-68.6551
3157.4,-68.6515
3157.5,-68.6480
3157.6,-68.6444
3157.7,-68.6409
3157.8,-68.6374
3157.9,-68.6338
3158.0,-68.6303
3158.1,-68.6267
3158.2,-68.6232
3158.3,-68.6196
3158.4,-68.6161
3158.5,-68.6126
3158.6,-68.6090
3158.7,-68.6055
3158.8,-68.6020
3158.9,-68.5984
3159.0,-68.5949
3159.1,-68.5914
3159.2,-68.5878
3159.3,-68.5843
3159.4,-68.5808
3159.5,-68.5772
3159.6,-68.5737
3159.7,-68.5702
3159.8,-68.5667
3159.9,-68.5632
3160.0,-68.5596
3160.1,-68.5561
3160.2,-68.5526
3160.3,-68.5491
3160.4,-68.5456
3160.5,-68.5420
3160.6,-68.5385
3160.7,-68.5350
3160.8,-68.5315
3160.9,-68.5280
3161.0,-68.5245
3161.1,-68.5210
3161.2,-68.5175
3161.3,-68.5140
3161.4,-68.5105
3161.5,-68.5070
3161.6,-68.5035
3161.7,-68.5000
3161.8,-68.4965
3161.9,-68.4930
3162.0,-68.4895
3162.1,-68.4860
3162.2,-68.4825
3162.3,-68.4790
3162.4,-68.4755
3162.5,-68.4720
3162.6,-68.4685
3162.7,-68.4650
3162.8,-68.4615
3162.9,-68.4580
3163.0,-68.4546
3163.1,-68.4511
3163.2,-68.4476
3163.3,-68.4441
3163.4,-68.4406
3163.5,-68.4372
3163.6,-68.4337
3163.7,-68.4302
3163.8,-68.4267
3163.9,-68.4232
3164.0,-68.4198
3164.1,-68.4163
3164.2,-68.4128
3164.3,-68.4094
3164.4,-68.4059
3164.5,-68.4024
3164.6,-68.3990
3164.7,-68.3955
3164.8,-68.3920
3164.9,-68.3886
3165.0,-68.3851
3165.1,-68.3816
3165.2,-68.3782
3165.3,-68.3747
3165.4,-68.3713
3165.5,-68.3678
3165.6,-68.3643
3165.7,-68.3609
3165.8,-68.3574
3165.9,-68.3540
3166.0,-68.3505
3166.1,-68.3471
3166.2,-68.3436
3166.3,-68.3402
3166.4,-68.3367
3166.5,-68.3333
3166.6,-68.3299
3166.7,-68.3264
3166.8,-68.3230
3166.9,-68.3195
3167.0,-68.3161
3167.1,-68.3127
3167.2,-68.3092
3167.3,-68.3058
3167.4,-68.3023
3167.5,-68.2989
3167.6,-68.2955
3167.7,-68.2921
3167.8,-68.2886
3167.9,-68.2852
3168.0,-68.2818
3168.1,-68.2783
3168.2,-68.2749
3168.3,-68.2715
3168.4,-68.2681
3168.5,-68.2646
3168.6,-68.2612
3168.7,-68.2578
3168.8,-68.2544
3168.9,-68.2510
3169.0,-68.2475
3169.1,-68.2441
3169.2,-68.2407
3169.3,-68.2373
3169.4,-68.2339
3169.5,-68.2305
3169.6,-68.2271
3169.7,-68.2237
3169.8,-68.2203
3169.9,-68.2169
3170.0,-68.2134
3170.1,-68.2100
3170.2,-68.2066
3170.3,-68.2032
3170.4,-68.1998
3170.5,-68.1964
3170.6,-68.1930
3170.7,-68.1896
3170.8,-68.1862
3170.9,-68.1829
3171.0,-68.1795
3171.1,-68.1761
3171.2,-68.1727
3171.3,-68.1693
3171.4,-68.1659
3171.5,-68.1625
3171.6,-68.1591
3171.7,-68.1557
3171.8,-68.1523
3171.9,-68.1490
3172.0,-68.1456
3172.1,-68.1422
3172.2,-68.1388
3172.3,-68.1354
3172.4,-68.1321
3172.5,-68.1287
3172.6,-68.1253
3172.7,-68.1219
3172.8,-68.1186
3172.9,-68.1152
3173.0,-68.1118
3173.1,-68.1085
3173.2,-68.1051
3173.3,-68.1017
3173.4,-68.0983
3173.5,-68.0950
3173.6,-68.0916
3173.7,-68.0883
3173.8,-68.0849
3173.9,-68.0815
3174.0,-68.0782
3174.1,-68.0748
3174.2,-68.0715
3174.3,-68.0681
3174.4,-68.0647
3174.5,-68.0614
3174.6,-68.0580
3174.7,-68.0547
3174.8,-68.0513
3174.9,-68.0480
3175.0,-68.0446
3175.1,-68.0413
3175.2,-68.0379
3175.3,-68.0346
3175.4,-68.0312
3175.5,-68.0279
3175.6,-68.0246
3175.7,-68.0212
3175.8,-68.0179
3175.9,-68.0145
3176.0,-68.0112
3176.1,-68.0079
3176.2,-68.0045
3176.3,-68.0012
3176.4,-67.9979
3176.5,-67.9945
3176.6,-67.9912
3176.7,-67.9879
3176.8,-67.9845
3176.9,-67.9812
3177.0,-67.9779
3177.1,-67.9746
3177.2,-67.9712
3177.3,-67.9679
3177.4,-67.9646
3177.5,-67.9613
3177.6,-67.9580
3177.7,-67.9546
3177.8,-67.9513
3177.9,-67.9480
3178.0,-67.9447
3178.1,-67.9414
3178.2,-67.9381
3178.3,-67.9347
3178.4,-67.9314
3178.5,-67.9281
3178.6,-67.9248
3178.7,-67.9215
3178.8,-67.9182
3178.9,-67.9149
3179.0,-67.9116
3179.1,-67.9083
3179.2,-67.9050
3179.3,-67.9017
3179.4,-67.8984
3179.5,-67.8951
3179.6,-67.8918
3179.7,-67.8885
3179.8,-67.8852
3179.9,-67.8819
3180.0,-67.8786
3180.1,-67.8753
3180.2,-67.8720
3180.3,-67.8687
3180.4,-67.8654
3180.5,-67.8622
3180.6,-67.8589
3180.7,-67.8556
3180.8,-67.8523
3180.9,-67.8490
3181.0,-67.8457
3181.1,-67.8425
3181.2,-67.8392
3181.3,-67.8359
3181.4,-67.8326
3181.5,-67.8293
3181.6,-67.8261
3181.7,-67.8228
3181.8,-67.8195
3181.9,-67.8162
3182.0,-67.8130
3182.1,-67.8097
3182.2,-67.8064
3182.3,-67.8032
3182.4,-67.7999
3182.5,-67.7966
3182.6,-67.7934
3182.7,-67.7901
3182.8,-67.7868
3182.9,-67.7836
3183.0,-67.7803
3183.1,-67.7771
3183.2,-67.7738
3183.3,-67.7705
3183.4,-67.7673
3183.5,-67.7640
3183.6,-67.7608
3183.7,-67.7575
3183.8,-67.7543
3183.9,-67.7510
3184.0,-67.7478
3184.1,-67.7445
3184.2,-67.7413
3184.3,-67.7380
3184.4,-67.7348
3184.5,-67.7315
3184.6,-67.7283
3184.7,-67.7251
3184.8,-67.7218
3184.9,-67.7186
3185.0,-67.7153
3185.1,-67.7121
3185.2,-67.7089
3185.3,-67.7056
3185.4,-67.7024
3185.5,-67.6992
3185.6,-67.6959
3185.7,-67.6927
3185.8,-67.6895
3185.9,-67.6862
3186.0,-67.6830
3186.1,-67.6798
3186.2,-67.6765
3186.3,-67.6733
3186.4,-67.6701
3186.5,-67.6669
3186.6,-67.6637
3186.7,-67.6604
3186.8,-67.6572
3186.9,-67.6540
3187.0,-67.6508
3187.1,-67.6476
3187.2,-67.6443
3187.3,-67.6411
3187.4,-67.6379
3187.5,-67.6347
3187.6,-67.6315
3187.7,-67.6283
3187.8,-67.6251
3187.9,-67.6219
3188.0,-67.6187
3188.1,-67.6155
3188.2,-67.6123
3188.3,-67.6090
3188.4,-67.6058
3188.5,-67.6026
3188.6,-67.5994
3188.7,-67.5962
3188.8,-67.5930
3188.9,-67.5898
3189.0,-67.5867
3189.1,-67.5835
3189.2,-67.5803
3189.3,-67.5771
3189.4,-67.5739
3189.5,-67.5707
3189.6,-67.5675
3189.7,-67.5643
3189.8,-67.5611
3189.9,-67.5579
3190.0,-67.5548
3190.1,-67.5516
3190.2,-67.5484
3190.3,-67.5452
3190.4,-67.5420
3190.5,-67.5388
3190.6,-67.5357
3190.7,-67.5325
3190.8,-67.5293
3190.9,-67.5261
3191.0,-67.5230
3191.1,-67.5198
3191.2,-67.5166
3191.3,-67.5134
3191.4,-67.5103
3191.5,-67.5071
3191.6,-67.5039
3191.7,-67.5008
3191.8,-67.4976
3191.9,-67.4944
3192.0,-67.4913
3192.1,-67.4881
3192.2,-67.4849
3192.3,-67.4818
3192.4,-67.4786
3192.5,-67.4755
3192.6,-67.4723
3192.7,-67.4691
3192.8,-67.4660
3192.9,-67.4628
3193.0,-67.4597
3193.1,-67.4565
3193.2,-67.4534
3193.3,-67.4502
3193.4,-67.4471
3193.5,-67.4439
3193.6,-67.4408
3193.7,-67.4376
3193.8,-67.4345
3193.9,-67.4313
3194.0,-67.4282
3194.1,-67.4251
3194.2,-67.4219
3194.3,-67.4188
3194.4,-67.4156
3194.5,-67.4125
3194.6,-67.4094
3194.7,-67.4062
3194.8,-67.4031
3194.9,-67.4000
3195.0,-67.3968
3195.1,-67.3937
3195.2,-67.3906
3195.3,-67.3874
3195.4,-67.3843
3195.5,-67.3812
3195.6,-67.3780
3195.7,-67.3749
3195.8,-67.3718
3195.9,-67.3687
3196.0,-67.3656
3196.1,-67.3624
3196.2,-67.3593
3196.3,-67.3562
3196.4,-67.3531
3196.5,-67.3500
3196.6,-67.3468
3196.7,-67.3437
3196.8,-67.3406
3196.9,-67.3375
3197.0,-67.3344
3197.1,-67.3313
3197.2,-67.3282
3197.3,-67.3251
3197.4,-67.3219
3197.5,-67.3188
3197.6,-67.3157
3197.7,-67.3126
3197.8,-67.3095
3197.9,-67.3064
3198.0,-67.3033
3198.1,-67.3002
3198.2,-67.2971
3198.3,-67.2940
3198.4,-67.2909
3198.5,-67.2878
3198.6,-67.2847
3198.7,-67.2816
3198.8,-67.2785
3198.9,-67.2755
3199.0,-67.2724
3199.1,-67.2693
3199.2,-67.2662
3199.3,-67.2631
3199.4,-67.2600
3199.5,-67.2569
3199.6,-67.2538
3199.7,-67.2508
3199.8,-67.2477
3199.9,-67.2446
3200.0,-67.2415
3200.1,-67.2384
3200.2,-67.2353
3200.3,-67.2323
3200.4,-67.2292
3200.5,-67.2261
3200.6,-67.2230
3200.7,-67.2200
3200.8,-67.2169
3200.9,-67.2138
3201.0,-67.2108
3201.1,-67.2077
3201.2,-67.2046
3201.3,-67.2015
3201.4,-67.1985
3201.5,-67.1954
3201.6,-67.1924
3201.7,-67.1893
3201.8,-67.1862
3201.9,-67.1832
3202.0,-67.1801
3202.1,-67.1770
3202.2,-67.1740
3202.3,-67.1709
3202.4,-67.1679
3202.5,-67.1648
3202.6,-67.1618
3202.7,-67.1587
3202.8,-67.1557
3202.9,-67.1526
3203.0,-67.1496
3203.1,-67.1465
3203.2,-67.1435
3203.3,-67.1404
3203.4,-67.1374
3203.5,-67.1343
3203.6,-67.1313
3203.7,-67.1282
3203.8,-67.1252
3203.9,-67.1221
3204.0,-67.1191
3204.1,-67.1161
3204.2,-67.1130
3204.3,-67.1100
3204.4,-67.1070
3204.5,-67.1039
3204.6,-67.1009
3204.7,-67.0979
3204.8,-67.0948
3204.9,-67.0918
3205.0,-67.0888
3205.1,-67.0857
3205.2,-67.0827
3205.3,-67.0797
3205.4,-67.0766
3205.5,-67.0736
3205.6,-67.0706
3205.7,-67.0676
3205.8,-67.0646
3205.9,-67.0615
3206.0,-67.0585
3206.1,-67.0555
3206.2,-67.0525
3206.3,-67.0495
3206.4,-67.0464
3206.5,-67.0434
3206.6,-67.0404
3206.7,-67.0374
3206.8,-67.0344
3206.9,-67.0314
3207.0,-67.0284
3207.1,-67.0254
3207.2,-67.0224
3207.3,-67.0193
3207.4,-67.0163
3207.5,-67.0133
3207.6,-67.0103
3207.7,-67.0073
3207.8,-67.0043
3207.9,-67.0013
3208.0,-66.9983
3208.1,-66.9953
3208.2,-66.9923
3208.3,-66.9893
3208.4,-66.9863
3208.5,-66.9833
3208.6,-66.9803
3208.7,-66.9774
3208.8,-66.9744
3208.9,-66.9714
3209.0,-66.9684
3209.1,-66.9654
3209.2,-66.9624
3209.3,-66.9594
3209.4,-66.9564
3209.5,-66.9534
3209.6,-66.9505
3209.7,-66.9475
3209.8,-66.9445
3209.9,-66.9415
3210.0,-66.9385
3210.1,-66.9356
3210.2,-66.9326
3210.3,-66.9296
3210.4,-66.9266
3210.5,-66.9237
3210.6,-66.9207
3210.7,-66.9177
3210.8,-66.9147
3210.9,-66.9118
3211.0,-66.9088
3211.1,-66.9058
3211.2,-66.9029
3211.3,-66.8999
3211.4,-66.8969
3211.5,-66.8940
3211.6,-66.8910
3211.7,-66.8880
3211.8,-66.8851
3211.9,-66.8821
3212.0,-66.8791
3212.1,-66.8762
3212.2,-66.8732
3212.3,-66.8703
3212.4,-66.8673
3212.5,-66.8644
3212.6,-66.8614
3212.7,-66.8584
3212.8,-66.8555
3212.9,-66.8525
3213.0,-66.8496
3213.1,-66.8466
3213.2,-66.8437
3213.3,-66.8408
3213.4,-66.8378
3213.5,-66.8349
3213.6,-66.8319
3213.7,-66.8290
3213.8,-66.8260
3213.9,-66.8231
3214.0,-66.8201
3214.1,-66.8172
3214.2,-66.8143
3214.3,-66.8113
3214.4,-66.8084
3214.5,-66.8055
3214.6,-66.8025
3214.7,-66.7996
3214.8,-66.7967
3214.9,-66.7937
3215.0,-66.7908
3215.1,-66.7879
3215.2,-66.7849
3215.3,-66.7820
3215.4,-66.7791
3215.5,-66.7762
3215.6,-66.7732
3215.7,-66.7703
3215.8,-66.7674
3215.9,-66.7645
3216.0,-66.7615
3216.1,-66.7586
3216.2,-66.7557
3216.3,-66.7528
3216.4,-66.7499
3216.5,-66.7470
3216.6,-66.7440
3216.7,-66.7411
3216.8,-66.7382
3216.9,-66.7353
3217.0,-66.7324
3217.1,-66.7295
3217.2,-66.7266
3217.3,-66.7237
3217.4,-66.7207
3217.5,-66.7178
3217.6,-66.7149
3217.7,-66.7120
3217.8,-66.7091
3217.9,-66.7062
3218.0,-66.7033
3218.1,-66.7004
3218.2,-66.6975
3218.3,-66.6946
3218.4,-66.6917
3218.5,-66.6888
3218.6,-66.6859
3218.7,-66.6830
3218.8,-66.6801
3218.9,-66.6773
3219.0,-66.6744
3219.1,-66.6715
3219.2,-66.6686
3219.3,-66.6657
3219.4,-66.6628
3219.5,-66.6599
3219.6,-66.6570
3219.7,-66.6541
3219.8,-66.6513
3219.9,-66.6484
3220.0,-66.6455
3220.1,-66.6426
3220.2,-66.6397
3220.3,-66.6369
3220.4,-66.6340
3220.5,-66.6311
3220.6,-66.6282
3220.7,-66.6253
3220.8,-66.6225
3220.9,-66.6196
3221.0,-66.6167
3221.1,-66.6139
3221.2,-66.6110
3221.3,-66.6081
3221.4,-66.6052
3221.5,-66.6024
3221.6,-66.5995
3221.7,-66.5966
3221.8,-66.5938
3221.9,-66.5909
3222.0,-66.5881
3222.1,-66.5852
3222.2,-66.5823
3222.3,-66.5795
3222.4,-66.5766
3222.5,-66.5737
3222.6,-66.5709
3222.7,-66.5680
3222.8,-66.5652
3222.9,-66.5623
3223.0,-66.5595
3223.1,-66.5566
3223.2,-66.5538
3223.3,-66.5509
3223.4,-66.5481
3223.5,-66.5452
3223.6,-66.5424
3223.7,-66.5395
3223.8,-66.5367
3223.9,-66.5338
3224.0,-66.5310
3224.1,-66.5281
3224.2,-66.5253
3224.3,-66.5225
3224.4,-66.5196
3224.5,-66.5168
3224.6,-66.5139
3224.7,-66.5111
3224.8,-66.5083
3224.9,-66.5054
3225.0,-66.5026
3225.1,-66.4998
3225.2,-66.4969
3225.3,-66.4941
3225.4,-66.4913
3225.5,-66.4884
3225.6,-66.4856
3225.7,-66.4828
3225.8,-66.4800
3225.9,-66.4771
3226.0,-66.4743
3226.1,-66.4715
3226.2,-66.4687
3226.3,-66.4658
3226.4,-66.4630
3226.5,-66.4602
3226.6,-66.4574
3226.7,-66.4546
3226.8,-66.4517
3226.9,-66.4489
3227.0,-66.4461
3227.1,-66.4433
3227.2,-66.4405
3227.3,-66.4377
3227.4,-66.4348
3227.5,-66.4320
3227.6,-66.4292
3227.7,-66.4264
3227.8,-66.4236
3227.9,-66.4208
3228.0,-66.4180
3228.1,-66.4152
3228.2,-66.4124
3228.3,-66.4096
3228.4,-66.4068
3228.5,-66.4040
3228.6,-66.4012
3228.7,-66.3984
3228.8,-66.3956
3228.9,-66.3928
3229.0,-66.3900
3229.1,-66.3872
3229.2,-66.3844
3229.3,-66.3816
3229.4,-66.3788
3229.5,-66.3760
3229.6,-66.3732
3229.7,-66.3704
3229.8,-66.3676
3229.9,-66.3649
3230.0,-66.3621
3230.1,-66.3593
3230.2,-66.3565
3230.3,-66.3537
3230.4,-66.3509
3230.5,-66.3481
3230.6,-66.3454
3230.7,-66.3426
3230.8,-66.3398
3230.9,-66.3370
3231.0,-66.3342
3231.1,-66.3315
3231.2,-66.3287
3231.3,-66.3259
3231.4,-66.3231
3231.5,-66.3204
3231.6,-66.3176
3231.7,-66.3148
3231.8,-66.3120
3231.9,-66.3093
3232.0,-66.3065
3232.1,-66.3037
3232.2,-66.3010
3232.3,-66.2982
3232.4,-66.2954
3232.5,-66.2927
3232.6,-66.2899
3232.7,-66.2871
3232.8,-66.2844
3232.9,-66.2816
3233.0,-66.2789
3233.1,-66.2761
3233.2,-66.2733
3233.3,-66.2706
3233.4,-66.2678
3233.5,-66.2651
3233.6,-66.2623
3233.7,-66.2596
3233.8,-66.2568
3233.9,-66.2541
3234.0,-66.2513
3234.1,-66.2486
3234.2,-66.2458
3234.3,-66.2431
3234.4,-66.2403
3234.5,-66.2376
3234.6,-66.2348
3234.7,-66.2321
3234.8,-66.2293
3234.9,-66.2266
3235.0,-66.2238
3235.1,-66.2211
3235.2,-66.2184
3235.3,-66.2156
3235.4,-66.2129
3235.5,-66.2102
3235.6,-66.2074
3235.7,-66.2047
3235.8,-66.2019
3235.9,-66.1992
3236.0,-66.1965
3236.1,-66.1938
3236.2,-66.1910
3236.3,-66.1883
3236.4,-66.1856
3236.5,-66.1828
3236.6,-66.1801
3236.7,-66.1774
3236.8,-66.1747
3236.9,-66.1719
3237.0,-66.1692
3237.1,-66.1665
3237.2,-66.1638
3237.3,-66.1610
3237.4,-66.1583
3237.5,-66.1556
3237.6,-66.1529
3237.7,-66.1502
3237.8,-66.1475
3237.9,-66.1447
3238.0,-66.1420
3238.1,-66.1393
3238.2,-66.1366
3238.3,-66.1339
3238.4,-66.1312
3238.5,-66.1285
3238.6,-66.1258
3238.7,-66.1230
3238.8,-66.1203
3238.9,-66.1176
3239.0,-66.1149
3239.1,-66.1122
3239.2,-66.1095
3239.3,-66.1068
3239.4,-66.1041
3239.5,-66.1014
3239.6,-66.0987
3239.7,-66.0960
3239.8,-66.0933
3239.9,-66.0906
3240.0,-66.0879
3240.1,-66.0852
3240.2,-66.0825
3240.3,-66.0798
3240.4,-66.0771
3240.5,-66.0745
3240.6,-66.0718
3240.7,-66.0691
3240.8,-66.0664
3240.9,-66.0637
3241.0,-66.0610
3241.1,-66.0583
3241.2,-66.0556
3241.3,-66.0529
3241.4,-66.0503
3241.5,-66.0476
3241.6,-66.0449
3241.7,-66.0422
3241.8,-66.0395
3241.9,-66.0369
3242.0,-66.0342
3242.1,-66.0315
3242.2,-66.0288
3242.3,-66.0262
3242.4,-66.0235
3242.5,-66.0208
3242.6,-66.0181
3242.7,-66.0155
3242.8,-66.0128
3242.9,-66.0101
3243.0,-66.0074
3243.1,-66.0048
3243.2,-66.0021
3243.3,-65.9994
3243.4,-65.9968
3243.5,-65.9941
3243.6,-65.9914
3243.7,-65.9888
3243.8,-65.9861
3243.9,-65.9835
3244.0,-65.9808
3244.1,-65.9781
3244.2,-65.9755
3244.3,-65.9728
3244.4,-65.9702
3244.5,-65.9675
3244.6,-65.9649
3244.7,-65.9622
3244.8,-65.9595
3244.9,-65.9569
3245.0,-65.9542
3245.1,-65.9516
3245.2,-65.9489
3245.3,-65.9463
3245.4,-65.9436
3245.5,-65.9410
3245.6,-65.9383
3245.7,-65.9357
3245.8,-65.9331
3245.9,-65.9304
3246.0,-65.9278
3246.1,-65.9251
3246.2,-65.9225
3246.3,-65.9198
3246.4,-65.9172
3246.5,-65.9146
3246.6,-65.9119
3246.7,-65.9093
3246.8,-65.9067
3246.9,-65.9040
3247.0,-65.9014
3247.1,-65.8988
3247.2,-65.8961
3247.3,-65.8935
3247.4,-65.8909
3247.5,-65.8882
3247.6,-65.8856
3247.7,-65.8830
3247.8,-65.8803
3247.9,-65.8777
3248.0,-65.8751
3248.1,-65.8725
3248.2,-65.8698
3248.3,-65.8672
3248.4,-65.8646
3248.5,-65.8620
3248.6,-65.8594
3248.7,-65.8567
3248.8,-65.8541
3248.9,-65.8515
3249.0,-65.8489
3249.1,-65.8463
3249.2,-65.8437
3249.3,-65.8410
3249.4,-65.8384
3249.5,-65.8358
3249.6,-65.8332
3249.7,-65.8306
3249.8,-65.8280
3249.9,-65.8254
3250.0,-65.8228
3250.1,-65.8202
3250.2,-65.8176
3250.3,-65.8149
3250.4,-65.8123
3250.5,-65.8097
3250.6,-65.8071
3250.7,-65.8045
3250.8,-65.8019
3250.9,-65.7993
3251.0,-65.7967
3251.1,-65.7941
3251.2,-65.7915
3251.3,-65.7889
3251.4,-65.7863
3251.5,-65.7838
3251.6,-65.7812
3251.7,-65.7786
3251.8,-65.7760
3251.9,-65.7734
3252.0,-65.7708
3252.1,-65.7682
3252.2,-65.7656
3252.3,-65.7630
3252.4,-65.7604
3252.5,-65.7578
3252.6,-65.7553
3252.7,-65.7527
3252.8,-65.7501
3252.9,-65.7475
3253.0,-65.7449
3253.1,-65.7423
3253.2,-65.7398
3253.3,-65.7372
3253.4,-65.7346
3253.5,-65.7320
3253.6,-65.7295
3253.7,-65.7269
3253.8,-65.7243
3253.9,-65.7217
3254.0,-65.7192
3254.1,-65.7166
3254.2,-65.7140
3254.3,-65.7114
3254.4,-65.7089
3254.5,-65.7063
3254.6,-65.7037
3254.7,-65.7012
3254.8,-65.6986
3254.9,-65.6960
3255.0,-65.6935
3255.1,-65.6909
3255.2,-65.6883
3255.3,-65.6858
3255.4,-65.6832
3255.5,-65.6807
3255.6,-65.6781
3255.7,-65.6755
3255.8,-65.6730
3255.9,-65.6704
3256.0,-65.6679
3256.1,-65.6653
3256.2,-65.6628
3256.3,-65.6602
3256.4,-65.6576
3256.5,-65.6551
3256.6,-65.6525
3256.7,-65.6500
3256.8,-65.6474
3256.9,-65.6449
3257.0,-65.6423
3257.1,-65.6398
3257.2,-65.6373
3257.3,-65.6347
3257.4,-65.6322
3257.5,-65.6296
3257.6,-65.6271
3257.7,-65.6245
3257.8,-65.6220
3257.9,-65.6195
3258.0,-65.6169
3258.1,-65.6144
3258.2,-65.6118
3258.3,-65.6093
3258.4,-65.6068
3258.5,-65.6042
3258.6,-65.6017
3258.7,-65.5992
3258.8,-65.5966
3258.9,-65.5941
3259.0,-65.5916
3259.1,-65.5890
3259.2,-65.5865
3259.3,-65.5840
3259.4,-65.5815
3259.5,-65.5789
3259.6,-65.5764
3259.7,-65.5739
3259.8,-65.5714
3259.9,-65.5688
3260.0,-65.5663
3260.1,-65.5638
3260.2,-65.5613
3260.3,-65.5587
3260.4,-65.5562
3260.5,-65.5537
3260.6,-65.5512
3260.7,-65.5487
3260.8,-65.5462
3260.9,-65.5436
3261.0,-65.5411
3261.1,-65.5386
3261.2,-65.5361
3261.3,-65.5336
3261.4,-65.5311
3261.5,-65.5286
3261.6,-65.5261
3261.7,-65.5236
3261.8,-65.5210
3261.9,-65.5185
3262.0,-65.5160
3262.1,-65.5135
3262.2,-65.5110
3262.3,-65.5085
3262.4,-65.5060
3262.5,-65.5035
3262.6,-65.5010
3262.7,-65.4985
3262.8,-65.4960
3262.9,-65.4935
3263.0,-65.4910
3263.1,-65.4885
3263.2,-65.4860
3263.3,-65.4835
3263.4,-65.4810
3263.5,-65.4785
3263.6,-65.4761
3263.7,-65.4736
3263.8,-65.4711
3263.9,-65.4686
3264.0,-65.4661
3264.1,-65.4636
3264.2,-65.4611
3264.3,-65.4586
3264.4,-65.4561
3264.5,-65.4537
3264.6,-65.4512
3264.7,-65.4487
3264.8,-65.4462
3264.9,-65.4437
3265.0,-65.4412
3265.1,-65.4388
3265.2,-65.4363
3265.3,-65.4338
3265.4,-65.4313
3265.5,-65.4289
3265.6,-65.4264
3265.7,-65.4239
3265.8,-65.4214
3265.9,-65.4190
3266.0,-65.4165
3266.1,-65.4140
3266.2,-65.4115
3266.3,-65.4091
3266.4,-65.4066
3266.5,-65.4041
3266.6,-65.4017
3266.7,-65.3992
3266.8,-65.3967
3266.9,-65.3943
3267.0,-65.3918
3267.1,-65.3893
3267.2,-65.3869
3267.3,-65.3844
3267.4,-65.3820
3267.5,-65.3795
3267.6,-65.3770
3267.7,-65.3746
3267.8,-65.3721
3267.9,-65.3697
3268.0,-65.3672
3268.1,-65.3647
3268.2,-65.3623
3268.3,-65.3598
3268.4,-65.3574
3268.5,-65.3549
3268.6,-65.3525
3268.7,-65.3500
3268.8,-65.3476
3268.9,-65.3451
3269.0,-65.3427
3269.1,-65.3402
3269.2,-65.3378
3269.3,-65.3353
3269.4,-65.3329
3269.5,-65.3305
3269.6,-65.3280
3269.7,-65.3256
3269.8,-65.3231
3269.9,-65.3207
3270.0,-65.3183
3270.1,-65.3158
3270.2,-65.3134
3270.3,-65.3109
3270.4,-65.3085
3270.5,-65.3061
3270.6,-65.3036
3270.7,-65.3012
3270.8,-65.2988
3270.9,-65.2963
3271.0,-65.2939
3271.1,-65.2915
3271.2,-65.2890
3271.3,-65.2866
3271.4,-65.2842
3271.5,-65.2818
3271.6,-65.2793
3271.7,-65.2769
3271.8,-65.2745
3271.9,-65.2721
3272.0,-65.2696
3272.1,-65.2672
3272.2,-65.2648
3272.3,-65.2624
3272.4,-65.2599
3272.5,-65.2575
3272.6,-65.2551
3272.7,-65.2527
3272.8,-65.2503
3272.9,-65.2479
3273.0,-65.2454
3273.1,-65.2430
3273.2,-65.2406
3273.3,-65.2382
3273.4,-65.2358
3273.5,-65.2334
3273.6,-65.2310
3273.7,-65.2285
3273.8,-65.2261
3273.9,-65.2237
3274.0,-65.2213
3274.1,-65.2189
3274.2,-65.2165
3274.3,-65.2141
3274.4,-65.2117
3274.5,-65.2093
3274.6,-65.2069
3274.7,-65.2045
3274.8,-65.2021
3274.9,-65.1997
3275.0,-65.1973
3275.1,-65.1949
3275.2,-65.1925
3275.3,-65.1901
3275.4,-65.1877
3275.5,-65.1853
3275.6,-65.1829
3275.7,-65.1805
3275.8,-65.1781
3275.9,-65.1757
3276.0,-65.1733
3276.1,-65.1710
3276.2,-65.1686
3276.3,-65.1662
3276.4,-65.1638
3276.5,-65.1614
3276.6,-65.1590
3276.7,-65.1566
3276.8,-65.1542
3276.9,-65.1519
3277.0,-65.1495
3277.1,-65.1471
3277.2,-65.1447
3277.3,-65.1423
3277.4,-65.1399
3277.5,-65.1376
3277.6,-65.1352
3277.7,-65.1328
3277.8,-65.1304
3277.9,-65.1281
3278.0,-65.1257
3278.1,-65.1233
3278.2,-65.1209
3278.3,-65.1186
3278.4,-65.1162
3278.5,-65.1138
3278.6,-65.1114
3278.7,-65.1091
3278.8,-65.1067
3278.9,-65.1043
3279.0,-65.1020
3279.1,-65.0996
3279.2,-65.0972
3279.3,-65.0949
3279.4,-65.0925
3279.5,-65.0901
3279.6,-65.0878
3279.7,-65.0854
3279.8,-65.0831
3279.9,-65.0807
3280.0,-65.0783
3280.1,-65.0760
3280.2,-65.0736
3280.3,-65.0713
3280.4,-65.0689
3280.5,-65.0665
3280.6,-65.0642
3280.7,-65.0618
3280.8,-65.0595
3280.9,-65.0571
3281.0,-65.0548
3281.1,-65.0524
3281.2,-65.0501
3281.3,-65.0477
3281.4,-65.0454
3281.5,-65.0430
3281.6,-65.0407
3281.7,-65.0383
3281.8,-65.0360
3281.9,-65.0336
3282.0,-65.0313
3282.1,-65.0290
3282.2,-65.0266
3282.3,-65.0243
3282.4,-65.0219
3282.5,-65.0196
3282.6,-65.0173
3282.7,-65.0149
3282.8,-65.0126
3282.9,-65.0102
3283.0,-65.0079
3283.1,-65.0056
3283.2,-65.0032
3283.3,-65.0009
3283.4,-64.9986
3283.5,-64.9962
3283.6,-64.9939
3283.7,-64.9916
3283.8,-64.9892
3283.9,-64.9869
3284.0,-64.9846
3284.1,-64.9823
3284.2,-64.9799
3284.3,-64.9776
3284.4,-64.9753
3284.5,-64.9730
3284.6,-64.9706
3284.7,-64.9683
3284.8,-64.9660
3284.9,-64.9637
3285.0,-64.9613
3285.1,-64.9590
3285.2,-64.9567
3285.3,-64.9544
3285.4,-64.9521
3285.5,-64.9497
3285.6,-64.9474
3285.7,-64.9451
3285.8,-64.9428
3285.9,-64.9405
3286.0,-64.9382
3286.1,-64.9359
3286.2,-64.9335
3286.3,-64.9312
3286.4,-64.9289
3286.5,-64.9266
3286.6,-64.9243
3286.7,-64.9220
3286.8,-64.9197
3286.9,-64.9174
3287.0,-64.9151
3287.1,-64.9128
3287.2,-64.9105
3287.3,-64.9082
3287.4,-64.9059
3287.5,-64.9036
3287.6,-64.9013
3287.7,-64.8990
3287.8,-64.8967
3287.9,-64.8944
3288.0,-64.8921
3288.1,-64.8898
3288.2,-64.8875
3288.3,-64.8852
3288.4,-64.8829
3288.5,-64.8806
3288.6,-64.8783
3288.7,-64.8760
3288.8,-64.8737
3288.9,-64.8714
3289.0,-64.8691
3289.1,-64.8668
3289.2,-64.8646
3289.3,-64.8623
3289.4,-64.8600
3289.5,-64.8577
3289.6,-64.8554
3289.7,-64.8531
3289.8,-64.8508
3289.9,-64.8486
3290.0,-64.8463
3290.1,-64.8440
3290.2,-64.8417
3290.3,-64.8394
3290.4,-64.8372
3290.5,-64.8349
3290.6,-64.8326
3290.7,-64.8303
3290.8,-64.8280
3290.9,-64.8258
3291.0,-64.8235
3291.1,-64.8212
3291.2,-64.8189
3291.3,-64.8167
3291.4,-64.8144
3291.5,-64.8121
3291.6,-64.8099
3291.7,-64.8076
3291.8,-64.8053
3291.9,-64.8031
3292.0,-64.8008
3292.1,-64.7985
3292.2,-64.7963
3292.3,-64.7940
3292.4,-64.7917
3292.5,-64.7895
3292.6,-64.7872
3292.7,-64.7849
3292.8,-64.7827
3292.9,-64.7804
3293.0,-64.7782
3293.1,-64.7759
3293.2,-64.7736
3293.3,-64.7714
3293.4,-64.7691
3293.5,-64.7669
3293.6,-64.7646
3293.7,-64.7624
3293.8,-64.7601
3293.9,-64.7579
3294.0,-64.7556
3294.1,-64.7533
3294.2,-64.7511
3294.3,-64.7488
3294.4,-64.7466
3294.5,-64.7443
3294.6,-64.7421
3294.7,-64.7399
3294.8,-64.7376
3294.9,-64.7354
3295.0,-64.7331
3295.1,-64.7309
3295.2,-64.7286
3295.3,-64.7264
3295.4,-64.7241
3295.5,-64.7219
3295.6,-64.7197
3295.7,-64.7174
3295.8,-64.7152
3295.9,-64.7129
3296.0,-64.7107
3296.1,-64.7085
3296.2,-64.7062
3296.3,-64.7040
3296.4,-64.7018
3296.5,-64.6995
3296.6,-64.6973
3296.7,-64.6951
3296.8,-64.6928
3296.9,-64.6906
3297.0,-64.6884
3297.1,-64.6862
3297.2,-64.6839
3297.3,-64.6817
3297.4,-64.6795
3297.5,-64.6772
3297.6,-64.6750
3297.7,-64.6728
3297.8,-64.6706
3297.9,-64.6683
3298.0,-64.6661
3298.1,-64.6639
3298.2,-64.6617
3298.3,-64.6595
3298.4,-64.6572
3298.5,-64.6550
3298.6,-64.6528
3298.7,-64.6506
3298.8,-64.6484
3298.9,-64.6462
3299.0,-64.6439
3299.1,-64.6417
3299.2,-64.6395
3299.3,-64.6373
3299.4,-64.6351
3299.5,-64.6329
3299.6,-64.6307
3299.7,-64.6285
3299.8,-64.6262
3299.9,-64.6240
3300.0,-64.6218
3300.1,-64.6196
3300.2,-64.6174
3300.3,-64.6152
3300.4,-64.6130
3300.5,-64.6108
3300.6,-64.6086
3300.7,-64.6064
3300.8,-64.6042
3300.9,-64.6020
3301.0,-64.5998
3301.1,-64.5976
3301.2,-64.5954
3301.3,-64.5932
3301.4,-64.5910
3301.5,-64.5888
3301.6,-64.5866
3301.7,-64.5844
3301.8,-64.5822
3301.9,-64.5800
3302.0,-64.5778
3302.1,-64.5756
3302.2,-64.5734
3302.3,-64.5713
3302.4,-64.5691
3302.5,-64.5669
3302.6,-64.5647
3302.7,-64.5625
3302.8,-64.5603
3302.9,-64.5581
3303.0,-64.5559
3303.1,-64.5538
3303.2,-64.5516
3303.3,-64.5494
3303.4,-64.5472
3303.5,-64.5450
3303.6,-64.5428
3303.7,-64.5407
3303.8,-64.5385
3303.9,-64.5363
3304.0,-64.5341
3304.1,-64.5319
3304.2,-64.5298
3304.3,-64.5276
3304.4,-64.5254
3304.5,-64.5232
3304.6,-64.5211
3304.7,-64.5189
3304.8,-64.5167
3304.9,-64.5146
3305.0,-64.5124
3305.1,-64.5102
3305.2,-64.5080
3305.3,-64.5059
3305.4,-64.5037
3305.5,-64.5015
3305.6,-64.4994
3305.7,-64.4972
3305.8,-64.4950
3305.9,-64.4929
3306.0,-64.4907
3306.1,-64.4885
3306.2,-64.4864
3306.3,-64.4842
3306.4,-64.4821
3306.5,-64.4799
3306.6,-64.4777
3306.7,-64.4756
3306.8,-64.4734
3306.9,-64.4713
3307.0,-64.4691
3307.1,-64.4670
3307.2,-64.4648
3307.3,-64.4626
3307.4,-64.4605
3307.5,-64.4583
3307.6,-64.4562
3307.7,-64.4540
3307.8,-64.4519
3307.9,-64.4497
3308.0,-64.4476
3308.1,-64.4454
3308.2,-64.4433
3308.3,-64.4411
3308.4,-64.4390
3308.5,-64.4368
3308.6,-64.4347
3308.7,-64.4326
3308.8,-64.4304
3308.9,-64.4283
3309.0,-64.4261
3309.1,-64.4240
3309.2,-64.4218
3309.3,-64.4197
3309.4,-64.4176
3309.5,-64.4154
3309.6,-64.4133
3309.7,-64.4111
3309.8,-64.4090
3309.9,-64.4069
3310.0,-64.4047
3310.1,-64.4026
3310.2,-64.4005
3310.3,-64.3983
3310.4,-64.3962
3310.5,-64.3941
3310.6,-64.3919
3310.7,-64.3898
3310.8,-64.3877
3310.9,-64.3856
3311.0,-64.3834
3311.1,-64.3813
3311.2,-64.3792
3311.3,-64.3770
3311.4,-64.3749
3311.5,-64.3728
3311.6,-64.3707
3311.7,-64.3685
3311.8,-64.3664
3311.9,-64.3643
3312.0,-64.3622
3312.1,-64.3601
3312.2,-64.3579
3312.3,-64.3558
3312.4,-64.3537
3312.5,-64.3516
3312.6,-64.3495
3312.7,-64.3474
3312.8,-64.3452
3312.9,-64.3431
3313.0,-64.3410
3313.1,-64.3389
3313.2,-64.3368
3313.3,-64.3347
3313.4,-64.3326
3313.5,-64.3305
3313.6,-64.3283
3313.7,-64.3262
3313.8,-64.3241
3313.9,-64.3220
3314.0,-64.3199
3314.1,-64.3178
3314.2,-64.3157
3314.3,-64.3136
3314.4,-64.3115
3314.5,-64.3094
3314.6,-64.3073
3314.7,-64.3052
3314.8,-64.3031
3314.9,-64.3010
3315.0,-64.2989
3315.1,-64.2968
3315.2,-64.2947
3315.3,-64.2926
3315.4,-64.2905
3315.5,-64.2884
3315.6,-64.2863
3315.7,-64.2842
3315.8,-64.2821
3315.9,-64.2800
3316.0,-64.2779
3316.1,-64.2758
3316.2,-64.2737
3316.3,-64.2716
3316.4,-64.2696
3316.5,-64.2675
3316.6,-64.2654
3316.7,-64.2633
3316.8,-64.2612
3316.9,-64.2591
3317.0,-64.2570
3317.1,-64.2549
3317.2,-64.2529
3317.3,-64.2508
3317.4,-64.2487
3317.5,-64.2466
3317.6,-64.2445
3317.7,-64.2424
3317.8,-64.2404
3317.9,-64.2383
3318.0,-64.2362
3318.1,-64.2341
3318.2,-64.2320
3318.3,-64.2300
3318.4,-64.2279
3318.5,-64.2258
3318.6,-64.2237
3318.7,-64.2217
3318.8,-64.2196
3318.9,-64.2175
3319.0,-64.2155
3319.1,-64.2134
3319.2,-64.2113
3319.3,-64.2092
3319.4,-64.2072
3319.5,-64.2051
3319.6,-64.2030
3319.7,-64.2010
3319.8,-64.1989
3319.9,-64.1968
3320.0,-64.1948
3320.1,-64.1927
3320.2,-64.1906
3320.3,-64.1886
3320.4,-64.1865
3320.5,-64.1845
3320.6,-64.1824
3320.7,-64.1803
3320.8,-64.1783
3320.9,-64.1762
3321.0,-64.1742
3321.1,-64.1721
3321.2,-64.1700
3321.3,-64.1680
3321.4,-64.1659
3321.5,-64.1639
3321.6,-64.1618
3321.7,-64.1598
3321.8,-64.1577
3321.9,-64.1557
3322.0,-64.1536
3322.1,-64.1516
3322.2,-64.1495
3322.3,-64.1475
3322.4,-64.1454
3322.5,-64.1434
3322.6,-64.1413
3322.7,-64.1393
3322.8,-64.1372
3322.9,-64.1352
3323.0,-64.1331
3323.1,-64.1311
3323.2,-64.1290
3323.3,-64.1270
3323.4,-64.1250
3323.5,-64.1229
3323.6,-64.1209
3323.7,-64.1188
3323.8,-64.1168
3323.9,-64.1148
3324.0,-64.1127
3324.1,-64.1107
3324.2,-64.1086
3324.3,-64.1066
3324.4,-64.1046
3324.5,-64.1025
3324.6,-64.1005
3324.7,-64.0985
3324.8,-64.0964
3324.9,-64.0944
3325.0,-64.0924
3325.1,-64.0903
3325.2,-64.0883
3325.3,-64.0863
3325.4,-64.0843
3325.5,-64.0822
3325.6,-64.0802
3325.7,-64.0782
3325.8,-64.0762
3325.9,-64.0741
3326.0,-64.0721
3326.1,-64.0701
3326.2,-64.0681
3326.3,-64.0660
3326.4,-64.0640
3326.5,-64.0620
3326.6,-64.0600
3326.7,-64.0580
3326.8,-64.0559
3326.9,-64.0539
3327.0,-64.0519
3327.1,-64.0499
3327.2,-64.0479
3327.3,-64.0458
3327.4,-64.0438
3327.5,-64.0418
3327.6,-64.0398
3327.7,-64.0378
3327.8,-64.0358
3327.9,-64.0338
3328.0,-64.0318
3328.1,-64.0297
3328.2,-64.0277
3328.3,-64.0257
3328.4,-64.0237
3328.5,-64.0217
3328.6,-64.0197
3328.7,-64.0177
3328.8,-64.0157
3328.9,-64.0137
3329.0,-64.0117
3329.1,-64.0097
3329.2,-64.0077
3329.3,-64.0057
3329.4,-64.0037
3329.5,-64.0017
3329.6,-63.9997
3329.7,-63.9977
3329.8,-63.9957
3329.9,-63.9937
3330.0,-63.9917
3330.1,-63.9897
3330.2,-63.9877
3330.3,-63.9857
3330.4,-63.9837
3330.5,-63.9817
3330.6,-63.9797
3330.7,-63.9777
3330.8,-63.9757
3330.9,-63.9737
3331.0,-63.9717
3331.1,-63.9698
3331.2,-63.9678
3331.3,-63.9658
3331.4,-63.9638
3331.5,-63.9618
3331.6,-63.9598
3331.7,-63.9578
3331.8,-63.9558
3331.9,-63.9539
3332.0,-63.9519
3332.1,-63.9499
3332.2,-63.9479
3332.3,-63.9459
3332.4,-63.9439
3332.5,-63.9420
3332.6,-63.9400
3332.7,-63.9380
3332.8,-63.9360
3332.9,-63.9340
3333.0,-63.9321
3333.1,-63.9301
3333.2,-63.9281
3333.3,-63.9261
3333.4,-63.9242
3333.5,-63.9222
3333.6,-63.9202
3333.7,-63.9182
3333.8,-63.9163
3333.9,-63.9143
3334.0,-63.9123
3334.1,-63.9104
3334.2,-63.9084
3334.3,-63.9064
3334.4,-63.9044
3334.5,-63.9025
3334.6,-63.9005
3334.7,-63.8985
3334.8,-63.8966
3334.9,-63.8946
3335.0,-63.8926
3335.1,-63.8907
3335.2,-63.8887
3335.3,-63.8868
3335.4,-63.8848
3335.5,-63.8828
3335.6,-63.8809
3335.7,-63.8789
3335.8,-63.8770
3335.9,-63.8750
3336.0,-63.8730
3336.1,-63.8711
3336.2,-63.8691
3336.3,-63.8672
3336.4,-63.8652
3336.5,-63.8633
3336.6,-63.8613
3336.7,-63.8593
3336.8,-63.8574
3336.9,-63.8554
3337.0,-63.8535
3337.1,-63.8515
3337.2,-63.8496
3337.3,-63.8476
3337.4,-63.8457
3337.5,-63.8437
3337.6,-63.8418
3337.7,-63.8398
3337.8,-63.8379
3337.9,-63.8360
3338.0,-63.8340
3338.1,-63.8321
3338.2,-63.8301
3338.3,-63.8282
3338.4,-63.8262
3338.5,-63.8243
3338.6,-63.8224
3338.7,-63.8204
3338.8,-63.8185
3338.9,-63.8165
3339.0,-63.8146
3339.1,-63.8127
3339.2,-63.8107
3339.3,-63.8088
3339.4,-63.8069
3339.5,-63.8049
3339.6,-63.8030
3339.7,-63.8010
3339.8,-63.7991
3339.9,-63.7972
3340.0,-63.7952
3340.1,-63.7933
3340.2,-63.7914
3340.3,-63.7895
3340.4,-63.7875
3340.5,-63.7856
3340.6,-63.7837
3340.7,-63.7817
3340.8,-63.7798
3340.9,-63.7779
3341.0,-63.7760
3341.1,-63.7740
3341.2,-63.7721
3341.3,-63.7702
3341.4,-63.7683
3341.5,-63.7663
3341.6,-63.7644
3341.7,-63.7625
3341.8,-63.7606
3341.9,-63.7587
3342.0,-63.7567
3342.1,-63.7548
3342.2,-63.7529
3342.3,-63.7510
3342.4,-63.7491
3342.5,-63.7472
3342.6,-63.7452
3342.7,-63.7433
3342.8,-63.7414
3342.9,-63.7395
3343.0,-63.7376
3343.1,-63.7357
3343.2,-63.7338
3343.3,-63.7319
3343.4,-63.7299
3343.5,-63.7280
3343.6,-63.7261
3343.7,-63.7242
3343.8,-63.7223
3343.9,-63.7204
3344.0,-63.7185
3344.1,-63.7166
3344.2,-63.7147
3344.3,-63.7128
3344.4,-63.7109
3344.5,-63.7090
3344.6,-63.7071
3344.7,-63.7052
3344.8,-63.7033
3344.9,-63.7014
3345.0,-63.6995
3345.1,-63.6976
3345.2,-63.6957
3345.3,-63.6938
3345.4,-63.6919
3345.5,-63.6900
3345.6,-63.6881
3345.7,-63.6862
3345.8,-63.6843
3345.9,-63.6824
3346.0,-63.6805
3346.1,-63.6786
3346.2,-63.6767
3346.3,-63.6748
3346.4,-63.6729
3346.5,-63.6710
3346.6,-63.6691
3346.7,-63.6673
3346.8,-63.6654
3346.9,-63.6635
3347.0,-63.6616
3347.1,-63.6597
3347.2,-63.6578
3347.3,-63.6559
3347.4,-63.6540
3347.5,-63.6522
3347.6,-63.6503
3347.7,-63.6484
3347.8,-63.6465
3347.9,-63.6446
3348.0,-63.6428
3348.1,-63.6409
3348.2,-63.6390
3348.3,-63.6371
3348.4,-63.6352
3348.5,-63.6334
3348.6,-63.6315
3348.7,-63.6296
3348.8,-63.6277
3348.9,-63.6258
3349.0,-63.6240
3349.1,-63.6221
3349.2,-63.6202
3349.3,-63.6184
3349.4,-63.6165
3349.5,-63.6146
3349.6,-63.6127
3349.7,-63.6109
3349.8,-63.6090
3349.9,-63.6071
3350.0,-63.6053
3350.1,-63.6034
3350.2,-63.6015
3350.3,-63.5997
3350.4,-63.5978
3350.5,-63.5959
3350.6,-63.5941
3350.7,-63.5922
3350.8,-63.5903
3350.9,-63.5885
3351.0,-63.5866
3351.1,-63.5847
3351.2,-63.5829
3351.3,-63.5810
3351.4,-63.5792
3351.5,-63.5773
3351.6,-63.5754
3351.7,-63.5736
3351.8,-63.5717
3351.9,-63.5699
3352.0,-63.5680
3352.1,-63.5662
3352.2,-63.5643
3352.3,-63.5624
3352.4,-63.5606
3352.5,-63.5587
3352.6,-63.5569
3352.7,-63.5550
3352.8,-63.5532
3352.9,-63.5513
3353.0,-63.5495
3353.1,-63.5476
3353.2,-63.5458
3353.3,-63.5439
3353.4,-63.5421
3353.5,-63.5402
3353.6,-63.5384
3353.7,-63.5366
3353.8,-63.5347
3353.9,-63.5329
3354.0,-63.5310
3354.1,-63.5292
3354.2,-63.5273
3354.3,-63.5255
3354.4,-63.5236
3354.5,-63.5218
3354.6,-63.5200
3354.7,-63.5181
3354.8,-63.5163
3354.9,-63.5144
3355.0,-63.5126
3355.1,-63.5108
3355.2,-63.5089
3355.3,-63.5071
3355.4,-63.5053
3355.5,-63.5034
3355.6,-63.5016
3355.7,-63.4998
3355.8,-63.4979
3355.9,-63.4961
3356.0,-63.4943
3356.1,-63.4924
3356.2,-63.4906
3356.3,-63.4888
3356.4,-63.4869
3356.5,-63.4851
3356.6,-63.4833
3356.7,-63.4815
3356.8,-63.4796
3356.9,-63.4778
3357.0,-63.4760
3357.1,-63.4742
3357.2,-63.4723
3357.3,-63.4705
3357.4,-63.4687
3357.5,-63.4669
3357.6,-63.4650
3357.7,-63.4632
3357.8,-63.4614
3357.9,-63.4596
3358.0,-63.4578
3358.1,-63.4559
3358.2,-63.4541
3358.3,-63.4523
3358.4,-63.4505
3358.5,-63.4487
3358.6,-63.4469
3358.7,-63.4450
3358.8,-63.4432
3358.9,-63.4414
3359.0,-63.4396
3359.1,-63.4378
3359.2,-63.4360
3359.3,-63.4342
3359.4,-63.4323
3359.5,-63.4305
3359.6,-63.4287
3359.7,-63.4269
3359.8,-63.4251
3359.9,-63.4233
3360.0,-63.4215
3360.1,-63.4197
3360.2,-63.4179
3360.3,-63.4161
3360.4,-63.4143
3360.5,-63.4125
3360.6,-63.4107
3360.7,-63.4089
3360.8,-63.4071
3360.9,-63.4053
3361.0,-63.4035
3361.1,-63.4017
3361.2,-63.3999
3361.3,-63.3981
3361.4,-63.3963
3361.5,-63.3945
3361.6,-63.3927
3361.7,-63.3909
3361.8,-63.3891
3361.9,-63.3873
3362.0,-63.3855
3362.1,-63.3837
3362.2,-63.3819
3362.3,-63.3801
3362.4,-63.3783
3362.5,-63.3765
3362.6,-63.3747
3362.7,-63.3729
3362.8,-63.3711
3362.9,-63.3693
3363.0,-63.3676
3363.1,-63.3658
3363.2,-63.3640
3363.3,-63.3622
3363.4,-63.3604
3363.5,-63.3586
3363.6,-63.3568
3363.7,-63.3550
3363.8,-63.3533
3363.9,-63.3515
3364.0,-63.3497
3364.1,-63.3479
3364.2,-63.3461
3364.3,-63.3443
3364.4,-63.3426
3364.5,-63.3408
3364.6,-63.3390
3364.7,-63.3372
3364.8,-63.3354
3364.9,-63.3337
3365.0,-63.3319
3365.1,-63.3301
3365.2,-63.3283
3365.3,-63.3266
3365.4,-63.3248
3365.5,-63.3230
3365.6,-63.3212
3365.7,-63.3195
3365.8,-63.3177
3365.9,-63.3159
3366.0,-63.3141
3366.1,-63.3124
3366.2,-63.3106
3366.3,-63.3088
3366.4,-63.3071
3366.5,-63.3053
3366.6,-63.3035
3366.7,-63.3018
3366.8,-63.3000
3366.9,-63.2982
3367.0,-63.2965
3367.1,-63.2947
3367.2,-63.2929
3367.3,-63.2912
3367.4,-63.2894
3367.5,-63.2876
3367.6,-63.2859
3367.7,-63.2841
3367.8,-63.2824
3367.9,-63.2806
3368.0,-63.2788
3368.1,-63.2771
3368.2,-63.2753
3368.3,-63.2736
3368.4,-63.2718
3368.5,-63.2700
3368.6,-63.2683
3368.7,-63.2665
3368.8,-63.2648
3368.9,-63.2630
3369.0,-63.2613
3369.1,-63.2595
3369.2,-63.2578
3369.3,-63.2560
3369.4,-63.2543
3369.5,-63.2525
3369.6,-63.2508
3369.7,-63.2490
3369.8,-63.2473
3369.9,-63.2455
3370.0,-63.2438
3370.1,-63.2420
3370.2,-63.2403
3370.3,-63.2385
3370.4,-63.2368
3370.5,-63.2350
3370.6,-63.2333
3370.7,-63.2315
3370.8,-63.2298
3370.9,-63.2281
3371.0,-63.2263
3371.1,-63.2246
3371.2,-63.2228
3371.3,-63.2211
3371.4,-63.2193
3371.5,-63.2176
3371.6,-63.2159
3371.7,-63.2141
3371.8,-63.2124
3371.9,-63.2107
3372.0,-63.2089
3372.1,-63.2072
3372.2,-63.2054
3372.3,-63.2037
3372.4,-63.2020
3372.5,-63.2002
3372.6,-63.1985
3372.7,-63.1968
3372.8,-63.1950
3372.9,-63.1933
3373.0,-63.1916
3373.1,-63.1899
3373.2,-63.1881
3373.3,-63.1864
3373.4,-63.1847
3373.5,-63.1829
3373.6,-63.1812
3373.7,-63.1795
3373.8,-63.1778
3373.9,-63.1760
3374.0,-63.1743
3374.1,-63.1726
3374.2,-63.1709
3374.3,-63.1691
3374.4,-63.1674
3374.5,-63.1657
3374.6,-63.1640
3374.7,-63.1622
3374.8,-63.1605
3374.9,-63.1588
3375.0,-63.1571
3375.1,-63.1554
3375.2,-63.1536
3375.3,-63.1519
3375.4,-63.1502
3375.5,-63.1485
3375.6,-63.1468
3375.7,-63.1451
3375.8,-63.1434
3375.9,-63.1416
3376.0,-63.1399
3376.1,-63.1382
3376.2,-63.1365
3376.3,-63.1348
3376.4,-63.1331
3376.5,-63.1314
3376.6,-63.1297
3376.7,-63.1279
3376.8,-63.1262
3376.9,-63.1245
3377.0,-63.1228
3377.1,-63.1211
3377.2,-63.1194
3377.3,-63.1177
3377.4,-63.1160
3377.5,-63.1143
3377.6,-63.1126
3377.7,-63.1109
3377.8,-63.1092
3377.9,-63.1075
3378.0,-63.1058
3378.1,-63.1041
3378.2,-63.1024
3378.3,-63.1007
3378.4,-63.0990
3378.5,-63.0973
3378.6,-63.0956
3378.7,-63.0939
3378.8,-63.0922
3378.9,-63.0905
3379.0,-63.0888
3379.1,-63.0871
3379.2,-63.0854
3379.3,-63.0837
3379.4,-63.0820
3379.5,-63.0803
3379.6,-63.0786
3379.7,-63.0769
3379.8,-63.0752
3379.9,-63.0735
3380.0,-63.0718
3380.1,-63.0702
3380.2,-63.0685
3380.3,-63.0668
3380.4,-63.0651
3380.5,-63.0634
3380.6,-63.0617
3380.7,-63.0600
3380.8,-63.0583
3380.9,-63.0567
3381.0,-63.0550
3381.1,-63.0533
3381.2,-63.0516
3381.3,-63.0499
3381.4,-63.0482
3381.5,-63.0466
3381.6,-63.0449
3381.7,-63.0432
3381.8,-63.0415
3381.9,-63.0398
3382.0,-63.0381
3382.1,-63.0365
3382.2,-63.0348
3382.3,-63.0331
3382.4,-63.0314
3382.5,-63.0298
3382.6,-63.0281
3382.7,-63.0264
3382.8,-63.0247
3382.9,-63.0231
3383.0,-63.0214
3383.1,-63.0197
3383.2,-63.0180
3383.3,-63.0164
3383.4,-63.0147
3383.5,-63.0130
3383.6,-63.0113
3383.7,-63.0097
3383.8,-63.0080
3383.9,-63.0063
3384.0,-63.0047
3384.1,-63.0030
3384.2,-63.0013
3384.3,-62.9997
3384.4,-62.9980
3384.5,-62.9963
3384.6,-62.9947
3384.7,-62.9930
3384.8,-62.9913
3384.9,-62.9897
3385.0,-62.9880
3385.1,-62.9864
3385.2,-62.9847
3385.3,-62.9830
3385.4,-62.9814
3385.5,-62.9797
3385.6,-62.9781
3385.7,-62.9764
3385.8,-62.9747
3385.9,-62.9731
3386.0,-62.9714
3386.1,-62.9698
3386.2,-62.9681
3386.3,-62.9664
3386.4,-62.9648
3386.5,-62.9631
3386.6,-62.9615
3386.7,-62.9598
3386.8,-62.9582
3386.9,-62.9565
3387.0,-62.9549
3387.1,-62.9532
3387.2,-62.9516
3387.3,-62.9499
3387.4,-62.9483
3387.5,-62.9466
3387.6,-62.9450
3387.7,-62.9433
3387.8,-62.9417
3387.9,-62.9400
3388.0,-62.9384
3388.1,-62.9367
3388.2,-62.9351
3388.3,-62.9334
3388.4,-62.9318
3388.5,-62.9302
3388.6,-62.9285
3388.7,-62.9269
3388.8,-62.9252
3388.9,-62.9236
3389.0,-62.9220
3389.1,-62.9203
3389.2,-62.9187
3389.3,-62.9170
3389.4,-62.9154
3389.5,-62.9138
3389.6,-62.9121
3389.7,-62.9105
3389.8,-62.9088
3389.9,-62.9072
3390.0,-62.9056
3390.1,-62.9039
3390.2,-62.9023
3390.3,-62.9007
3390.4,-62.8990
3390.5,-62.8974
3390.6,-62.8958
3390.7,-62.8941
3390.8,-62.8925
3390.9,-62.8909
3391.0,-62.8892
3391.1,-62.8876
3391.2,-62.8860
3391.3,-62.8844
3391.4,-62.8827
3391.5,-62.8811
3391.6,-62.8795
3391.7,-62.8779
3391.8,-62.8762
3391.9,-62.8746
3392.0,-62.8730
3392.1,-62.8714
3392.2,-62.8697
3392.3,-62.8681
3392.4,-62.8665
3392.5,-62.8649
3392.6,-62.8632
3392.7,-62.8616
3392.8,-62.8600
3392.9,-62.8584
3393.0,-62.8568
3393.1,-62.8551
3393.2,-62.8535
3393.3,-62.8519
3393.4,-62.8503
3393.5,-62.8487
3393.6,-62.8471
3393.7,-62.8454
3393.8,-62.8438
3393.9,-62.8422
3394.0,-62.8406
3394.1,-62.8390
3394.2,-62.8374
3394.3,-62.8358
3394.4,-62.8341
3394.5,-62.8325
3394.6,-62.8309
3394.7,-62.8293
3394.8,-62.8277
3394.9,-62.8261
3395.0,-62.8245
3395.1,-62.8229
3395.2,-62.8213
3395.3,-62.8197
3395.4,-62.8181
3395.5,-62.8165
3395.6,-62.8149
3395.7,-62.8132
3395.8,-62.8116
3395.9,-62.8100
3396.0,-62.8084
3396.1,-62.8068
3396.2,-62.8052
3396.3,-62.8036
3396.4,-62.8020
3396.5,-62.8004
3396.6,-62.7988
3396.7,-62.7972
3396.8,-62.7956
3396.9,-62.7940
3397.0,-62.7924
3397.1,-62.7908
3397.2,-62.7892
3397.3,-62.7876
3397.4,-62.7860
3397.5,-62.7845
3397.6,-62.7829
3397.7,-62.7813
3397.8,-62.7797
3397.9,-62.7781
3398.0,-62.7765
3398.1,-62.7749
3398.2,-62.7733
3398.3,-62.7717
3398.4,-62.7701
3398.5,-62.7685
3398.6,-62.7669
3398.7,-62.7654
3398.8,-62.7638
3398.9,-62.7622
3399.0,-62.7606
3399.1,-62.7590
3399.2,-62.7574
3399.3,-62.7558
3399.4,-62.7542
3399.5,-62.7527
3399.6,-62.7511
3399.7,-62.7495
3399.8,-62.7479
3399.9,-62.7463
3400.0,-62.7447
3400.1,-62.7432
3400.2,-62.7416
3400.3,-62.7400
3400.4,-62.7384
3400.5,-62.7368
3400.6,-62.7353
3400.7,-62.7337
3400.8,-62.7321
3400.9,-62.7305
3401.0,-62.7290
3401.1,-62.7274
3401.2,-62.7258
3401.3,-62.7242
3401.4,-62.7227
3401.5,-62.7211
3401.6,-62.7195
3401.7,-62.7179
3401.8,-62.7164
3401.9,-62.7148
3402.0,-62.7132
3402.1,-62.7117
3402.2,-62.7101
3402.3,-62.7085
3402.4,-62.7069
3402.5,-62.7054
3402.6,-62.7038
3402.7,-62.7022
3402.8,-62.7007
3402.9,-62.6991
3403.0,-62.6975
3403.1,-62.6960
3403.2,-62.6944
3403.3,-62.6928
3403.4,-62.6913
3403.5,-62.6897
3403.6,-62.6882
3403.7,-62.6866
3403.8,-62.6850
3403.9,-62.6835
3404.0,-62.6819
3404.1,-62.6803
3404.2,-62.6788
3404.3,-62.6772
3404.4,-62.6757
3404.5,-62.6741
3404.6,-62.6726
3404.7,-62.6710
3404.8,-62.6694
3404.9,-62.6679
3405.0,-62.6663
3405.1,-62.6648
3405.2,-62.6632
3405.3,-62.6617
3405.4,-62.6601
3405.5,-62.6586
3405.6,-62.6570
3405.7,-62.6554
3405.8,-62.6539
3405.9,-62.6523
3406.0,-62.6508
3406.1,-62.6492
3406.2,-62.6477
3406.3,-62.6461
3406.4,-62.6446
3406.5,-62.6431
3406.6,-62.6415
3406.7,-62.6400
3406.8,-62.6384
3406.9,-62.6369
3407.0,-62.6353
3407.1,-62.6338
3407.2,-62.6322
3407.3,-62.6307
3407.4,-62.6291
3407.5,-62.6276
3407.6,-62.6261
3407.7,-62.6245
3407.8,-62.6230
3407.9,-62.6214
3408.0,-62.6199
3408.1,-62.6184
3408.2,-62.6168
3408.3,-62.6153
3408.4,-62.6137
3408.5,-62.6122
3408.6,-62.6107
3408.7,-62.6091
3408.8,-62.6076
3408.9,-62.6061
3409.0,-62.6045
3409.1,-62.6030
3409.2,-62.6015
3409.3,-62.5999
3409.4,-62.5984
3409.5,-62.5969
3409.6,-62.5953
3409.7,-62.5938
3409.8,-62.5923
3409.9,-62.5907
3410.0,-62.5892
3410.1,-62.5877
3410.2,-62.5861
3410.3,-62.5846
3410.4,-62.5831
3410.5,-62.5816
3410.6,-62.5800
3410.7,-62.5785
3410.8,-62.5770
3410.9,-62.5755
3411.0,-62.5739
3411.1,-62.5724
3411.2,-62.5709
3411.3,-62.5694
3411.4,-62.5678
3411.5,-62.5663
3411.6,-62.5648
3411.7,-62.5633
3411.8,-62.5617
3411.9,-62.5602
3412.0,-62.5587
3412.1,-62.5572
3412.2,-62.5557
3412.3,-62.5541
3412.4,-62.5526
3412.5,-62.5511
3412.6,-62.5496
3412.7,-62.5481
3412.8,-62.5466
3412.9,-62.5450
3413.0,-62.5435
3413.1,-62.5420
3413.2,-62.5405
3413.3,-62.5390
3413.4,-62.5375
3413.5,-62.5360
3413.6,-62.5345
3413.7,-62.5329
3413.8,-62.5314
3413.9,-62.5299
3414.0,-62.5284
3414.1,-62.5269
3414.2,-62.5254
3414.3,-62.5239
3414.4,-62.5224
3414.5,-62.5209
3414.6,-62.5194
3414.7,-62.5179
3414.8,-62.5164
3414.9,-62.5148
3415.0,-62.5133
3415.1,-62.5118
3415.2,-62.5103
3415.3,-62.5088
3415.4,-62.5073
3415.5,-62.5058
3415.6,-62.5043
3415.7,-62.5028
3415.8,-62.5013
3415.9,-62.4998
3416.0,-62.4983
3416.1,-62.4968
3416.2,-62.4953
3416.3,-62.4938
3416.4,-62.4923
3416.5,-62.4908
3416.6,-62.4893
3416.7,-62.4878
3416.8,-62.4863
3416.9,-62.4849
3417.0,-62.4834
3417.1,-62.4819
3417.2,-62.4804
3417.3,-62.4789
3417.4,-62.4774
3417.5,-62.4759
3417.6,-62.4744
3417.7,-62.4729
3417.8,-62.4714
3417.9,-62.4699
3418.0,-62.4684
3418.1,-62.4669
3418.2,-62.4655
3418.3,-62.4640
3418.4,-62.4625
3418.5,-62.4610
3418.6,-62.4595
3418.7,-62.4580
3418.8,-62.4565
3418.9,-62.4551
3419.0,-62.4536
3419.1,-62.4521
3419.2,-62.4506
3419.3,-62.4491
3419.4,-62.4476
3419.5,-62.4461
3419.6,-62.4447
3419.7,-62.4432
3419.8,-62.4417
3419.9,-62.4402
3420.0,-62.4387
3420.1,-62.4373
3420.2,-62.4358
3420.3,-62.4343
3420.4,-62.4328
3420.5,-62.4314
3420.6,-62.4299
3420.7,-62.4284
3420.8,-62.4269
3420.9,-62.4254
3421.0,-62.4240
3421.1,-62.4225
3421.2,-62.4210
3421.3,-62.4196
3421.4,-62.4181
3421.5,-62.4166
3421.6,-62.4151
3421.7,-62.4137
3421.8,-62.4122
3421.9,-62.4107
3422.0,-62.4093
3422.1,-62.4078
3422.2,-62.4063
3422.3,-62.4048
3422.4,-62.4034
3422.5,-62.4019
3422.6,-62.4004
3422.7,-62.3990
3422.8,-62.3975
3422.9,-62.3960
3423.0,-62.3946
3423.1,-62.3931
3423.2,-62.3917
3423.3,-62.3902
3423.4,-62.3887
3423.5,-62.3873
3423.6,-62.3858
3423.7,-62.3843
3423.8,-62.3829
3423.9,-62.3814
3424.0,-62.3800
3424.1,-62.3785
3424.2,-62.3770
3424.3,-62.3756
3424.4,-62.3741
3424.5,-62.3727
3424.6,-62.3712
3424.7,-62.3697
3424.8,-62.3683
3424.9,-62.3668
3425.0,-62.3654
3425.1,-62.3639
3425.2,-62.3625
3425.3,-62.3610
3425.4,-62.3596
3425.5,-62.3581
3425.6,-62.3567
3425.7,-62.3552
3425.8,-62.3538
3425.9,-62.3523
3426.0,-62.3509
3426.1,-62.3494
3426.2,-62.3480
3426.3,-62.3465
3426.4,-62.3451
3426.5,-62.3436
3426.6,-62.3422
3426.7,-62.3407
3426.8,-62.3393
3426.9,-62.3378
3427.0,-62.3364
3427.1,-62.3349
3427.2,-62.3335
3427.3,-62.3320
3427.4,-62.3306
3427.5,-62.3292
3427.6,-62.3277
3427.7,-62.3263
3427.8,-62.3248
3427.9,-62.3234
3428.0,-62.3219
3428.1,-62.3205
3428.2,-62.3191
3428.3,-62.3176
3428.4,-62.3162
3428.5,-62.3147
3428.6,-62.3133
3428.7,-62.3119
3428.8,-62.3104
3428.9,-62.3090
3429.0,-62.3076
3429.1,-62.3061
3429.2,-62.3047
3429.3,-62.3033
3429.4,-62.3018
3429.5,-62.3004
3429.6,-62.2990
3429.7,-62.2975
3429.8,-62.2961
3429.9,-62.2947
3430.0,-62.2932
3430.1,-62.2918
3430.2,-62.2904
3430.3,-62.2889
3430.4,-62.2875
3430.5,-62.2861
3430.6,-62.2846
3430.7,-62.2832
3430.8,-62.2818
3430.9,-62.2804
3431.0,-62.2789
3431.1,-62.2775
3431.2,-62.2761
3431.3,-62.2747
3431.4,-62.2732
3431.5,-62.2718
3431.6,-62.2704
3431.7,-62.2690
3431.8,-62.2675
3431.9,-62.2661
3432.0,-62.2647
3432.1,-62.2633
3432.2,-62.2619
3432.3,-62.2604
3432.4,-62.2590
3432.5,-62.2576
3432.6,-62.2562
3432.7,-62.2548
3432.8,-62.2533
3432.9,-62.2519
3433.0,-62.2505
3433.1,-62.2491
3433.2,-62.2477
3433.3,-62.2463
3433.4,-62.2448
3433.5,-62.2434
3433.6,-62.2420
3433.7,-62.2406
3433.8,-62.2392
3433.9,-62.2378
3434.0,-62.2364
3434.1,-62.2350
3434.2,-62.2335
3434.3,-62.2321
3434.4,-62.2307
3434.5,-62.2293
3434.6,-62.2279
3434.7,-62.2265
3434.8,-62.2251
3434.9,-62.2237
3435.0,-62.2223
3435.1,-62.2209
3435.2,-62.2195
3435.3,-62.2180
3435.4,-62.2166
3435.5,-62.2152
3435.6,-62.2138
3435.7,-62.2124
3435.8,-62.2110
3435.9,-62.2096
3436.0,-62.2082
3436.1,-62.2068
3436.2,-62.2054
3436.3,-62.2040
3436.4,-62.2026
3436.5,-62.2012
3436.6,-62.1998
3436.7,-62.1984
3436.8,-62.1970
3436.9,-62.1956
3437.0,-62.1942
3437.1,-62.1928
3437.2,-62.1914
3437.3,-62.1900
3437.4,-62.1886
3437.5,-62.1872
3437.6,-62.1858
3437.7,-62.1844
3437.8,-62.1830
3437.9,-62.1816
3438.0,-62.1803
3438.1,-62.1789
3438.2,-62.1775
3438.3,-62.1761
3438.4,-62.1747
3438.5,-62.1733
3438.6,-62.1719
3438.7,-62.1705
3438.8,-62.1691
3438.9,-62.1677
3439.0,-62.1663
3439.1,-62.1650
3439.2,-62.1636
3439.3,-62.1622
3439.4,-62.1608
3439.5,-62.1594
3439.6,-62.1580
3439.7,-62.1566
3439.8,-62.1552
3439.9,-62.1539
3440.0,-62.1525
3440.1,-62.1511
3440.2,-62.1497
3440.3,-62.1483
3440.4,-62.1469
3440.5,-62.1456
3440.6,-62.1442
3440.7,-62.1428
3440.8,-62.1414
3440.9,-62.1400
3441.0,-62.1387
3441.1,-62.1373
3441.2,-62.1359
3441.3,-62.1345
3441.4,-62.1331
3441.5,-62.1318
3441.6,-62.1304
3441.7,-62.1290
3441.8,-62.1276
3441.9,-62.1263
3442.0,-62.1249
3442.1,-62.1235
3442.2,-62.1221
3442.3,-62.1208
3442.4,-62.1194
3442.5,-62.1180
3442.6,-62.1166
3442.7,-62.1153
3442.8,-62.1139
3442.9,-62.1125
3443.0,-62.1112
3443.1,-62.1098
3443.2,-62.1084
3443.3,-62.1071
3443.4,-62.1057
3443.5,-62.1043
3443.6,-62.1029
3443.7,-62.1016
3443.8,-62.1002
3443.9,-62.0988
3444.0,-62.0975
3444.1,-62.0961
3444.2,-62.0947
3444.3,-62.0934
3444.4,-62.0920
3444.5,-62.0907
3444.6,-62.0893
3444.7,-62.0879
3444.8,-62.0866
3444.9,-62.0852
3445.0,-62.0838
3445.1,-62.0825
3445.2,-62.0811
3445.3,-62.0798
3445.4,-62.0784
3445.5,-62.0770
3445.6,-62.0757
3445.7,-62.0743
3445.8,-62.0730
3445.9,-62.0716
3446.0,-62.0703
3446.1,-62.0689
3446.2,-62.0675
3446.3,-62.0662
3446.4,-62.0648
3446.5,-62.0635
3446.6,-62.0621
3446.7,-62.0608
3446.8,-62.0594
3446.9,-62.0581
3447.0,-62.0567
3447.1,-62.0554
3447.2,-62.0540
3447.3,-62.0527
3447.4,-62.0513
3447.5,-62.0500
3447.6,-62.0486
3447.7,-62.0473
3447.8,-62.0459
3447.9,-62.0446
3448.0,-62.0432
3448.1,-62.0419
3448.2,-62.0405
3448.3,-62.0392
3448.4,-62.0378
3448.5,-62.0365
3448.6,-62.0351
3448.7,-62.0338
3448.8,-62.0324
3448.9,-62.0311
3449.0,-62.0298
3449.1,-62.0284
3449.2,-62.0271
3449.3,-62.0257
3449.4,-62.0244
3449.5,-62.0230
3449.6,-62.0217
3449.7,-62.0204
3449.8,-62.0190
3449.9,-62.0177
3450.0,-62.0163
3450.1,-62.0150
3450.2,-62.0137
3450.3,-62.0123
3450.4,-62.0110
3450.5,-62.0097
3450.6,-62.0083
3450.7,-62.0070
3450.8,-62.0056
3450.9,-62.0043
3451.0,-62.0030
3451.1,-62.0016
3451.2,-62.0003
3451.3,-61.9990
3451.4,-61.9976
3451.5,-61.9963
3451.6,-61.9950
3451.7,-61.9936
3451.8,-61.9923
3451.9,-61.9910
3452.0,-61.9897
3452.1,-61.9883
3452.2,-61.9870
3452.3,-61.9857
3452.4,-61.9843
3452.5,-61.9830
3452.6,-61.9817
3452.7,-61.9804
3452.8,-61.9790
3452.9,-61.9777
3453.0,-61.9764
3453.1,-61.9751
3453.2,-61.9737
3453.3,-61.9724
3453.4,-61.9711
3453.5,-61.9698
3453.6,-61.9684
3453.7,-61.9671
3453.8,-61.9658
3453.9,-61.9645
3454.0,-61.9631
3454.1,-61.9618
3454.2,-61.9605
3454.3,-61.9592
3454.4,-61.9579
3454.5,-61.9565
3454.6,-61.9552
3454.7,-61.9539
3454.8,-61.9526
3454.9,-61.9513
3455.0,-61.9500
3455.1,-61.9486
3455.2,-61.9473
3455.3,-61.9460
3455.4,-61.9447
3455.5,-61.9434
3455.6,-61.9421
3455.7,-61.9408
3455.8,-61.9394
3455.9,-61.9381
3456.0,-61.9368
3456.1,-61.9355
3456.2,-61.9342
3456.3,-61.9329
3456.4,-61.9316
3456.5,-61.9303
3456.6,-61.9289
3456.7,-61.9276
3456.8,-61.9263
3456.9,-61.9250
3457.0,-61.9237
3457.1,-61.9224
3457.2,-61.9211
3457.3,-61.9198
3457.4,-61.9185
3457.5,-61.9172
3457.6,-61.9159
3457.7,-61.9146
3457.8,-61.9133
3457.9,-61.9120
3458.0,-61.9107
3458.1,-61.9094
3458.2,-61.9080
3458.3,-61.9067
3458.4,-61.9054
3458.5,-61.9041
3458.6,-61.9028
3458.7,-61.9015
3458.8,-61.9002
3458.9,-61.8989
3459.0,-61.8976
3459.1,-61.8963
3459.2,-61.8950
3459.3,-61.8937
3459.4,-61.8924
3459.5,-61.8912
3459.6,-61.8899
3459.7,-61.8886
3459.8,-61.8873
3459.9,-61.8860
3460.0,-61.8847
3460.1,-61.8834
3460.2,-61.8821
3460.3,-61.8808
3460.4,-61.8795
3460.5,-61.8782
3460.6,-61.8769
3460.7,-61.8756
3460.8,-61.8743
3460.9,-61.8730
3461.0,-61.8717
3461.1,-61.8705
3461.2,-61.8692
3461.3,-61.8679
3461.4,-61.8666
3461.5,-61.8653
3461.6,-61.8640
3461.7,-61.8627
3461.8,-61.8614
3461.9,-61.8601
3462.0,-61.8589
3462.1,-61.8576
3462.2,-61.8563
3462.3,-61.8550
3462.4,-61.8537
3462.5,-61.8524
3462.6,-61.8511
3462.7,-61.8499
3462.8,-61.8486
3462.9,-61.8473
3463.0,-61.8460
3463.1,-61.8447
3463.2,-61.8435
3463.3,-61.8422
3463.4,-61.8409
3463.5,-61.8396
3463.6,-61.8383
3463.7,-61.8371
3463.8,-61.8358
3463.9,-61.8345
3464.0,-61.8332
3464.1,-61.8319
3464.2,-61.8307
3464.3,-61.8294
3464.4,-61.8281
3464.5,-61.8268
3464.6,-61.8256
3464.7,-61.8243
3464.8,-61.8230
3464.9,-61.8217
3465.0,-61.8205
3465.1,-61.8192
3465.2,-61.8179
3465.3,-61.8166
3465.4,-61.8154
3465.5,-61.8141
3465.6,-61.8128
3465.7,-61.8116
3465.8,-61.8103
3465.9,-61.8090
3466.0,-61.8077
3466.1,-61.8065
3466.2,-61.8052
3466.3,-61.8039
3466.4,-61.8027
3466.5,-61.8014
3466.6,-61.8001
3466.7,-61.7989
3466.8,-61.7976
3466.9,-61.7963
3467.0,-61.7951
3467.1,-61.7938
3467.2,-61.7925
3467.3,-61.7913
3467.4,-61.7900
3467.5,-61.7888
3467.6,-61.7875
3467.7,-61.7862
3467.8,-61.7850
3467.9,-61.7837
3468.0,-61.7824
3468.1,-61.7812
3468.2,-61.7799
3468.3,-61.7787
3468.4,-61.7774
3468.5,-61.7762
3468.6,-61.7749
3468.7,-61.7736
3468.8,-61.7724
3468.9,-61.7711
3469.0,-61.7699
3469.1,-61.7686
3469.2,-61.7673
3469.3,-61.7661
3469.4,-61.7648
3469.5,-61.7636
3469.6,-61.7623
3469.7,-61.7611
3469.8,-61.7598
3469.9,-61.7586
3470.0,-61.7573
3470.1,-61.7561
3470.2,-61.7548
3470.3,-61.7536
3470.4,-61.7523
3470.5,-61.7511
3470.6,-61.7498
3470.7,-61.7486
3470.8,-61.7473
3470.9,-61.7461
3471.0,-61.7448
3471.1,-61.7436
3471.2,-61.7423
3471.3,-61.7411
3471.4,-61.7398
3471.5,-61.7386
3471.6,-61.7373
3471.7,-61.7361
3471.8,-61.7348
3471.9,-61.7336
3472.0,-61.7324
3472.1,-61.7311
3472.2,-61.7299
3472.3,-61.7286
3472.4,-61.7274
3472.5,-61.7261
3472.6,-61.7249
3472.7,-61.7237
3472.8,-61.7224
3472.9,-61.7212
3473.0,-61.7199
3473.1,-61.7187
3473.2,-61.7175
3473.3,-61.7162
3473.4,-61.7150
3473.5,-61.7137
3473.6,-61.7125
3473.7,-61.7113
3473.8,-61.7100
3473.9,-61.7088
3474.0,-61.7076
3474.1,-61.7063
3474.2,-61.7051
3474.3,-61.7038
3474.4,-61.7026
3474.5,-61.7014
3474.6,-61.7001
3474.7,-61.6989
3474.8,-61.6977
3474.9,-61.6964
3475.0,-61.6952
3475.1,-61.6940
3475.2,-61.6928
3475.3,-61.6915
3475.4,-61.6903
3475.5,-61.6891
3475.6,-61.6878
3475.7,-61.6866
3475.8,-61.6854
3475.9,-61.6841
3476.0,-61.6829
3476.1,-61.6817
3476.2,-61.6805
3476.3,-61.6792
3476.4,-61.6780
3476.5,-61.6768
3476.6,-61.6756
3476.7,-61.6743
3476.8,-61.6731
3476.9,-61.6719
3477.0,-61.6707
3477.1,-61.6694
3477.2,-61.6682
3477.3,-61.6670
3477.4,-61.6658
3477.5,-61.6645
3477.6,-61.6633
3477.7,-61.6621
3477.8,-61.6609
3477.9,-61.6597
3478.0,-61.6584
3478.1,-61.6572
3478.2,-61.6560
3478.3,-61.6548
3478.4,-61.6536
3478.5,-61.6524
3478.6,-61.6511
3478.7,-61.6499
3478.8,-61.6487
3478.9,-61.6475
3479.0,-61.6463
3479.1,-61.6451
3479.2,-61.6438
3479.3,-61.6426
3479.4,-61.6414
3479.5,-61.6402
3479.6,-61.6390
3479.7,-61.6378
3479.8,-61.6366
3479.9,-61.6353
3480.0,-61.6341
3480.1,-61.6329
3480.2,-61.6317
3480.3,-61.6305
3480.4,-61.6293
3480.5,-61.6281
3480.6,-61.6269
3480.7,-61.6257
3480.8,-61.6245
3480.9,-61.6233
3481.0,-61.6220
3481.1,-61.6208
3481.2,-61.6196
3481.3,-61.6184
3481.4,-61.6172
3481.5,-61.6160
3481.6,-61.6148
3481.7,-61.6136
3481.8,-61.6124
3481.9,-61.6112
3482.0,-61.6100
3482.1,-61.6088
3482.2,-61.6076
3482.3,-61.6064
3482.4,-61.6052
3482.5,-61.6040
3482.6,-61.6028
3482.7,-61.6016
3482.8,-61.6004
3482.9,-61.5992
3483.0,-61.5980
3483.1,-61.5968
3483.2,-61.5956
3483.3,-61.5944
3483.4,-61.5932
3483.5,-61.5920
3483.6,-61.5908
3483.7,-61.5896
3483.8,-61.5884
3483.9,-61.5872
3484.0,-61.5860
3484.1,-61.5848
3484.2,-61.5836
3484.3,-61.5824
3484.4,-61.5812
3484.5,-61.5800
3484.6,-61.5788
3484.7,-61.5776
3484.8,-61.5765
3484.9,-61.5753
3485.0,-61.5741
3485.1,-61.5729
3485.2,-61.5717
3485.3,-61.5705
3485.4,-61.5693
3485.5,-61.5681
3485.6,-61.5669
3485.7,-61.5657
3485.8,-61.5646
3485.9,-61.5634
3486.0,-61.5622
3486.1,-61.5610
3486.2,-61.5598
3486.3,-61.5586
3486.4,-61.5574
3486.5,-61.5562
3486.6,-61.5551
3486.7,-61.5539
3486.8,-61.5527
3486.9,-61.5515
3487.0,-61.5503
3487.1,-61.5491
3487.2,-61.5480
3487.3,-61.5468
3487.4,-61.5456
3487.5,-61.5444
3487.6,-61.5432
3487.7,-61.5420
3487.8,-61.5409
3487.9,-61.5397
3488.0,-61.5385
3488.1,-61.5373
3488.2,-61.5361
3488.3,-61.5350
3488.4,-61.5338
3488.5,-61.5326
3488.6,-61.5314
3488.7,-61.5303
3488.8,-61.5291
3488.9,-61.5279
3489.0,-61.5267
3489.1,-61.5256
3489.2,-61.5244
3489.3,-61.5232
3489.4,-61.5220
3489.5,-61.5209
3489.6,-61.5197
3489.7,-61.5185
3489.8,-61.5173
3489.9,-61.5162
3490.0,-61.5150
3490.1,-61.5138
3490.2,-61.5127
3490.3,-61.5115
3490.4,-61.5103
3490.5,-61.5091
3490.6,-61.5080
3490.7,-61.5068
3490.8,-61.5056
3490.9,-61.5045
3491.0,-61.5033
3491.1,-61.5021
3491.2,-61.5010
3491.3,-61.4998
3491.4,-61.4986
3491.5,-61.4975
3491.6,-61.4963
3491.7,-61.4951
3491.8,-61.4940
3491.9,-61.4928
3492.0,-61.4916
3492.1,-61.4905
3492.2,-61.4893
3492.3,-61.4882
3492.4,-61.4870
3492.5,-61.4858
3492.6,-61.4847
3492.7,-61.4835
3492.8,-61.4823
3492.9,-61.4812
3493.0,-61.4800
3493.1,-61.4789
3493.2,-61.4777
3493.3,-61.4765
3493.4,-61.4754
3493.5,-61.4742
3493.6,-61.4731
3493.7,-61.4719
3493.8,-61.4708
3493.9,-61.4696
3494.0,-61.4684
3494.1,-61.4673
3494.2,-61.4661
3494.3,-61.4650
3494.4,-61.4638
3494.5,-61.4627
3494.6,-61.4615
3494.7,-61.4604
3494.8,-61.4592
3494.9,-61.4581
3495.0,-61.4569
3495.1,-61.4557
3495.2,-61.4546
3495.3,-61.4534
3495.4,-61.4523
3495.5,-61.4511
3495.6,-61.4500
3495.7,-61.4488
3495.8,-61.4477
3495.9,-61.4465
3496.0,-61.4454
3496.1,-61.4442
3496.2,-61.4431
3496.3,-61.4420
3496.4,-61.4408
3496.5,-61.4397
3496.6,-61.4385
3496.7,-61.4374
3496.8,-61.4362
3496.9,-61.4351
3497.0,-61.4339
3497.1,-61.4328
3497.2,-61.4316
3497.3,-61.4305
3497.4,-61.4294
3497.5,-61.4282
3497.6,-61.4271
3497.7,-61.4259
3497.8,-61.4248
3497.9,-61.4236
3498.0,-61.4225
3498.1,-61.4214
3498.2,-61.4202
3498.3,-61.4191
3498.4,-61.4179
3498.5,-61.4168
3498.6,-61.4157
3498.7,-61.4145
3498.8,-61.4134
3498.9,-61.4122
3499.0,-61.4111
3499.1,-61.4100
3499.2,-61.4088
3499.3,-61.4077
3499.4,-61.4066
3499.5,-61.4054
3499.6,-61.4043
3499.7,-61.4032
3499.8,-61.4020
3499.9,-61.4009
3500.0,-61.3998
3500.1,-61.3986
3500.2,-61.3975
3500.3,-61.3964
3500.4,-61.3952
3500.5,-61.3941
3500.6,-61.3930
3500.7,-61.3918
3500.8,-61.3907
3500.9,-61.3896
3501.0,-61.3884
3501.1,-61.3873
3501.2,-61.3862
3501.3,-61.3851
3501.4,-61.3839
3501.5,-61.3828
3501.6,-61.3817
3501.7,-61.3806
3501.8,-61.3794
3501.9,-61.3783
3502.0,-61.3772
3502.1,-61.3760
3502.2,-61.3749
3502.3,-61.3738
3502.4,-61.3727
3502.5,-61.3715
3502.6,-61.3704
3502.7,-61.3693
3502.8,-61.3682
3502.9,-61.3671
3503.0,-61.3659
3503.1,-61.3648
3503.2,-61.3637
3503.3,-61.3626
3503.4,-61.3614
3503.5,-61.3603
3503.6,-61.3592
3503.7,-61.3581
3503.8,-61.3570
3503.9,-61.3558
3504.0,-61.3547
3504.1,-61.3536
3504.2,-61.3525
3504.3,-61.3514
3504.4,-61.3503
3504.5,-61.3491
3504.6,-61.3480
3504.7,-61.3469
3504.8,-61.3458
3504.9,-61.3447
3505.0,-61.3436
3505.1,-61.3425
3505.2,-61.3413
3505.3,-61.3402
3505.4,-61.3391
3505.5,-61.3380
3505.6,-61.3369
3505.7,-61.3358
3505.8,-61.3347
3505.9,-61.3336
3506.0,-61.3324
3506.1,-61.3313
3506.2,-61.3302
3506.3,-61.3291
3506.4,-61.3280
3506.5,-61.3269
3506.6,-61.3258
3506.7,-61.3247
3506.8,-61.3236
3506.9,-61.3225
3507.0,-61.3214
3507.1,-61.3202
3507.2,-61.3191
3507.3,-61.3180
3507.4,-61.3169
3507.5,-61.3158
3507.6,-61.3147
3507.7,-61.3136
3507.8,-61.3125
3507.9,-61.3114
3508.0,-61.3103
3508.1,-61.3092
3508.2,-61.3081
3508.3,-61.3070
3508.4,-61.3059
3508.5,-61.3048
3508.6,-61.3037
3508.7,-61.3026
3508.8,-61.3015
3508.9,-61.3004
3509.0,-61.2993
3509.1,-61.2982
3509.2,-61.2971
3509.3,-61.2960
3509.4,-61.2949
3509.5,-61.2938
3509.6,-61.2927
3509.7,-61.2916
3509.8,-61.2905
3509.9,-61.2894
3510.0,-61.2883
3510.1,-61.2872
3510.2,-61.2861
3510.3,-61.2850
3510.4,-61.2839
3510.5,-61.2828
3510.6,-61.2817
3510.7,-61.2806
3510.8,-61.2795
3510.9,-61.2785
3511.0,-61.2774
3511.1,-61.2763
3511.2,-61.2752
3511.3,-61.2741
3511.4,-61.2730
3511.5,-61.2719
3511.6,-61.2708
3511.7,-61.2697
3511.8,-61.2686
3511.9,-61.2675
3512.0,-61.2665
3512.1,-61.2654
3512.2,-61.2643
3512.3,-61.2632
3512.4,-61.2621
3512.5,-61.2610
3512.6,-61.2599
3512.7,-61.2588
3512.8,-61.2578
3512.9,-61.2567
3513.0,-61.2556
3513.1,-61.2545
3513.2,-61.2534
3513.3,-61.2523
3513.4,-61.2512
3513.5,-61.2502
3513.6,-61.2491
3513.7,-61.2480
3513.8,-61.2469
3513.9,-61.2458
3514.0,-61.2448
3514.1,-61.2437
3514.2,-61.2426
3514.3,-61.2415
3514.4,-61.2404
3514.5,-61.2393
3514.6,-61.2383
3514.7,-61.2372
3514.8,-61.2361
3514.9,-61.2350
3515.0,-61.2340
3515.1,-61.2329
3515.2,-61.2318
3515.3,-61.2307
3515.4,-61.2296
3515.5,-61.2286
3515.6,-61.2275
3515.7,-61.2264
3515.8,-61.2253
3515.9,-61.2243
3516.0,-61.2232
3516.1,-61.2221
3516.2,-61.2210
3516.3,-61.2200
3516.4,-61.2189
3516.5,-61.2178
3516.6,-61.2168
3516.7,-61.2157
3516.8,-61.2146
3516.9,-61.2135
3517.0,-61.2125
3517.1,-61.2114
3517.2,-61.2103
3517.3,-61.2093
3517.4,-61.2082
3517.5,-61.2071
3517.6,-61.2060
3517.7,-61.2050
3517.8,-61.2039
3517.9,-61.2028
3518.0,-61.2018
3518.1,-61.2007
3518.2,-61.1996
3518.3,-61.1986
3518.4,-61.1975
3518.5,-61.1964
3518.6,-61.1954
3518.7,-61.1943
3518.8,-61.1932
3518.9,-61.1922
3519.0,-61.1911
3519.1,-61.1901
3519.2,-61.1890
3519.3,-61.1879
3519.4,-61.1869
3519.5,-61.1858
3519.6,-61.1847
3519.7,-61.1837
3519.8,-61.1826
3519.9,-61.1816
3520.0,-61.1805
3520.1,-61.1794
3520.2,-61.1784
3520.3,-61.1773
3520.4,-61.1763
3520.5,-61.1752
3520.6,-61.1741
3520.7,-61.1731
3520.8,-61.1720
3520.9,-61.1710
3521.0,-61.1699
3521.1,-61.1689
3521.2,-61.1678
3521.3,-61.1667
3521.4,-61.1657
3521.5,-61.1646
3521.6,-61.1636
3521.7,-61.1625
3521.8,-61.1615
3521.9,-61.1604
3522.0,-61.1594
3522.1,-61.1583
3522.2,-61.1573
3522.3,-61.1562
3522.4,-61.1552
3522.5,-61.1541
3522.6,-61.1531
3522.7,-61.1520
3522.8,-61.1510
3522.9,-61.1499
3523.0,-61.1489
3523.1,-61.1478
3523.2,-61.1468
3523.3,-61.1457
3523.4,-61.1447
3523.5,-61.1436
3523.6,-61.1426
3523.7,-61.1415
3523.8,-61.1405
3523.9,-61.1394
3524.0,-61.1384
3524.1,-61.1373
3524.2,-61.1363
3524.3,-61.1352
3524.4,-61.1342
3524.5,-61.1331
3524.6,-61.1321
3524.7,-61.1311
3524.8,-61.1300
3524.9,-61.1290
3525.0,-61.1279
3525.1,-61.1269
3525.2,-61.1258
3525.3,-61.1248
3525.4,-61.1238
3525.5,-61.1227
3525.6,-61.1217
3525.7,-61.1206
3525.8,-61.1196
3525.9,-61.1186
3526.0,-61.1175
3526.1,-61.1165
3526.2,-61.1154
3526.3,-61.1144
3526.4,-61.1134
3526.5,-61.1123
3526.6,-61.1113
3526.7,-61.1103
3526.8,-61.1092
3526.9,-61.1082
3527.0,-61.1071
3527.1,-61.1061
3527.2,-61.1051
3527.3,-61.1040
3527.4,-61.1030
3527.5,-61.1020
3527.6,-61.1009
3527.7,-61.0999
3527.8,-61.0989
3527.9,-61.0978
3528.0,-61.0968
3528.1,-61.0958
3528.2,-61.0947
3528.3,-61.0937
3528.4,-61.0927
3528.5,-61.0917
3528.6,-61.0906
3528.7,-61.0896
3528.8,-61.0886
3528.9,-61.0875
3529.0,-61.0865
3529.1,-61.0855
3529.2,-61.0844
3529.3,-61.0834
3529.4,-61.0824
3529.5,-61.0814
3529.6,-61.0803
3529.7,-61.0793
3529.8,-61.0783
3529.9,-61.0773
3530.0,-61.0762
3530.1,-61.0752
3530.2,-61.0742
3530.3,-61.0732
3530.4,-61.0721
3530.5,-61.0711
3530.6,-61.0701
3530.7,-61.0691
3530.8,-61.0680
3530.9,-61.0670
3531.0,-61.0660
3531.1,-61.0650
3531.2,-61.0640
3531.3,-61.0629
3531.4,-61.0619
3531.5,-61.0609
3531.6,-61.0599
3531.7,-61.0588
3531.8,-61.0578
3531.9,-61.0568
3532.0,-61.0558
3532.1,-61.0548
3532.2,-61.0538
3532.3,-61.0527
3532.4,-61.0517
3532.5,-61.0507
3532.6,-61.0497
3532.7,-61.0487
3532.8,-61.0477
3532.9,-61.0466
3533.0,-61.0456
3533.1,-61.0446
3533.2,-61.0436
3533.3,-61.0426
3533.4,-61.0416
3533.5,-61.0406
3533.6,-61.0395
3533.7,-61.0385
3533.8,-61.0375
3533.9,-61.0365
3534.0,-61.0355
3534.1,-61.0345
3534.2,-61.0335
3534.3,-61.0325
3534.4,-61.0314
3534.5,-61.0304
3534.6,-61.0294
3534.7,-61.0284
3534.8,-61.0274
3534.9,-61.0264
3535.0,-61.0254
3535.1,-61.0244
3535.2,-61.0234
3535.3,-61.0224
3535.4,-61.0214
3535.5,-61.0203
3535.6,-61.0193
3535.7,-61.0183
3535.8,-61.0173
3535.9,-61.0163
3536.0,-61.0153
3536.1,-61.0143
3536.2,-61.0133
3536.3,-61.0123
3536.4,-61.0113
3536.5,-61.0103
3536.6,-61.0093
3536.7,-61.0083
3536.8,-61.0073
3536.9,-61.0063
3537.0,-61.0053
3537.1,-61.0043
3537.2,-61.0033
3537.3,-61.0023
3537.4,-61.0013
3537.5,-61.0003
3537.6,-60.9993
3537.7,-60.9983
3537.8,-60.9973
3537.9,-60.9963
3538.0,-60.9953
3538.1,-60.9943
3538.2,-60.9933
3538.3,-60.9923
3538.4,-60.9913
3538.5,-60.9903
3538.6,-60.9893
3538.7,-60.9883
3538.8,-60.9873
3538.9,-60.9863
3539.0,-60.9853
3539.1,-60.9843
3539.2,-60.9833
3539.3,-60.9823
3539.4,-60.9813
3539.5,-60.9803
3539.6,-60.9793
3539.7,-60.9784
3539.8,-60.9774
3539.9,-60.9764
3540.0,-60.9754
3540.1,-60.9744
3540.2,-60.9734
3540.3,-60.9724
3540.4,-60.9714
3540.5,-60.9704
3540.6,-60.9694
3540.7,-60.9684
3540.8,-60.9675
3540.9,-60.9665
3541.0,-60.9655
3541.1,-60.9645
3541.2,-60.9635
3541.3,-60.9625
3541.4,-60.9615
3541.5,-60.9605
3541.6,-60.9596
3541.7,-60.9586
3541.8,-60.9576
3541.9,-60.9566
3542.0,-60.9556
3542.1,-60.9546
3542.2,-60.9536
3542.3,-60.9527
3542.4,-60.9517
3542.5,-60.9507
3542.6,-60.9497
3542.7,-60.9487
3542.8,-60.9477
3542.9,-60.9468
3543.0,-60.9458
3543.1,-60.9448
3543.2,-60.9438
3543.3,-60.9428
3543.4,-60.9418
3543.5,-60.9409
3543.6,-60.9399
3543.7,-60.9389
3543.8,-60.9379
3543.9,-60.9370
3544.0,-60.9360
3544.1,-60.9350
3544.2,-60.9340
3544.3,-60.9330
3544.4,-60.9321
3544.5,-60.9311
3544.6,-60.9301
3544.7,-60.9291
3544.8,-60.9282
3544.9,-60.9272
3545.0,-60.9262
3545.1,-60.9252
3545.2,-60.9243
3545.3,-60.9233
3545.4,-60.9223
3545.5,-60.9213
3545.6,-60.9204
3545.7,-60.9194
3545.8,-60.9184
3545.9,-60.9174
3546.0,-60.9165
3546.1,-60.9155
3546.2,-60.9145
3546.3,-60.9135
3546.4,-60.9126
3546.5,-60.9116
3546.6,-60.9106
3546.7,-60.9097
3546.8,-60.9087
3546.9,-60.9077
3547.0,-60.9068
3547.1,-60.9058
3547.2,-60.9048
3547.3,-60.9039
3547.4,-60.9029
3547.5,-60.9019
3547.6,-60.9010
3547.7,-60.9000
3547.8,-60.8990
3547.9,-60.8981
3548.0,-60.8971
3548.1,-60.8961
3548.2,-60.8952
3548.3,-60.8942
3548.4,-60.8932
3548.5,-60.8923
3548.6,-60.8913
3548.7,-60.8903
3548.8,-60.8894
3548.9,-60.8884
3549.0,-60.8874
3549.1,-60.8865
3549.2,-60.8855
3549.3,-60.8846
3549.4,-60.8836
3549.5,-60.8826
3549.6,-60.8817
3549.7,-60.8807
3549.8,-60.8798
3549.9,-60.8788
3550.0,-60.8778
3550.1,-60.8769
3550.2,-60.8759
3550.3,-60.8750
3550.4,-60.8740
3550.5,-60.8730
3550.6,-60.8721
3550.7,-60.8711
3550.8,-60.8702
3550.9,-60.8692
3551.0,-60.8683
3551.1,-60.8673
3551.2,-60.8663
3551.3,-60.8654
3551.4,-60.8644
3551.5,-60.8635
3551.6,-60.8625
3551.7,-60.8616
3551.8,-60.8606
3551.9,-60.8597
3552.0,-60.8587
3552.1,-60.8578
3552.2,-60.8568
3552.3,-60.8559
3552.4,-60.8549
3552.5,-60.8540
3552.6,-60.8530
3552.7,-60.8521
3552.8,-60.8511
3552.9,-60.8502
3553.0,-60.8492
3553.1,-60.8483
3553.2,-60.8473
3553.3,-60.8464
3553.4,-60.8454
3553.5,-60.8445
3553.6,-60.8435
3553.7,-60.8426
3553.8,-60.8416
3553.9,-60.8407
3554.0,-60.8397
3554.1,-60.8388
3554.2,-60.8378
3554.3,-60.8369
3554.4,-60.8359
3554.5,-60.8350
3554.6,-60.8340
3554.7,-60.8331
3554.8,-60.8322
3554.9,-60.8312
3555.0,-60.8303
3555.1,-60.8293
3555.2,-60.8284
3555.3,-60.8274
3555.4,-60.8265
3555.5,-60.8256
3555.6,-60.8246
3555.7,-60.8237
3555.8,-60.8227
3555.9,-60.8218
3556.0,-60.8209
3556.1,-60.8199
3556.2,-60.8190
3556.3,-60.8180
3556.4,-60.8171
3556.5,-60.8162
3556.6,-60.8152
3556.7,-60.8143
3556.8,-60.8133
3556.9,-60.8124
3557.0,-60.8115
3557.1,-60.8105
3557.2,-60.8096
3557.3,-60.8087
3557.4,-60.8077
3557.5,-60.8068
3557.6,-60.8058
3557.7,-60.8049
3557.8,-60.8040
3557.9,-60.8030
3558.0,-60.8021
3558.1,-60.8012
3558.2,-60.8002
3558.3,-60.7993
3558.4,-60.7984
3558.5,-60.7974
3558.6,-60.7965
3558.7,-60.7956
3558.8,-60.7946
3558.9,-60.7937
3559.0,-60.7928
3559.1,-60.7919
3559.2,-60.7909
3559.3,-60.7900
3559.4,-60.7891
3559.5,-60.7881
3559.6,-60.7872
3559.7,-60.7863
3559.8,-60.7853
3559.9,-60.7844
3560.0,-60.7835
3560.1,-60.7826
3560.2,-60.7816
3560.3,-60.7807
3560.4,-60.7798
3560.5,-60.7789
3560.6,-60.7779
3560.7,-60.7770
3560.8,-60.7761
3560.9,-60.7752
3561.0,-60.7742
3561.1,-60.7733
3561.2,-60.7724
3561.3,-60.7715
3561.4,-60.7705
3561.5,-60.7696
3561.6,-60.7687
3561.7,-60.7678
3561.8,-60.7668
3561.9,-60.7659
3562.0,-60.7650
3562.1,-60.7641
3562.2,-60.7632
3562.3,-60.7622
3562.4,-60.7613
3562.5,-60.7604
3562.6,-60.7595
3562.7,-60.7585
3562.8,-60.7576
3562.9,-60.7567
3563.0,-60.7558
3563.1,-60.7549
3563.2,-60.7540
3563.3,-60.7530
3563.4,-60.7521
3563.5,-60.7512
3563.6,-60.7503
3563.7,-60.7494
3563.8,-60.7485
3563.9,-60.7475
3564.0,-60.7466
3564.1,-60.7457
3564.2,-60.7448
3564.3,-60.7439
3564.4,-60.7430
3564.5,-60.7420
3564.6,-60.7411
3564.7,-60.7402
3564.8,-60.7393
3564.9,-60.7384
3565.0,-60.7375
3565.1,-60.7366
3565.2,-60.7357
3565.3,-60.7347
3565.4,-60.7338
3565.5,-60.7329
3565.6,-60.7320
3565.7,-60.7311
3565.8,-60.7302
3565.9,-60.7293
3566.0,-60.7284
3566.1,-60.7275
3566.2,-60.7266
3566.3,-60.7256
3566.4,-60.7247
3566.5,-60.7238
3566.6,-60.7229
3566.7,-60.7220
3566.8,-60.7211
3566.9,-60.7202
3567.0,-60.7193
3567.1,-60.7184
3567.2,-60.7175
3567.3,-60.7166
3567.4,-60.7157
3567.5,-60.7148
3567.6,-60.7139
3567.7,-60.7130
3567.8,-60.7121
3567.9,-60.7111
3568.0,-60.7102
3568.1,-60.7093
3568.2,-60.7084
3568.3,-60.7075
3568.4,-60.7066
3568.5,-60.7057
3568.6,-60.7048
3568.7,-60.7039
3568.8,-60.7030
3568.9,-60.7021
3569.0,-60.7012
3569.1,-60.7003
3569.2,-60.6994
3569.3,-60.6985
3569.4,-60.6976
3569.5,-60.6967
3569.6,-60.6958
3569.7,-60.6949
3569.8,-60.6940
3569.9,-60.6931
3570.0,-60.6922
3570.1,-60.6913
3570.2,-60.6904
3570.3,-60.6895
3570.4,-60.6886
3570.5,-60.6878
3570.6,-60.6869
3570.7,-60.6860
3570.8,-60.6851
3570.9,-60.6842
3571.0,-60.6833
3571.1,-60.6824
3571.2,-60.6815
3571.3,-60.6806
3571.4,-60.6797
3571.5,-60.6788
3571.6,-60.6779
3571.7,-60.6770
3571.8,-60.6761
3571.9,-60.6752
3572.0,-60.6743
3572.1,-60.6735
3572.2,-60.6726
3572.3,-60.6717
3572.4,-60.6708
3572.5,-60.6699
3572.6,-60.6690
3572.7,-60.6681
3572.8,-60.6672
3572.9,-60.6663
3573.0,-60.6654
3573.1,-60.6646
3573.2,-60.6637
3573.3,-60.6628
3573.4,-60.6619
3573.5,-60.6610
3573.6,-60.6601
3573.7,-60.6592
3573.8,-60.6583
3573.9,-60.6575
3574.0,-60.6566
3574.1,-60.6557
3574.2,-60.6548
3574.3,-60.6539
3574.4,-60.6530
3574.5,-60.6522
3574.6,-60.6513
3574.7,-60.6504
3574.8,-60.6495
3574.9,-60.6486
3575.0,-60.6477
3575.1,-60.6469
3575.2,-60.6460
3575.3,-60.6451
3575.4,-60.6442
3575.5,-60.6433
3575.6,-60.6424
3575.7,-60.6416
3575.8,-60.6407
3575.9,-60.6398
3576.0,-60.6389
3576.1,-60.6380
3576.2,-60.6372
3576.3,-60.6363
3576.4,-60.6354
3576.5,-60.6345
3576.6,-60.6337
3576.7,-60.6328
3576.8,-60.6319
3576.9,-60.6310
3577.0,-60.6301
3577.1,-60.6293
3577.2,-60.6284
3577.3,-60.6275
3577.4,-60.6266
3577.5,-60.6258
3577.6,-60.6249
3577.7,-60.6240
3577.8,-60.6231
3577.9,-60.6223
3578.0,-60.6214
3578.1,-60.6205
3578.2,-60.6196
3578.3,-60.6188
3578.4,-60.6179
3578.5,-60.6170
3578.6,-60.6162
3578.7,-60.6153
3578.8,-60.6144
3578.9,-60.6135
3579.0,-60.6127
3579.1,-60.6118
3579.2,-60.6109
3579.3,-60.6101
3579.4,-60.6092
3579.5,-60.6083
3579.6,-60.6074
3579.7,-60.6066
3579.8,-60.6057
3579.9,-60.6048
3580.0,-60.6040
3580.1,-60.6031
3580.2,-60.6022
3580.3,-60.6014
3580.4,-60.6005
3580.5,-60.5996
3580.6,-60.5988
3580.7,-60.5979
3580.8,-60.5970
3580.9,-60.5962
3581.0,-60.5953
3581.1,-60.5944
3581.2,-60.5936
3581.3,-60.5927
3581.4,-60.5918
3581.5,-60.5910
3581.6,-60.5901
3581.7,-60.5893
3581.8,-60.5884
3581.9,-60.5875
3582.0,-60.5867
3582.1,-60.5858
3582.2,-60.5849
3582.3,-60.5841
3582.4,-60.5832
3582.5,-60.5824
3582.6,-60.5815
3582.7,-60.5806
3582.8,-60.5798
3582.9,-60.5789
3583.0,-60.5781
3583.1,-60.5772
3583.2,-60.5763
3583.3,-60.5755
3583.4,-60.5746
3583.5,-60.5738
3583.6,-60.5729
3583.7,-60.5721
3583.8,-60.5712
3583.9,-60.5703
3584.0,-60.5695
3584.1,-60.5686
3584.2,-60.5678
3584.3,-60.5669
3584.4,-60.5661
3584.5,-60.5652
3584.6,-60.5644
3584.7,-60.5635
3584.8,-60.5626
3584.9,-60.5618
3585.0,-60.5609
3585.1,-60.5601
3585.2,-60.5592
3585.3,-60.5584
3585.4,-60.5575
3585.5,-60.5567
3585.6,-60.5558
3585.7,-60.5550
3585.8,-60.5541
3585.9,-60.5533
3586.0,-60.5524
3586.1,-60.5516
3586.2,-60.5507
3586.3,-60.5499
3586.4,-60.5490
3586.5,-60.5482
3586.6,-60.5473
3586.7,-60.5465
3586.8,-60.5456
3586.9,-60.5448
3587.0,-60.5439
3587.1,-60.5431
3587.2,-60.5422
3587.3,-60.5414
3587.4,-60.5405
3587.5,-60.5397
3587.6,-60.5388
3587.7,-60.5380
3587.8,-60.5371
3587.9,-60.5363
3588.0,-60.5355
3588.1,-60.5346
3588.2,-60.5338
3588.3,-60.5329
3588.4,-60.5321
3588.5,-60.5312
3588.6,-60.5304
3588.7,-60.5295
3588.8,-60.5287
3588.9,-60.5279
3589.0,-60.5270
3589.1,-60.5262
3589.2,-60.5253
3589.3,-60.5245
3589.4,-60.5236
3589.5,-60.5228
3589.6,-60.5220
3589.7,-60.5211
3589.8,-60.5203
3589.9,-60.5194
3590.0,-60.5186
3590.1,-60.5178
3590.2,-60.5169
3590.3,-60.5161
3590.4,-60.5152
3590.5,-60.5144
3590.6,-60.5136
3590.7,-60.5127
3590.8,-60.5119
3590.9,-60.5111
3591.0,-60.5102
3591.1,-60.5094
3591.2,-60.5086
3591.3,-60.5077
3591.4,-60.5069
3591.5,-60.5060
3591.6,-60.5052
3591.7,-60.5044
3591.8,-60.5035
3591.9,-60.5027
3592.0,-60.5019
3592.1,-60.5010
3592.2,-60.5002
3592.3,-60.4994
3592.4,-60.4985
3592.5,-60.4977
3592.6,-60.4969
3592.7,-60.4960
3592.8,-60.4952
3592.9,-60.4944
3593.0,-60.4935
3593.1,-60.4927
3593.2,-60.4919
3593.3,-60.4911
3593.4,-60.4902
3593.5,-60.4894
3593.6,-60.4886
3593.7,-60.4877
3593.8,-60.4869
3593.9,-60.4861
3594.0,-60.4852
3594.1,-60.4844
3594.2,-60.4836
3594.3,-60.4828
3594.4,-60.4819
3594.5,-60.4811
3594.6,-60.4803
3594.7,-60.4795
3594.8,-60.4786
3594.9,-60.4778
3595.0,-60.4770
3595.1,-60.4762
3595.2,-60.4753
3595.3,-60.4745
3595.4,-60.4737
3595.5,-60.4729
3595.6,-60.4720
3595.7,-60.4712
3595.8,-60.4704
3595.9,-60.4696
3596.0,-60.4687
3596.1,-60.4679
3596.2,-60.4671
3596.3,-60.4663
3596.4,-60.4654
3596.5,-60.4646
3596.6,-60.4638
3596.7,-60.4630
3596.8,-60.4622
3596.9,-60.4613
3597.0,-60.4605
3597.1,-60.4597
3597.2,-60.4589
3597.3,-60.4581
3597.4,-60.4572
3597.5,-60.4564
3597.6,-60.4556
3597.7,-60.4548
3597.8,-60.4540
3597.9,-60.4531
3598.0,-60.4523
3598.1,-60.4515
3598.2,-60.4507
3598.3,-60.4499
3598.4,-60.4491
3598.5,-60.4482
3598.6,-60.4474
3598.7,-60.4466
3598.8,-60.4458
3598.9,-60.4450
3599.0,-60.4442
3599.1,-60.4434
3599.2,-60.4425
3599.3,-60.4417
3599.4,-60.4409
3599.5,-60.4401
3599.6,-60.4393
3599.7,-60.4385
3599.8,-60.4377
3599.9,-60.4368
3600.0,-60.4360
3600.1,-60.4352
3600.2,-60.4344
3600.3,-60.4336
3600.4,-60.4328
3600.5,-60.4320
3600.6,-60.4312
3600.7,-60.4304
3600.8,-60.4295
3600.9,-60.4287
3601.0,-60.4279
3601.1,-60.4271
3601.2,-60.4263
3601.3,-60.4255
3601.4,-60.4247
3601.5,-60.4239
3601.6,-60.4231
3601.7,-60.4223
3601.8,-60.4215
3601.9,-60.4207
3602.0,-60.4198
3602.1,-60.4190
3602.2,-60.4182
3602.3,-60.4174
3602.4,-60.4166
3602.5,-60.4158
3602.6,-60.4150
3602.7,-60.4142
3602.8,-60.4134
3602.9,-60.4126
3603.0,-60.4118
3603.1,-60.4110
3603.2,-60.4102
3603.3,-60.4094
3603.4,-60.4086
3603.5,-60.4078
3603.6,-60.4070
3603.7,-60.4062
3603.8,-60.4054
3603.9,-60.4046
3604.0,-60.4038
3604.1,-60.4030
3604.2,-60.4022
3604.3,-60.4014
3604.4,-60.4006
3604.5,-60.3998
3604.6,-60.3990
3604.7,-60.3982
3604.8,-60.3974
3604.9,-60.3966
3605.0,-60.3958
3605.1,-60.3950
3605.2,-60.3942
3605.3,-60.3934
3605.4,-60.3926
3605.5,-60.3918
3605.6,-60.3910
3605.7,-60.3902
3605.8,-60.3894
3605.9,-60.3886
3606.0,-60.3878
3606.1,-60.3870
3606.2,-60.3862
3606.3,-60.3854
3606.4,-60.3846
3606.5,-60.3838
3606.6,-60.3830
3606.7,-60.3822
3606.8,-60.3814
3606.9,-60.3806
3607.0,-60.3799
3607.1,-60.3791
3607.2,-60.3783
3607.3,-60.3775
3607.4,-60.3767
3607.5,-60.3759
3607.6,-60.3751
3607.7,-60.3743
3607.8,-60.3735
3607.9,-60.3727
3608.0,-60.3719
3608.1,-60.3711
3608.2,-60.3704
3608.3,-60.3696
3608.4,-60.3688
3608.5,-60.3680
3608.6,-60.3672
3608.7,-60.3664
3608.8,-60.3656
3608.9,-60.3648
3609.0,-60.3640
3609.1,-60.3633
3609.2,-60.3625
3609.3,-60.3617
3609.4,-60.3609
3609.5,-60.3601
3609.6,-60.3593
3609.7,-60.3585
3609.8,-60.3577
3609.9,-60.3570
3610.0,-60.3562
3610.1,-60.3554
3610.2,-60.3546
3610.3,-60.3538
3610.4,-60.3530
3610.5,-60.3522
3610.6,-60.3515
3610.7,-60.3507
3610.8,-60.3499
3610.9,-60.3491
3611.0,-60.3483
3611.1,-60.3475
3611.2,-60.3468
3611.3,-60.3460
3611.4,-60.3452
3611.5,-60.3444
3611.6,-60.3436
3611.7,-60.3429
3611.8,-60.3421
3611.9,-60.3413
3612.0,-60.3405
3612.1,-60.3397
3612.2,-60.3390
3612.3,-60.3382
3612.4,-60.3374
3612.5,-60.3366
3612.6,-60.3358
3612.7,-60.3351
3612.8,-60.3343
3612.9,-60.3335
3613.0,-60.3327
3613.1,-60.3320
3613.2,-60.3312
3613.3,-60.3304
3613.4,-60.3296
3613.5,-60.3288
3613.6,-60.3281
3613.7,-60.3273
3613.8,-60.3265
3613.9,-60.3257
3614.0,-60.3250
3614.1,-60.3242
3614.2,-60.3234
3614.3,-60.3226
3614.4,-60.3219
3614.5,-60.3211
3614.6,-60.3203
3614.7,-60.3195
3614.8,-60.3188
3614.9,-60.3180
3615.0,-60.3172
3615.1,-60.3165
3615.2,-60.3157
3615.3,-60.3149
3615.4,-60.3141
3615.5,-60.3134
3615.6,-60.3126
3615.7,-60.3118
3615.8,-60.3111
3615.9,-60.3103
3616.0,-60.3095
3616.1,-60.3087
3616.2,-60.3080
3616.3,-60.3072
3616.4,-60.3064
3616.5,-60.3057
3616.6,-60.3049
3616.7,-60.3041
3616.8,-60.3034
3616.9,-60.3026
3617.0,-60.3018
3617.1,-60.3011
3617.2,-60.3003
3617.3,-60.2995
3617.4,-60.2988
3617.5,-60.2980
3617.6,-60.2972
3617.7,-60.2965
3617.8,-60.2957
3617.9,-60.2949
3618.0,-60.2942
3618.1,-60.2934
3618.2,-60.2926
3618.3,-60.2919
3618.4,-60.2911
3618.5,-60.2904
3618.6,-60.2896
3618.7,-60.2888
3618.8,-60.2881
3618.9,-60.2873
3619.0,-60.2865
3619.1,-60.2858
3619.2,-60.2850
3619.3,-60.2843
3619.4,-60.2835
3619.5,-60.2827
3619.6,-60.2820
3619.7,-60.2812
3619.8,-60.2804
3619.9,-60.2797
3620.0,-60.2789
3620.1,-60.2782
3620.2,-60.2774
3620.3,-60.2767
3620.4,-60.2759
3620.5,-60.2751
3620.6,-60.2744
3620.7,-60.2736
3620.8,-60.2729
3620.9,-60.2721
3621.0,-60.2713
3621.1,-60.2706
3621.2,-60.2698
3621.3,-60.2691
3621.4,-60.2683
3621.5,-60.2676
3621.6,-60.2668
3621.7,-60.2661
3621.8,-60.2653
3621.9,-60.2645
3622.0,-60.2638
3622.1,-60.2630
3622.2,-60.2623
3622.3,-60.2615
3622.4,-60.2608
3622.5,-60.2600
3622.6,-60.2593
3622.7,-60.2585
3622.8,-60.2578
3622.9,-60.2570
3623.0,-60.2563
3623.1,-60.2555
3623.2,-60.2547
3623.3,-60.2540
3623.4,-60.2532
3623.5,-60.2525
3623.6,-60.2517
3623.7,-60.2510
3623.8,-60.2502
3623.9,-60.2495
3624.0,-60.2487
3624.1,-60.2480
3624.2,-60.2472
3624.3,-60.2465
3624.4,-60.2457
3624.5,-60.2450
3624.6,-60.2443
3624.7,-60.2435
3624.8,-60.2428
3624.9,-60.2420
3625.0,-60.2413
3625.1,-60.2405
3625.2,-60.2398
3625.3,-60.2390
3625.4,-60.2383
3625.5,-60.2375
3625.6,-60.2368
3625.7,-60.2360
3625.8,-60.2353
3625.9,-60.2345
3626.0,-60.2338
3626.1,-60.2331
3626.2,-60.2323
3626.3,-60.2316
3626.4,-60.2308
3626.5,-60.2301
3626.6,-60.2293
3626.7,-60.2286
3626.8,-60.2279
3626.9,-60.2271
3627.0,-60.2264
3627.1,-60.2256
3627.2,-60.2249
3627.3,-60.2241
3627.4,-60.2234
3627.5,-60.2227
3627.6,-60.2219
3627.7,-60.2212
3627.8,-60.2204
3627.9,-60.2197
3628.0,-60.2190
3628.1,-60.2182
3628.2,-60.2175
3628.3,-60.2167
3628.4,-60.2160
3628.5,-60.2153
3628.6,-60.2145
3628.7,-60.2138
3628.8,-60.2131
3628.9,-60.2123
3629.0,-60.2116
3629.1,-60.2108
3629.2,-60.2101
3629.3,-60.2094
3629.4,-60.2086
3629.5,-60.2079
3629.6,-60.2072
3629.7,-60.2064
3629.8,-60.2057
3629.9,-60.2050
3630.0,-60.2042
3630.1,-60.2035
3630.2,-60.2027
3630.3,-60.2020
3630.4,-60.2013
3630.5,-60.2005
3630.6,-60.1998
3630.7,-60.1991
3630.8,-60.1983
3630.9,-60.1976
3631.0,-60.1969
3631.1,-60.1961
3631.2,-60.1954
3631.3,-60.1947
3631.4,-60.1940
3631.5,-60.1932
3631.6,-60.1925
3631.7,-60.1918
3631.8,-60.1910
3631.9,-60.1903
3632.0,-60.1896
3632.1,-60.1888
3632.2,-60.1881
3632.3,-60.1874
3632.4,-60.1867
3632.5,-60.1859
3632.6,-60.1852
3632.7,-60.1845
3632.8,-60.1837
3632.9,-60.1830
3633.0,-60.1823
3633.1,-60.1816
3633.2,-60.1808
3633.3,-60.1801
3633.4,-60.1794
3633.5,-60.1786
3633.6,-60.1779
3633.7,-60.1772
3633.8,-60.1765
3633.9,-60.1757
3634.0,-60.1750
3634.1,-60.1743
3634.2,-60.1736
3634.3,-60.1728
3634.4,-60.1721
3634.5,-60.1714
3634.6,-60.1707
3634.7,-60.1700
3634.8,-60.1692
3634.9,-60.1685
3635.0,-60.1678
3635.1,-60.1671
3635.2,-60.1663
3635.3,-60.1656
3635.4,-60.1649
3635.5,-60.1642
3635.6,-60.1635
3635.7,-60.1627
3635.8,-60.1620
3635.9,-60.1613
3636.0,-60.1606
3636.1,-60.1598
3636.2,-60.1591
3636.3,-60.1584
3636.4,-60.1577
3636.5,-60.1570
3636.6,-60.1563
3636.7,-60.1555
3636.8,-60.1548
3636.9,-60.1541
3637.0,-60.1534
3637.1,-60.1527
3637.2,-60.1519
3637.3,-60.1512
3637.4,-60.1505
3637.5,-60.1498
3637.6,-60.1491
3637.7,-60.1484
3637.8,-60.1476
3637.9,-60.1469
3638.0,-60.1462
3638.1,-60.1455
3638.2,-60.1448
3638.3,-60.1441
3638.4,-60.1434
3638.5,-60.1426
3638.6,-60.1419
3638.7,-60.1412
3638.8,-60.1405
3638.9,-60.1398
3639.0,-60.1391
3639.1,-60.1384
3639.2,-60.1376
3639.3,-60.1369
3639.4,-60.1362
3639.5,-60.1355
3639.6,-60.1348
3639.7,-60.1341
3639.8,-60.1334
3639.9,-60.1327
3640.0,-60.1320
3640.1,-60.1312
3640.2,-60.1305
3640.3,-60.1298
3640.4,-60.1291
3640.5,-60.1284
3640.6,-60.1277
3640.7,-60.1270
3640.8,-60.1263
3640.9,-60.1256
3641.0,-60.1249
3641.1,-60.1242
3641.2,-60.1234
3641.3,-60.1227
3641.4,-60.1220
3641.5,-60.1213
3641.6,-60.1206
3641.7,-60.1199
3641.8,-60.1192
3641.9,-60.1185
3642.0,-60.1178
3642.1,-60.1171
3642.2,-60.1164
3642.3,-60.1157
3642.4,-60.1150
3642.5,-60.1143
3642.6,-60.1136
3642.7,-60.1129
3642.8,-60.1121
3642.9,-60.1114
3643.0,-60.1107
3643.1,-60.1100
3643.2,-60.1093
3643.3,-60.1086
3643.4,-60.1079
3643.5,-60.1072
3643.6,-60.1065
3643.7,-60.1058
3643.8,-60.1051
3643.9,-60.1044
3644.0,-60.1037
3644.1,-60.1030
3644.2,-60.1023
3644.3,-60.1016
3644.4,-60.1009
3644.5,-60.1002
3644.6,-60.0995
3644.7,-60.0988
3644.8,-60.0981
3644.9,-60.0974
3645.0,-60.0967
3645.1,-60.0960
3645.2,-60.0953
3645.3,-60.0946
3645.4,-60.0939
3645.5,-60.0932
3645.6,-60.0925
3645.7,-60.0918
3645.8,-60.0911
3645.9,-60.0904
3646.0,-60.0897
3646.1,-60.0890
3646.2,-60.0883
3646.3,-60.0876
3646.4,-60.0870
3646.5,-60.0863
3646.6,-60.0856
3646.7,-60.0849
3646.8,-60.0842
3646.9,-60.0835
3647.0,-60.0828
3647.1,-60.0821
3647.2,-60.0814
3647.3,-60.0807
3647.4,-60.0800
3647.5,-60.0793
3647.6,-60.0786
3647.7,-60.0779
3647.8,-60.0772
3647.9,-60.0765
3648.0,-60.0759
3648.1,-60.0752
3648.2,-60.0745
3648.3,-60.0738
3648.4,-60.0731
3648.5,-60.0724
3648.6,-60.0717
3648.7,-60.0710
3648.8,-60.0703
3648.9,-60.0696
3649.0,-60.0689
3649.1,-60.0683
3649.2,-60.0676
3649.3,-60.0669
3649.4,-60.0662
3649.5,-60.0655
3649.6,-60.0648
3649.7,-60.0641
3649.8,-60.0634
3649.9,-60.0627
3650.0,-60.0621
3650.1,-60.0614
3650.2,-60.0607
3650.3,-60.0600
3650.4,-60.0593
3650.5,-60.0586
3650.6,-60.0579
3650.7,-60.0573
3650.8,-60.0566
3650.9,-60.0559
3651.0,-60.0552
3651.1,-60.0545
3651.2,-60.0538
3651.3,-60.0531
3651.4,-60.0525
3651.5,-60.0518
3651.6,-60.0511
3651.7,-60.0504
3651.8,-60.0497
3651.9,-60.0490
3652.0,-60.0484
3652.1,-60.0477
3652.2,-60.0470
3652.3,-60.0463
3652.4,-60.0456
3652.5,-60.0449
3652.6,-60.0443
3652.7,-60.0436
3652.8,-60.0429
3652.9,-60.0422
3653.0,-60.0415
3653.1,-60.0409
3653.2,-60.0402
3653.3,-60.0395
3653.4,-60.0388
3653.5,-60.0381
3653.6,-60.0375
3653.7,-60.0368
3653.8,-60.0361
3653.9,-60.0354
3654.0,-60.0347
3654.1,-60.0341
3654.2,-60.0334
3654.3,-60.0327
3654.4,-60.0320
3654.5,-60.0314
3654.6,-60.0307
3654.7,-60.0300
3654.8,-60.0293
3654.9,-60.0287
3655.0,-60.0280
3655.1,-60.0273
3655.2,-60.0266
3655.3,-60.0259
3655.4,-60.0253
3655.5,-60.0246
3655.6,-60.0239
3655.7,-60.0232
3655.8,-60.0226
3655.9,-60.0219
3656.0,-60.0212
3656.1,-60.0206
3656.2,-60.0199
3656.3,-60.0192
3656.4,-60.0185
3656.5,-60.0179
3656.6,-60.0172
3656.7,-60.0165
3656.8,-60.0158
3656.9,-60.0152
3657.0,-60.0145
3657.1,-60.0138
3657.2,-60.0132
3657.3,-60.0125
3657.4,-60.0118
3657.5,-60.0111
3657.6,-60.0105
3657.7,-60.0098
3657.8,-60.0091
3657.9,-60.0085
3658.0,-60.0078
3658.1,-60.0071
3658.2,-60.0065
3658.3,-60.0058
3658.4,-60.0051
3658.5,-60.0045
3658.6,-60.0038
3658.7,-60.0031
3658.8,-60.0025
3658.9,-60.0018
3659.0,-60.0011
3659.1,-60.0004
3659.2,-59.9998
3659.3,-59.9991
3659.4,-59.9984
3659.5,-59.9978
3659.6,-59.9971
3659.7,-59.9965
3659.8,-59.9958
3659.9,-59.9951
3660.0,-59.9945
3660.1,-59.9938
3660.2,-59.9931
3660.3,-59.9925
3660.4,-59.9918
3660.5,-59.9911
3660.6,-59.9905
3660.7,-59.9898
3660.8,-59.9891
3660.9,-59.9885
3661.0,-59.9878
3661.1,-59.9872
3661.2,-59.9865
3661.3,-59.9858
3661.4,-59.9852
3661.5,-59.9845
3661.6,-59.9838
3661.7,-59.9832
3661.8,-59.9825
3661.9,-59.9819
3662.0,-59.9812
3662.1,-59.9805
3662.2,-59.9799
3662.3,-59.9792
3662.4,-59.9786
3662.5,-59.9779
3662.6,-59.9772
3662.7,-59.9766
3662.8,-59.9759
3662.9,-59.9753
3663.0,-59.9746
3663.1,-59.9740
3663.2,-59.9733
3663.3,-59.9726
3663.4,-59.9720
3663.5,-59.9713
3663.6,-59.9707
3663.7,-59.9700
3663.8,-59.9694
3663.9,-59.9687
3664.0,-59.9680
3664.1,-59.9674
3664.2,-59.9667
3664.3,-59.9661
3664.4,-59.9654
3664.5,-59.9648
3664.6,-59.9641
3664.7,-59.9635
3664.8,-59.9628
3664.9,-59.9621
3665.0,-59.9615
3665.1,-59.9608
3665.2,-59.9602
3665.3,-59.9595
3665.4,-59.9589
3665.5,-59.9582
3665.6,-59.9576
3665.7,-59.9569
3665.8,-59.9563
3665.9,-59.9556
3666.0,-59.9550
3666.1,-59.9543
3666.2,-59.9537
3666.3,-59.9530
3666.4,-59.9524
3666.5,-59.9517
3666.6,-59.9511
3666.7,-59.9504
3666.8,-59.9498
3666.9,-59.9491
3667.0,-59.9485
3667.1,-59.9478
3667.2,-59.9472
3667.3,-59.9465
3667.4,-59.9459
3667.5,-59.9452
3667.6,-59.9446
3667.7,-59.9439
3667.8,-59.9433
3667.9,-59.9426
3668.0,-59.9420
3668.1,-59.9413
3668.2,-59.9407
3668.3,-59.9400
3668.4,-59.9394
3668.5,-59.9387
3668.6,-59.9381
3668.7,-59.9374
3668.8,-59.9368
3668.9,-59.9362
3669.0,-59.9355
3669.1,-59.9349
3669.2,-59.9342
3669.3,-59.9336
3669.4,-59.9329
3669.5,-59.9323
3669.6,-59.9316
3669.7,-59.9310
3669.8,-59.9304
3669.9,-59.9297
3670.0,-59.9291
3670.1,-59.9284
3670.2,-59.9278
3670.3,-59.9271
3670.4,-59.9265
3670.5,-59.9259
3670.6,-59.9252
3670.7,-59.9246
3670.8,-59.9239
3670.9,-59.9233
3671.0,-59.9227
3671.1,-59.9220
3671.2,-59.9214
3671.3,-59.9207
3671.4,-59.9201
3671.5,-59.9194
3671.6,-59.9188
3671.7,-59.9182
3671.8,-59.9175
3671.9,-59.9169
3672.0,-59.9163
3672.1,-59.9156
3672.2,-59.9150
3672.3,-59.9143
3672.4,-59.9137
3672.5,-59.9131
3672.6,-59.9124
3672.7,-59.9118
3672.8,-59.9111
3672.9,-59.9105
3673.0,-59.9099
3673.1,-59.9092
3673.2,-59.9086
3673.3,-59.9080
3673.4,-59.9073
3673.5,-59.9067
3673.6,-59.9061
3673.7,-59.9054
3673.8,-59.9048
3673.9,-59.9042
3674.0,-59.9035
3674.1,-59.9029
3674.2,-59.9023
3674.3,-59.9016
3674.4,-59.9010
3674.5,-59.9004
3674.6,-59.8997
3674.7,-59.8991
3674.8,-59.8985
3674.9,-59.8978
3675.0,-59.8972
3675.1,-59.8966
3675.2,-59.8959
3675.3,-59.8953
3675.4,-59.8947
3675.5,-59.8940
3675.6,-59.8934
3675.7,-59.8928
3675.8,-59.8921
3675.9,-59.8915
3676.0,-59.8909
3676.1,-59.8902
3676.2,-59.8896
3676.3,-59.8890
3676.4,-59.8884
3676.5,-59.8877
3676.6,-59.8871
3676.7,-59.8865
3676.8,-59.8858
3676.9,-59.8852
3677.0,-59.8846
3677.1,-59.8840
3677.2,-59.8833
3677.3,-59.8827
3677.4,-59.8821
3677.5,-59.8814
3677.6,-59.8808
3677.7,-59.8802
3677.8,-59.8796
3677.9,-59.8789
3678.0,-59.8783
3678.1,-59.8777
3678.2,-59.8771
3678.3,-59.8764
3678.4,-59.8758
3678.5,-59.8752
3678.6,-59.8746
3678.7,-59.8739
3678.8,-59.8733
3678.9,-59.8727
3679.0,-59.8721
3679.1,-59.8714
3679.2,-59.8708
3679.3,-59.8702
3679.4,-59.8696
3679.5,-59.8689
3679.6,-59.8683
3679.7,-59.8677
3679.8,-59.8671
3679.9,-59.8665
3680.0,-57.8461
3680.1,-57.8398
3680.2,-57.8333
3680.3,-57.8266
3680.4,-57.8196
3680.5,-57.8123
3680.6,-57.8047
3680.7,-57.7968
3680.8,-57.7885
3680.9,-57.7800
3681.0,-57.7711
3681.1,-57.7619
3681.2,-57.7523
3681.3,-57.7423
3681.4,-57.7319
3681.5,-57.7210
3681.6,-57.7098
3681.7,-57.6981
3681.8,-57.6860
3681.9,-57.6733
3682.0,-57.6602
3682.1,-57.6465
3682.2,-57.6323
3682.3,-57.6176
3682.4,-57.6023
3682.5,-57.5863
3682.6,-57.5698
3682.7,-57.5525
3682.8,-57.5346
3682.9,-57.5160
3683.0,-57.4967
3683.1,-57.4767
3683.2,-57.4558
3683.3,-57.4341
3683.4,-57.4116
3683.5,-57.3883
3683.6,-57.3640
3683.7,-57.3388
3683.8,-57.3126
3683.9,-57.2854
3684.0,-57.2572
3684.1,-57.2279
3684.2,-57.1975
3684.3,-57.1659
3684.4,-57.1332
3684.5,-57.0992
3684.6,-57.0639
3684.7,-57.0273
3684.8,-56.9894
3684.9,-56.9500
3685.0,-56.9092
3685.1,-56.8669
3685.2,-56.8230
3685.3,-56.7775
3685.4,-56.7304
3685.5,-56.6815
3685.6,-56.6309
3685.7,-56.5785
3685.8,-56.5242
3685.9,-56.4680
3686.0,-56.4098
3686.1,-56.3496
3686.2,-56.2872
3686.3,-56.2227
3686.4,-56.1560
3686.5,-56.0870
3686.6,-56.0157
3686.7,-55.9420
3686.8,-55.8658
3686.9,-55.7870
3687.0,-55.7057
3687.1,-55.6218
3687.2,-55.5351
3687.3,-55.4457
3687.4,-55.3535
3687.5,-55.2583
3687.6,-55.1603
3687.7,-55.0592
3687.8,-54.9551
3687.9,-54.8478
3688.0,-54.7374
3688.1,-54.6238
3688.2,-54.5070
3688.3,-54.3868
3688.4,-54.2633
3688.5,-54.1364
3688.6,-54.0061
3688.7,-53.8724
3688.8,-53.7352
3688.9,-53.5945
3689.0,-53.4502
3689.1,-53.3025
3689.2,-53.1512
3689.3,-52.9963
3689.4,-52.8380
3689.5,-52.6761
3689.6,-52.5107
3689.7,-52.3417
3689.8,-52.1694
3689.9,-51.9936
3690.0,-51.8143
3690.1,-51.6318
3690.2,-51.4460
3690.3,-51.2569
3690.4,-51.0647
3690.5,-50.8694
3690.6,-50.6711
3690.7,-50.4700
3690.8,-50.2660
3690.9,-50.0593
3691.0,-49.8501
3691.1,-49.6384
3691.2,-49.4244
3691.3,-49.2082
3691.4,-48.9900
3691.5,-48.7698
3691.6,-48.5479
3691.7,-48.3245
3691.8,-48.0996
3691.9,-47.8734
3692.0,-47.6462
3692.1,-47.4180
3692.2,-47.1892
3692.3,-46.9598
3692.4,-46.7300
3692.5,-46.5000
3692.6,-46.2700
3692.7,-46.0402
3692.8,-45.8108
3692.9,-45.5820
3693.0,-45.3538
3693.1,-45.1266
3693.2,-44.9004
3693.3,-44.6755
3693.4,-44.4521
3693.5,-44.2302
3693.6,-44.0100
3693.7,-43.7918
3693.8,-43.5756
3693.9,-43.3616
3694.0,-43.1499
3694.1,-42.9407
3694.2,-42.7340
3694.3,-42.5300
3694.4,-42.3289
3694.5,-42.1306
3694.6,-41.9353
3694.7,-41.7431
3694.8,-41.5540
3694.9,-41.3682
3695.0,-41.1857
3695.1,-41.0064
3695.2,-40.8306
3695.3,-40.6583
3695.4,-40.4893
3695.5,-40.3239
3695.6,-40.1620
3695.7,-40.0037
3695.8,-39.8488
3695.9,-39.6975
3696.0,-39.5498
3696.1,-39.4055
3696.2,-39.2648
3696.3,-39.1276
3696.4,-38.9939
3696.5,-38.8636
3696.6,-38.7367
3696.7,-38.6132
3696.8,-38.4930
3696.9,-38.3762
3697.0,-38.2626
3697.1,-38.1522
3697.2,-38.0449
3697.3,-37.9408
3697.4,-37.8397
3697.5,-37.7417
3697.6,-37.6465
3697.7,-37.5543
3697.8,-37.4649
3697.9,-37.3782
3698.0,-37.2943
3698.1,-37.2130
3698.2,-37.1342
3698.3,-37.0580
3698.4,-36.9843
3698.5,-36.9130
3698.6,-36.8440
3698.7,-36.7773
3698.8,-36.7128
3698.9,-36.6504
3699.0,-36.5902
3699.1,-36.5320
3699.2,-36.4758
3699.3,-36.4215
3699.4,-36.3691
3699.5,-36.3185
3699.6,-36.2696
3699.7,-36.2225
3699.8,-36.1770
3699.9,-36.1331
3700.0,-36.0908
3700.1,-36.0500
3700.2,-36.0106
3700.3,-35.9727
3700.4,-35.9361
3700.5,-35.9008
3700.6,-35.8668
3700.7,-35.8341
3700.8,-35.8025
3700.9,-35.7721
3701.0,-35.7428
3701.1,-35.7146
3701.2,-35.6874
3701.3,-35.6612
3701.4,-35.6360
3701.5,-35.6117
3701.6,-35.5884
3701.7,-35.5659
3701.8,-35.5442
3701.9,-35.5233
3702.0,-35.5033
3702.1,-35.4840
3702.2,-35.4654
3702.3,-35.4475
3702.4,-35.4302
3702.5,-35.4137
3702.6,-35.3977
3702.7,-35.3824
3702.8,-35.3677
3702.9,-35.3535
3703.0,-35.3398
3703.1,-35.3267
3703.2,-35.3140
3703.3,-35.3019
3703.4,-35.2902
3703.5,-35.2790
3703.6,-35.2681
3703.7,-35.2577
3703.8,-35.2477
3703.9,-35.2381
3704.0,-35.2289
3704.1,-35.2200
3704.2,-35.2115
3704.3,-35.2032
3704.4,-35.1953
3704.5,-35.1877
3704.6,-35.1804
3704.7,-35.1734
3704.8,-35.1667
3704.9,-35.1602
3705.0,-35.0000
3705.1,-13.9975
3705.2,7.0025
3705.3,28.0000
3705.4,28.0000
3705.5,28.0000
3705.6,15.1429
3705.7,2.2857
3705.8,-10.5714
3705.9,-23.4286
3706.0,-36.2857
3706.1,-49.1429
3706.2,-62.0000
3706.3,-62.2500
3706.4,-62.5000
3706.5,-62.7500
3706.6,-63.0000
3706.7,-63.2500
3706.8,-63.5000
3706.9,-63.7500
3707.0,-63.4771
3707.1,-63.2846
3707.2,-63.0238
3707.3,-62.6723
3707.4,-62.2022
3707.5,-61.5803
3707.6,-60.7688
3707.7,-59.7285
3707.8,-58.4255
3707.9,-56.8394
3708.0,-54.9751
3708.1,-52.8711
3708.2,-50.6034
3708.3,-48.2770
3708.4,-46.0081
3708.5,-43.9020
3708.6,-42.0345
3708.7,-40.4448
3708.8,-39.1377
3708.9,-38.0932
3709.0,-37.2772
3709.1,-36.6509
3709.2,-36.1765
3709.3,-35.8207
3709.4,-35.5557
3709.5,-34.8346
3709.6,-34.8309
3709.7,-34.8272
3709.8,-34.8235
3709.9,-34.8199
3710.0,-34.8162
3710.1,-34.8125
3710.2,-34.8088
3710.3,-34.8051
3710.4,-34.8015
3710.5,-34.7978
3710.6,-34.7941
3710.7,-34.7904
3710.8,-34.7868
3710.9,-34.7831
3711.0,-34.7794
3711.1,-34.7757
3711.2,-34.7721
3711.3,-34.7684
3711.4,-34.7647
3711.5,-34.7610
3711.6,-34.7574
3711.7,-34.7537
3711.8,-34.7500
3711.9,-34.7463
3712.0,-34.7426
3712.1,-34.7390
3712.2,-34.7353
3712.3,-34.7316
3712.4,-34.7279
3712.5,-34.7243
3712.6,-34.7206
3712.7,-34.7169
3712.8,-34.7132
3712.9,-34.7096
3713.0,-34.7059
3713.1,-34.7022
3713.2,-34.6985
3713.3,-34.6949
3713.4,-34.6912
3713.5,-34.6875
3713.6,-34.6838
3713.7,-34.6801
3713.8,-34.6765
3713.9,-34.6728
3714.0,-34.6691
3714.1,-34.6654
3714.2,-34.6618
3714.3,-34.6581
3714.4,-34.6544
3714.5,-34.6507
3714.6,-34.6471
3714.7,-34.6434
3714.8,-34.6397
3714.9,-34.6360
3715.0,-34.6324
3715.1,-34.6287
3715.2,-34.6250
3715.3,-34.6213
3715.4,-34.6176
3715.5,-34.6140
3715.6,-34.6103
3715.7,-34.6066
3715.8,-34.6029
3715.9,-34.5993
3716.0,-34.5956
3716.1,-34.5919
3716.2,-34.5882
3716.3,-34.5846
3716.4,-34.5809
3716.5,-34.5772
3716.6,-34.5735
3716.7,-34.5699
3716.8,-34.5662
3716.9,-34.5625
3717.0,-34.5588
3717.1,-34.5551
3717.2,-34.5515
3717.3,-34.5478
3717.4,-34.5441
3717.5,-34.5404
3717.6,-34.5368
3717.7,-34.5331
3717.8,-34.5294
3717.9,-34.5257
3718.0,-34.5221
3718.1,-34.5184
3718.2,-34.5147
3718.3,-34.5110
3718.4,-34.5074
3718.5,-34.5037
3718.6,-34.5000
3718.7,-34.4963
3718.8,-34.4926
3718.9,-34.4890
3719.0,-34.4853
3719.1,-34.4816
3719.2,-34.4779
3719.3,-34.4743
3719.4,-34.4706
3719.5,-34.4669
3719.6,-34.4632
3719.7,-34.4596
3719.8,-34.4559
3719.9,-34.4522
3720.0,-34.4485
3720.1,-34.4449
3720.2,-34.4412
3720.3,-34.4375
3720.4,-34.4338
3720.5,-34.4301
3720.6,-34.4265
3720.7,-34.4228
3720.8,-34.4191
3720.9,-34.4154
3721.0,-34.4118
3721.1,-34.4081
3721.2,-34.4044
3721.3,-34.4007
3721.4,-34.3971
3721.5,-34.3934
3721.6,-34.3897
3721.7,-34.3860
3721.8,-34.3824
3721.9,-34.3787
3722.0,-34.3750
3722.1,-34.3713
3722.2,-34.3676
3722.3,-34.3640
3722.4,-34.3603
3722.5,-34.3566
3722.6,-34.3529
3722.7,-34.3493
3722.8,-34.3456
3722.9,-34.3419
3723.0,-34.3382
3723.1,-34.3346
3723.2,-34.3309
3723.3,-34.3272
3723.4,-34.3235
3723.5,-34.3199
3723.6,-34.3162
3723.7,-34.3125
3723.8,-34.3088
3723.9,-34.3051
3724.0,-34.3015
3724.1,-34.2978
3724.2,-34.2941
3724.3,-34.2904
3724.4,-34.2868
3724.5,-34.2831
3724.6,-34.2794
3724.7,-34.2757
3724.8,-34.2721
3724.9,-34.2684
3725.0,-34.2647
3725.1,-34.2610
3725.2,-34.2574
3725.3,-34.2537
3725.4,-34.2500
3725.5,-34.2463
3725.6,-34.2426
3725.7,-34.2390
3725.8,-34.2353
3725.9,-34.2316
3726.0,-34.2279
3726.1,-34.2243
3726.2,-34.2206
3726.3,-34.2169
3726.4,-34.2132
3726.5,-34.2096
3726.6,-34.2059
3726.7,-34.2022
3726.8,-34.1985
3726.9,-34.1949
3727.0,-34.1912
3727.1,-34.1875
3727.2,-34.1838
3727.3,-34.1801
3727.4,-34.1765
3727.5,-34.1728
3727.6,-34.1691
3727.7,-34.1654
3727.8,-34.1618
3727.9,-34.1581
3728.0,-34.1544
3728.1,-34.1507
3728.2,-34.1471
3728.3,-34.1434
3728.4,-34.1397
3728.5,-34.1360
3728.6,-34.1324
3728.7,-34.1287
3728.8,-34.1250
3728.9,-34.1213
3729.0,-34.1176
3729.1,-34.1140
3729.2,-34.1103
3729.3,-31.1492
3729.4,-10.4447
3729.5,10.2574
3729.6,28.0000
3729.7,28.0000
3729.8,26.1633
3729.9,13.3061
3730.0,0.4490
3730.1,-12.4082
3730.2,-25.2653
3730.3,-38.1224
3730.4,-50.9796
3730.5,-62.0357
3730.6,-62.2857
3730.7,-62.5357
3730.8,-62.7857
3730.9,-63.0357
3731.0,-63.2857
3731.1,-63.5357
3731.2,-63.7857
3731.3,-63.4363
3731.4,-63.2290
3731.5,-62.9484
3731.6,-62.5705
3731.7,-62.0660
3731.8,-61.3995
3731.9,-60.5318
3732.0,-59.4229
3732.1,-58.0390
3732.2,-56.3623
3732.3,-54.4022
3732.4,-52.2040
3732.5,-49.8510
3732.6,-47.4545
3732.7,-45.1340
3732.8,-42.9945
3732.9,-41.1093
3733.0,-39.5130
3733.1,-38.2063
3733.2,-37.1658
3733.3,-36.3554
3733.4,-35.7347
3733.5,-35.2653
3733.6,-34.9137
3733.7,-34.6520
3733.8,-33.9412
3733.9,-33.9375
3734.0,-33.9338
3734.1,-33.9301
3734.2,-33.9265
3734.3,-33.9228
3734.4,-33.9191
3734.5,-33.9154
3734.6,-33.9118
3734.7,-33.9081
3734.8,-33.9044
3734.9,-33.9007
3735.0,-33.8971
3735.1,-33.8934
3735.2,-33.8897
3735.3,-33.8860
3735.4,-33.8824
3735.5,-33.8787
3735.6,-33.8750
3735.7,-33.8713
3735.8,-33.8676
3735.9,-33.8640
3736.0,-33.8603
3736.1,-33.8566
3736.2,-33.8529
3736.3,-33.8493
3736.4,-33.8456
3736.5,-33.8419
3736.6,-33.8382
3736.7,-33.8346
3736.8,-33.8309
3736.9,-33.8272
3737.0,-33.8235
3737.1,-33.8199
3737.2,-33.8162
3737.3,-33.8125
3737.4,-33.8088
3737.5,-33.8051
3737.6,-33.8015
3737.7,-33.7978
3737.8,-33.7941
3737.9,-33.7904
3738.0,-33.7868
3738.1,-33.7831
3738.2,-33.7794
3738.3,-33.7757
3738.4,-33.7721
3738.5,-33.7684
3738.6,-33.7647
3738.7,-33.7610
3738.8,-33.7574
3738.9,-33.7537
3739.0,-33.7500
3739.1,-33.7463
3739.2,-33.7426
3739.3,-33.7390
3739.4,-33.7353
3739.5,-33.7316
3739.6,-33.7279
3739.7,-33.7243
3739.8,-33.7206
3739.9,-33.7169
3740.0,-33.7132
3740.1,-33.7096
3740.2,-33.7059
3740.3,-33.7022
3740.4,-33.6985
3740.5,-33.6949
3740.6,-33.6912
3740.7,-33.6875
3740.8,-33.6838
3740.9,-33.6801
3741.0,-33.6765
3741.1,-33.6728
3741.2,-33.6691
3741.3,-33.6654
3741.4,-33.6618
3741.5,-33.6581
3741.6,-33.6544
3741.7,-33.6507
3741.8,-33.6471
3741.9,-33.6434
3742.0,-33.6397
3742.1,-33.6360
3742.2,-33.6324
3742.3,-33.6287
3742.4,-33.6250
3742.5,-33.6213
3742.6,-33.6176
3742.7,-33.6140
3742.8,-33.6103
3742.9,-33.6066
3743.0,-33.6029
3743.1,-33.5993
3743.2,-33.5956
3743.3,-33.5919
3743.4,-33.5882
3743.5,-33.5846
3743.6,-33.5809
3743.7,-33.5772
3743.8,-33.5735
3743.9,-33.5699
3744.0,-33.5662
3744.1,-33.5625
3744.2,-33.5588
3744.3,-33.5551
3744.4,-33.5515
3744.5,-33.5478
3744.6,-33.5441
3744.7,-33.5404
3744.8,-33.5368
3744.9,-33.5331
3745.0,-33.5294
3745.1,-33.5257
3745.2,-33.5221
3745.3,-33.5184
3745.4,-33.5147
3745.5,-33.5110
3745.6,-33.5074
3745.7,-33.5037
3745.8,-33.5000
3745.9,-33.4963
3746.0,-33.4926
3746.1,-33.4890
3746.2,-33.4853
3746.3,-33.4816
3746.4,-33.4779
3746.5,-33.4743
3746.6,-33.4706
3746.7,-33.4669
3746.8,-33.4632
3746.9,-33.4596
3747.0,-33.4559
3747.1,-33.4522
3747.2,-33.4485
3747.3,-33.4449
3747.4,-33.4412
3747.5,-33.4375
3747.6,-33.4338
3747.7,-33.4301
3747.8,-33.4265
3747.9,-33.4228
3748.0,-33.4191
3748.1,-33.4154
3748.2,-33.4118
3748.3,-33.4081
3748.4,-33.4044
3748.5,-33.4007
3748.6,-33.3971
3748.7,-33.3934
3748.8,-33.3897
3748.9,-33.3860
3749.0,-33.3824
3749.1,-33.3787
3749.2,-33.3750
3749.3,-33.3713
3749.4,-33.3676
3749.5,-33.3640
3749.6,-33.3603
3749.7,-33.3566
3749.8,-33.3529
3749.9,-33.3493
3750.0,-33.3456
3750.1,-33.3419
3750.2,-33.3382
3750.3,-33.3346
3750.4,-33.3309
3750.5,-33.3272
3750.6,-33.3235
3750.7,-33.3199
3750.8,-33.3162
3750.9,-33.3125
3751.0,-33.3088
3751.1,-33.3051
3751.2,-33.3015
3751.3,-33.2978
3751.4,-33.2941
3751.5,-33.2904
3751.6,-33.2868
3751.7,-33.2831
3751.8,-33.2794
3751.9,-33.2757
3752.0,-33.2721
3752.1,-33.2684
3752.2,-33.2647
3752.3,-33.2610
3752.4,-33.2574
3752.5,-33.2537
3752.6,-33.2500
3752.7,-33.2463
3752.8,-33.2426
3752.9,-33.2390
3753.0,-33.2353
3753.1,-33.2316
3753.2,-33.2279
3753.3,-33.2243
3753.4,-33.2206
3753.5,-33.2169
3753.6,-27.3834
3753.7,-6.9769
3753.8,13.4272
3753.9,28.0000
3754.0,28.0000
3754.1,24.3265
3754.2,11.4694
3754.3,-1.3878
3754.4,-14.2449
3754.5,-27.1020
3754.6,-39.9592
3754.7,-52.8163
3754.8,-62.0714
3754.9,-62.3214
3755.0,-62.5714
3755.1,-62.8214
3755.2,-63.0714
3755.3,-63.3214
3755.4,-63.5714
3755.5,-63.8214
3755.6,-63.3928
3755.7,-63.1699
3755.8,-62.8682
3755.9,-62.4625
3756.0,-61.9214
3756.1,-61.2081
3756.2,-60.2815
3756.3,-59.1010
3756.4,-57.6335
3756.5,-55.8639
3756.6,-53.8066
3756.7,-51.5142
3756.8,-49.0774
3756.9,-46.6133
3757.0,-44.2445
3757.1,-42.0752
3757.2,-40.1752
3757.3,-38.5748
3757.4,-37.2704
3757.5,-36.2354
3757.6,-35.4314
3757.7,-34.8170
3757.8,-34.3531
3757.9,-34.0060
3758.0,-33.7478
3758.1,-33.0478
3758.2,-33.0441
3758.3,-33.0404
3758.4,-33.0368
3758.5,-33.0331
3758.6,-33.0294
3758.7,-33.0257
3758.8,-33.0221
3758.9,-33.0184
3759.0,-33.0147
3759.1,-33.0110
3759.2,-33.0074
3759.3,-33.0037
3759.4,-33.0000
3759.5,-32.9963
3759.6,-32.9926
3759.7,-32.9890
3759.8,-32.9853
3759.9,-32.9816
3760.0,-32.9779
3760.1,-32.9743
3760.2,-32.9706
3760.3,-32.9669
3760.4,-32.9632
3760.5,-32.9596
3760.6,-32.9559
3760.7,-32.9522
3760.8,-32.9485
3760.9,-32.9449
3761.0,-32.9412
3761.1,-32.9375
3761.2,-32.9338
3761.3,-32.9301
3761.4,-32.9265
3761.5,-32.9228
3761.6,-32.9191
3761.7,-32.9154
3761.8,-32.9118
3761.9,-32.9081
3762.0,-32.9044
3762.1,-32.9007
3762.2,-32.8971
3762.3,-32.8934
3762.4,-32.8897
3762.5,-32.8860
3762.6,-32.8824
3762.7,-32.8787
3762.8,-32.8750
3762.9,-32.8713
3763.0,-32.8676
3763.1,-32.8640
3763.2,-32.8603
3763.3,-32.8566
3763.4,-32.8529
3763.5,-32.8493
3763.6,-32.8456
3763.7,-32.8419
3763.8,-32.8382
3763.9,-32.8346
3764.0,-32.8309
3764.1,-32.8272
3764.2,-32.8235
3764.3,-32.8199
3764.4,-32.8162
3764.5,-32.8125
3764.6,-32.8088
3764.7,-32.8051
3764.8,-32.8015
3764.9,-32.7978
3765.0,-32.7941
3765.1,-32.7904
3765.2,-32.7868
3765.3,-32.7831
3765.4,-32.7794
3765.5,-32.7757
3765.6,-32.7721
3765.7,-32.7684
3765.8,-32.7647
3765.9,-32.7610
3766.0,-32.7574
3766.1,-32.7537
3766.2,-32.7500
3766.3,-32.7463
3766.4,-32.7426
3766.5,-32.7390
3766.6,-32.7353
3766.7,-32.7316
3766.8,-32.7279
3766.9,-32.7243
3767.0,-32.7206
3767.1,-32.7169
3767.2,-32.7132
3767.3,-32.7096
3767.4,-32.7059
3767.5,-32.7022
3767.6,-32.6985
3767.7,-32.6949
3767.8,-32.6912
3767.9,-32.6875
3768.0,-32.6838
3768.1,-32.6801
3768.2,-32.6765
3768.3,-32.6728
3768.4,-32.6691
3768.5,-32.6654
3768.6,-32.6618
3768.7,-32.6581
3768.8,-32.6544
3768.9,-32.6507
3769.0,-32.6471
3769.1,-32.6434
3769.2,-32.6397
3769.3,-32.6360
3769.4,-32.6324
3769.5,-32.6287
3769.6,-32.6250
3769.7,-32.6213
3769.8,-32.6176
3769.9,-32.6140
3770.0,-32.6103
3770.1,-32.6066
3770.2,-32.6029
3770.3,-32.5993
3770.4,-32.5956
3770.5,-32.5919
3770.6,-32.5882
3770.7,-32.5846
3770.8,-32.5809
3770.9,-32.5772
3771.0,-32.5735
3771.1,-32.5699
3771.2,-32.5662
3771.3,-32.5625
3771.4,-32.5588
3771.5,-32.5551
3771.6,-32.5515
3771.7,-32.5478
3771.8,-32.5441
3771.9,-32.5404
3772.0,-32.5368
3772.1,-32.5331
3772.2,-32.5294
3772.3,-32.5257
3772.4,-32.5221
3772.5,-32.5184
3772.6,-32.5147
3772.7,-32.5110
3772.8,-32.5074
3772.9,-32.5037
3773.0,-32.5000
3773.1,-32.4963
3773.2,-32.4926
3773.3,-32.4890
3773.4,-32.4853
3773.5,-32.4816
3773.6,-32.4779
3773.7,-32.4743
3773.8,-32.4706
3773.9,-32.4669
3774.0,-32.4632
3774.1,-32.4596
3774.2,-32.4559
3774.3,-32.4522
3774.4,-32.4485
3774.5,-32.4449
3774.6,-32.4412
3774.7,-32.4375
3774.8,-32.4338
3774.9,-32.4301
3775.0,-32.4265
3775.1,-32.4228
3775.2,-32.4191
3775.3,-32.4154
3775.4,-32.4118
3775.5,-32.4081
3775.6,-32.4044
3775.7,-32.4007
3775.8,-32.3971
3775.9,-32.3934
3776.0,-32.3897
3776.1,-32.3860
3776.2,-32.3824
3776.3,-32.3787
3776.4,-32.3750
3776.5,-32.3713
3776.6,-32.3676
3776.7,-32.3640
3776.8,-32.3603
3776.9,-32.3566
3777.0,-32.3529
3777.1,-32.3493
3777.2,-32.3456
3777.3,-32.3419
3777.4,-32.3382
3777.5,-32.3346
3777.6,-32.3309
3777.7,-32.3272
3777.8,-32.3235
3777.9,-23.7027
3778.0,-3.5942
3778.1,16.5119
3778.2,28.0000
3778.3,28.0000
3778.4,22.4898
3778.5,9.6327
3778.6,-3.2245
3778.7,-16.0816
3778.8,-28.9388
3778.9,-41.7959
3779.0,-54.6531
3779.1,-62.1071
3779.2,-62.3571
3779.3,-62.6071
3779.4,-62.8571
3779.5,-63.1071
3779.6,-63.3571
3779.7,-63.6071
3779.8,-63.8571
3779.9,-63.3466
3780.0,-63.1071
3780.1,-62.7831
3780.2,-62.3478
3780.3,-61.7683
3780.4,-61.0056
3780.5,-60.0174
3780.6,-58.7624
3780.7,-57.2084
3780.8,-55.3437
3780.9,-53.1881
3781.0,-50.8018
3781.1,-48.2828
3781.2,-45.7541
3781.3,-43.3404
3781.4,-41.1447
3781.5,-39.2329
3781.6,-37.6308
3781.7,-36.3305
3781.8,-35.3022
3781.9,-34.5056
3782.0,-33.8980
3782.1,-33.4399
3782.2,-33.0976
3782.3,-32.8432
3782.4,-32.1544
3782.5,-32.1507
3782.6,-32.1471
3782.7,-32.1434
3782.8,-32.1397
3782.9,-32.1360
3783.0,-32.1324
3783.1,-32.1287
3783.2,-32.1250
3783.3,-32.1213
3783.4,-32.1176
3783.5,-32.1140
3783.6,-32.1103
3783.7,-32.1066
3783.8,-32.1029
3783.9,-32.0993
3784.0,-32.0956
3784.1,-32.0919
3784.2,-32.0882
3784.3,-32.0846
3784.4,-32.0809
3784.5,-32.0772
3784.6,-32.0735
3784.7,-32.0699
3784.8,-32.0662
3784.9,-32.0625
3785.0,-32.0588
3785.1,-32.0551
3785.2,-32.0515
3785.3,-32.0478
3785.4,-32.0441
3785.5,-32.0404
3785.6,-32.0368
3785.7,-32.0331
3785.8,-32.0294
3785.9,-32.0257
3786.0,-32.0221
3786.1,-32.0184
3786.2,-32.0147
3786.3,-32.0110
3786.4,-32.0074
3786.5,-32.0037
3786.6,-32.0000
3786.7,-31.9963
3786.8,-31.9926
3786.9,-31.9890
3787.0,-31.9853
3787.1,-31.9816
3787.2,-31.9779
3787.3,-31.9743
3787.4,-31.9706
3787.5,-31.9669
3787.6,-31.9632
3787.7,-31.9596
3787.8,-31.9559
3787.9,-31.9522
3788.0,-31.9485
3788.1,-31.9449
3788.2,-31.9412
3788.3,-31.9375
3788.4,-31.9338
3788.5,-31.9301
3788.6,-31.9265
3788.7,-31.9228
3788.8,-31.9191
3788.9,-31.9154
3789.0,-31.9118
3789.1,-31.9081
3789.2,-31.9044
3789.3,-31.9007
3789.4,-31.8971
3789.5,-31.8934
3789.6,-31.8897
3789.7,-31.8860
3789.8,-31.8824
3789.9,-31.8787
3790.0,-31.8750
3790.1,-31.8713
3790.2,-31.8676
3790.3,-31.8640
3790.4,-31.8603
3790.5,-31.8566
3790.6,-31.8529
3790.7,-31.8493
3790.8,-31.8456
3790.9,-31.8419
3791.0,-31.8382
3791.1,-31.8346
3791.2,-31.8309
3791.3,-31.8272
3791.4,-31.8235
3791.5,-31.8199
3791.6,-31.8162
3791.7,-31.8125
3791.8,-31.8088
3791.9,-31.8051
3792.0,-31.8015
3792.1,-31.7978
3792.2,-31.7941
3792.3,-31.7904
3792.4,-31.7868
3792.5,-31.7831
3792.6,-31.7794
3792.7,-31.7757
3792.8,-31.7721
3792.9,-31.7684
3793.0,-31.7647
3793.1,-31.7610
3793.2,-31.7574
3793.3,-31.7537
3793.4,-31.7500
3793.5,-31.7463
3793.6,-31.7426
3793.7,-31.7390
3793.8,-31.7353
3793.9,-31.7316
3794.0,-31.7279
3794.1,-31.7243
3794.2,-31.7206
3794.3,-31.7169
3794.4,-31.7132
3794.5,-31.7096
3794.6,-31.7059
3794.7,-31.7022
3794.8,-31.6985
3794.9,-31.6949
3795.0,-31.6912
3795.1,-31.6875
3795.2,-31.6838
3795.3,-31.6801
3795.4,-31.6765
3795.5,-31.6728
3795.6,-31.6691
3795.7,-31.6654
3795.8,-31.6618
3795.9,-31.6581
3796.0,-31.6544
3796.1,-31.6507
3796.2,-31.6471
3796.3,-31.6434
3796.4,-31.6397
3796.5,-31.6360
3796.6,-31.6324
3796.7,-31.6287
3796.8,-31.6250
3796.9,-31.6213
3797.0,-31.6176
3797.1,-31.6140
3797.2,-31.6103
3797.3,-31.6066
3797.4,-31.6029
3797.5,-31.5993
3797.6,-31.5956
3797.7,-31.5919
3797.8,-31.5882
3797.9,-31.5846
3798.0,-31.5809
3798.1,-31.5772
3798.2,-31.5735
3798.3,-31.5699
3798.4,-31.5662
3798.5,-31.5625
3798.6,-31.5588
3798.7,-31.5551
3798.8,-31.5515
3798.9,-31.5478
3799.0,-31.5441
3799.1,-31.5404
3799.2,-31.5368
3799.3,-31.5331
3799.4,-31.5294
3799.5,-31.5257
3799.6,-31.5221
3799.7,-31.5184
3799.8,-31.5147
3799.9,-31.5110
3800.0,-31.5074
3800.1,-31.5037
3800.2,-31.5000
3800.3,-31.4963
3800.4,-31.4926
3800.5,-31.4890
3800.6,-31.4853
3800.7,-31.4816
3800.8,-31.4779
3800.9,-31.4743
3801.0,-31.4706
3801.1,-31.4669
3801.2,-31.4632
3801.3,-31.4596
3801.4,-31.4559
3801.5,-31.4522
3801.6,-31.4485
3801.7,-31.4449
3801.8,-31.4412
3801.9,-31.4375
3802.0,-31.4338
3802.1,-31.4301
3802.2,-20.1071
3802.3,-0.2966
3802.4,19.5116
3802.5,28.0000
3802.6,28.0000
3802.7,20.6531
3802.8,7.7959
3802.9,-5.0612
3803.0,-17.9184
3803.1,-30.7755
3803.2,-43.6327
3803.3,-56.4898
3803.4,-62.1429
3803.5,-62.3929
3803.6,-62.6429
3803.7,-62.8929
3803.8,-63.1429
3803.9,-63.3929
3804.0,-63.6429
3804.1,-63.8929
3804.2,-63.2975
3804.3,-63.0403
3804.4,-62.6927
3804.5,-62.2262
3804.6,-61.6061
3804.7,-60.7915
3804.8,-59.7389
3804.9,-58.4064
3805.0,-56.7633
3805.1,-54.8013
3805.2,-52.5466
3805.3,-50.0668
3805.4,-47.4676
3805.5,-44.8773
3805.6,-42.4222
3805.7,-40.2034
3805.8,-38.2829
3805.9,-36.6813
3806.0,-35.3869
3806.1,-34.3665
3806.2,-33.5780
3806.3,-32.9778
3806.4,-32.5260
3806.5,-32.1887
3806.6,-31.9383
3806.7,-31.2610
3806.8,-31.2574
3806.9,-31.2537
3807.0,-31.2500
3807.1,-31.2463
3807.2,-31.2426
3807.3,-31.2390
3807.4,-31.2353
3807.5,-31.2316
3807.6,-31.2279
3807.7,-31.2243
3807.8,-31.2206
3807.9,-31.2169
3808.0,-31.2132
3808.1,-31.2096
3808.2,-31.2059
3808.3,-31.2022
3808.4,-31.1985
3808.5,-31.1949
3808.6,-31.1912
3808.7,-31.1875
3808.8,-31.1838
3808.9,-31.1801
3809.0,-31.1765
3809.1,-31.1728
3809.2,-31.1691
3809.3,-31.1654
3809.4,-31.1618
3809.5,-31.1581
3809.6,-31.1544
3809.7,-31.1507
3809.8,-31.1471
3809.9,-31.1434
3810.0,-31.1397
3810.1,-31.1360
3810.2,-31.1324
3810.3,-31.1287
3810.4,-31.1250
3810.5,-31.1213
3810.6,-31.1176
3810.7,-31.1140
3810.8,-31.1103
3810.9,-31.1066
3811.0,-31.1029
3811.1,-31.0993
3811.2,-31.0956
3811.3,-31.0919
3811.4,-31.0882
3811.5,-31.0846
3811.6,-31.0809
3811.7,-31.0772
3811.8,-31.0735
3811.9,-31.0699
3812.0,-31.0662
3812.1,-31.0625
3812.2,-31.0588
3812.3,-31.0551
3812.4,-31.0515
3812.5,-31.0478
3812.6,-31.0441
3812.7,-31.0404
3812.8,-31.0368
3812.9,-31.0331
3813.0,-31.0294
3813.1,-31.0257
3813.2,-31.0221
3813.3,-31.0184
3813.4,-31.0147
3813.5,-31.0110
3813.6,-31.0074
3813.7,-31.0037
3813.8,-31.0000
3813.9,-30.9963
3814.0,-30.9926
3814.1,-30.9890
3814.2,-30.9853
3814.3,-30.9816
3814.4,-30.9779
3814.5,-30.9743
3814.6,-30.9706
3814.7,-30.9669
3814.8,-30.9632
3814.9,-30.9596
3815.0,-30.9559
3815.1,-30.9522
3815.2,-30.9485
3815.3,-30.9449
3815.4,-30.9412
3815.5,-30.9375
3815.6,-30.9338
3815.7,-30.9301
3815.8,-30.9265
3815.9,-30.9228
3816.0,-30.9191
3816.1,-30.9154
3816.2,-30.9118
3816.3,-30.9081
3816.4,-30.9044
3816.5,-30.9007
3816.6,-30.8971
3816.7,-30.8934
3816.8,-30.8897
3816.9,-30.8860
3817.0,-30.8824
3817.1,-30.8787
3817.2,-30.8750
3817.3,-30.8713
3817.4,-30.8676
3817.5,-30.8640
3817.6,-30.8603
3817.7,-30.8566
3817.8,-30.8529
3817.9,-30.8493
3818.0,-30.8456
3818.1,-30.8419
3818.2,-30.8382
3818.3,-30.8346
3818.4,-30.8309
3818.5,-30.8272
3818.6,-30.8235
3818.7,-30.8199
3818.8,-30.8162
3818.9,-30.8125
3819.0,-30.8088
3819.1,-30.8051
3819.2,-30.8015
3819.3,-30.7978
3819.4,-30.7941
3819.5,-30.7904
3819.6,-30.7868
3819.7,-30.7831
3819.8,-30.7794
3819.9,-30.7757
3820.0,-30.7721
3820.1,-30.7684
3820.2,-30.7647
3820.3,-30.7610
3820.4,-30.7574
3820.5,-30.7537
3820.6,-30.7500
3820.7,-30.7463
3820.8,-30.7426
3820.9,-30.7390
3821.0,-30.7353
3821.1,-30.7316
3821.2,-30.7279
3821.3,-30.7243
3821.4,-30.7206
3821.5,-30.7169
3821.6,-30.7132
3821.7,-30.7096
3821.8,-30.7059
3821.9,-30.7022
3822.0,-30.6985
3822.1,-30.6949
3822.2,-30.6912
3822.3,-30.6875
3822.4,-30.6838
3822.5,-30.6801
3822.6,-30.6765
3822.7,-30.6728
3822.8,-30.6691
3822.9,-30.6654
3823.0,-30.6618
3823.1,-30.6581
3823.2,-30.6544
3823.3,-30.6507
3823.4,-30.6471
3823.5,-30.6434
3823.6,-30.6397
3823.7,-30.6360
3823.8,-30.6324
3823.9,-30.6287
3824.0,-30.6250
3824.1,-30.6213
3824.2,-30.6176
3824.3,-30.6140
3824.4,-30.6103
3824.5,-30.6066
3824.6,-30.6029
3824.7,-30.5993
3824.8,-30.5956
3824.9,-30.5919
3825.0,-30.5882
3825.1,-30.5846
3825.2,-30.5809
3825.3,-30.5772
3825.4,-30.5735
3825.5,-30.5699
3825.6,-30.5662
3825.7,-30.5625
3825.8,-30.5588
3825.9,-30.5551
3826.0,-30.5515
3826.1,-30.5478
3826.2,-30.5441
3826.3,-30.5404
3826.4,-30.5368
3826.5,-16.5966
3826.6,2.9160
3826.7,22.4261
3826.8,28.0000
3826.9,28.0000
3827.0,18.8163
3827.1,5.9592
3827.2,-6.8980
3827.3,-19.7551
3827.4,-32.6122
3827.5,-45.4694
3827.6,-58.3265
3827.7,-62.1786
3827.8,-62.4286
3827.9,-62.6786
3828.0,-62.9286
3828.1,-63.1786
3828.2,-63.4286
3828.3,-63.6786
3828.4,-63.9286
3828.5,-63.2453
3828.6,-62.9693
3828.7,-62.5967
3828.8,-62.0973
3828.9,-61.4343
3829.0,-60.5654
3829.1,-59.4454
3829.2,-58.0324
3829.3,-56.2975
3829.4,-54.2363
3829.5,-51.8817
3829.6,-49.3093
3829.7,-46.6322
3829.8,-43.9835
3829.9,-41.4905
3830.0,-39.2522
3830.1,-37.3257
3830.2,-35.7270
3830.3,-34.4399
3830.4,-33.4286
3830.5,-32.6490
3830.6,-32.0566
3830.7,-31.6114
3830.8,-31.2793
3830.9,-31.0329
3831.0,-30.3676
3831.1,-30.3640
3831.2,-30.3603
3831.3,-30.3566
3831.4,-30.3529
3831.5,-30.3493
3831.6,-30.3456
3831.7,-30.3419
3831.8,-30.3382
3831.9,-30.3346
3832.0,-30.3309
3832.1,-30.3272
3832.2,-30.3235
3832.3,-30.3199
3832.4,-30.3162
3832.5,-30.3125
3832.6,-30.3088
3832.7,-30.3051
3832.8,-30.3015
3832.9,-30.2978
3833.0,-30.2941
3833.1,-30.2904
3833.2,-30.2868
3833.3,-30.2831
3833.4,-30.2794
3833.5,-30.2757
3833.6,-30.2721
3833.7,-30.2684
3833.8,-30.2647
3833.9,-30.2610
3834.0,-30.2574
3834.1,-30.2537
3834.2,-30.2500
3834.3,-30.2463
3834.4,-30.2426
3834.5,-30.2390
3834.6,-30.2353
3834.7,-30.2316
3834.8,-30.2279
3834.9,-30.2243
3835.0,-30.2206
3835.1,-30.2169
3835.2,-30.2132
3835.3,-30.2096
3835.4,-30.2059
3835.5,-30.2022
3835.6,-30.1985
3835.7,-30.1949
3835.8,-30.1912
3835.9,-30.1875
3836.0,-30.1838
3836.1,-30.1801
3836.2,-30.1765
3836.3,-30.1728
3836.4,-30.1691
3836.5,-30.1654
3836.6,-30.1618
3836.7,-30.1581
3836.8,-30.1544
3836.9,-30.1507
3837.0,-30.1471
3837.1,-30.1434
3837.2,-30.1397
3837.3,-30.1360
3837.4,-30.1324
3837.5,-30.1287
3837.6,-30.1250
3837.7,-30.1213
3837.8,-30.1176
3837.9,-30.1140
3838.0,-30.1103
3838.1,-30.1066
3838.2,-30.1029
3838.3,-30.0993
3838.4,-30.0956
3838.5,-30.0919
3838.6,-30.0882
3838.7,-30.0846
3838.8,-30.0809
3838.9,-30.0772
3839.0,-30.0735
3839.1,-30.0699
3839.2,-30.0662
3839.3,-30.0625
3839.4,-30.0588
3839.5,-30.0551
3839.6,-30.0515
3839.7,-30.0478
3839.8,-30.0441
3839.9,-30.0404
3840.0,-30.0368
3840.1,-30.0331
3840.2,-30.0294
3840.3,-30.0257
3840.4,-30.0221
3840.5,-30.0184
3840.6,-30.0147
3840.7,-30.0110
3840.8,-30.0074
3840.9,-30.0037
3841.0,-30.0000
3841.1,-30.0382
3841.2,-30.0765
3841.3,-30.1147
3841.4,-30.1529
3841.5,-30.1912
3841.6,-30.2294
3841.7,-30.2676
3841.8,-30.3059
3841.9,-30.3441
3842.0,-30.3824
3842.1,-30.4206
3842.2,-30.4588
3842.3,-30.4971
3842.4,-30.5353
3842.5,-30.5735
3842.6,-30.6118
3842.7,-30.6500
3842.8,-30.6882
3842.9,-30.7265
3843.0,-30.7647
3843.1,-30.8029
3843.2,-30.8412
3843.3,-30.8794
3843.4,-30.9176
3843.5,-30.9559
3843.6,-30.9941
3843.7,-31.0324
3843.8,-31.0706
3843.9,-31.1088
3844.0,-31.1471
3844.1,-31.1853
3844.2,-31.2235
3844.3,-31.2618
3844.4,-31.3000
3844.5,-31.3382
3844.6,-31.3765
3844.7,-31.4147
3844.8,-31.4529
3844.9,-31.4912
3845.0,-31.5294
3845.1,-31.5676
3845.2,-31.6059
3845.3,-31.6441
3845.4,-31.6824
3845.5,-31.7206
3845.6,-31.7588
3845.7,-31.7971
3845.8,-31.8353
3845.9,-31.8735
3846.0,-31.9118
3846.1,-31.9500
3846.2,-31.9882
3846.3,-32.0265
3846.4,-32.0647
3846.5,-32.1029
3846.6,-32.1412
3846.7,-32.1794
3846.8,-32.2176
3846.9,-32.2559
3847.0,-32.2941
3847.1,-32.3324
3847.2,-32.3706
3847.3,-32.4088
3847.4,-32.4471
3847.5,-32.4853
3847.6,-32.5235
3847.7,-32.5618
3847.8,-32.6000
3847.9,-32.6382
3848.0,-32.6765
3848.1,-32.7147
3848.2,-32.7529
3848.3,-32.7912
3848.4,-32.8294
3848.5,-32.8676
3848.6,-32.9059
3848.7,-32.9441
3848.8,-32.9824
3848.9,-33.0206
3849.0,-33.0588
3849.1,-33.0971
3849.2,-33.1353
3849.3,-33.1735
3849.4,-33.2118
3849.5,-33.2500
3849.6,-33.2882
3849.7,-33.3265
3849.8,-33.3647
3849.9,-33.4029
3850.0,-33.4412
3850.1,-33.4794
3850.2,-33.5176
3850.3,-33.5559
3850.4,-33.5941
3850.5,-33.6324
3850.6,-33.6706
3850.7,-33.7088
3850.8,-16.1050
3850.9,4.4627
3851.0,25.0560
3851.1,28.0000
3851.2,28.0000
3851.3,16.9796
3851.4,4.1224
3851.5,-8.7347
3851.6,-21.5918
3851.7,-34.4490
3851.8,-47.3061
3851.9,-60.1633
3852.0,-62.2143
3852.1,-62.4643
3852.2,-62.7143
3852.3,-62.9643
3852.4,-63.2143
3852.5,-63.4643
3852.6,-63.7143
3852.7,-63.9643
3852.8,-63.3062
3852.9,-63.0541
3853.0,-62.7147
3853.1,-62.2609
3853.2,-61.6604
3853.3,-60.8763
3853.4,-59.8699
3853.5,-58.6069
3853.6,-57.0654
3853.7,-55.2471
3853.8,-53.1867
3853.9,-50.9558
3854.0,-48.6568
3854.1,-46.4054
3854.2,-44.3088
3854.3,-42.4467
3854.4,-40.8620
3854.5,-39.5627
3854.6,-38.5307
3854.7,-37.7326
3854.8,-37.1294
3854.9,-36.6826
3855.0,-36.3580
3855.1,-36.1271
3855.2,-35.9669
3855.3,-35.4676
3855.4,-35.5059
3855.5,-35.5441
3855.6,-35.5824
3855.7,-35.6206
3855.8,-35.6588
3855.9,-35.6971
3856.0,-35.7353
3856.1,-35.7735
3856.2,-35.8118
3856.3,-35.8500
3856.4,-35.8882
3856.5,-35.9265
3856.6,-35.9647
3856.7,-36.0029
3856.8,-36.0412
3856.9,-36.0794
3857.0,-36.1176
3857.1,-36.1559
3857.2,-36.1941
3857.3,-36.2324
3857.4,-36.2706
3857.5,-36.3088
3857.6,-36.3471
3857.7,-36.3853
3857.8,-36.4235
3857.9,-36.4618
3858.0,-36.5000
3858.1,-36.5382
3858.2,-36.5765
3858.3,-36.6147
3858.4,-36.6529
3858.5,-36.6912
3858.6,-36.7294
3858.7,-36.7676
3858.8,-36.8059
3858.9,-36.8441
3859.0,-36.8824
3859.1,-36.9206
3859.2,-36.9588
3859.3,-36.9971
3859.4,-37.0353
3859.5,-37.0735
3859.6,-37.1118
3859.7,-37.1500
3859.8,-37.1882
3859.9,-37.2265
3860.0,-37.2647
3860.1,-37.3029
3860.2,-37.3412
3860.3,-37.3794
3860.4,-37.4176
3860.5,-37.4559
3860.6,-37.4941
3860.7,-37.5324
3860.8,-37.5706
3860.9,-37.6088
3861.0,-37.6471
3861.1,-37.6853
3861.2,-37.7235
3861.3,-37.7618
3861.4,-37.8000
3861.5,-37.8382
3861.6,-37.8765
3861.7,-37.9147
3861.8,-37.9529
3861.9,-37.9912
3862.0,-38.0294
3862.1,-38.0676
3862.2,-38.1059
3862.3,-38.1441
3862.4,-38.1824
3862.5,-38.2206
3862.6,-38.2588
3862.7,-38.2971
3862.8,-38.3353
3862.9,-38.3735
3863.0,-38.4118
3863.1,-38.4500
3863.2,-38.4882
3863.3,-38.5265
3863.4,-38.5647
3863.5,-38.6029
3863.6,-38.6412
3863.7,-38.6794
3863.8,-38.7176
3863.9,-38.7559
3864.0,-38.7941
3864.1,-38.8324
3864.2,-38.8706
3864.3,-38.9088
3864.4,-38.9471
3864.5,-38.9853
3864.6,-39.0235
3864.7,-39.0618
3864.8,-39.1000
3864.9,-39.1382
3865.0,-39.1765
3865.1,-39.2147
3865.2,-39.2529
3865.3,-39.2912
3865.4,-39.3294
3865.5,-39.3676
3865.6,-39.4059
3865.7,-39.4441
3865.8,-39.4824
3865.9,-39.5206
3866.0,-39.5588
3866.1,-39.5971
3866.2,-39.6353
3866.3,-39.6735
3866.4,-39.7118
3866.5,-39.7500
3866.6,-39.7882
3866.7,-39.8265
3866.8,-39.8647
3866.9,-39.9029
3867.0,-39.9412
3867.1,-39.9794
3867.2,-40.0176
3867.3,-40.0559
3867.4,-40.0941
3867.5,-40.1324
3867.6,-40.1706
3867.7,-40.2088
3867.8,-40.2471
3867.9,-40.2853
3868.0,-40.3235
3868.1,-40.3618
3868.2,-40.4000
3868.3,-40.4382
3868.4,-40.4765
3868.5,-40.5147
3868.6,-40.5529
3868.7,-40.5912
3868.8,-40.6294
3868.9,-40.6676
3869.0,-40.7059
3869.1,-40.7441
3869.2,-40.7824
3869.3,-40.8206
3869.4,-40.8588
3869.5,-40.8971
3869.6,-40.9353
3869.7,-40.9735
3869.8,-41.0118
3869.9,-41.0500
3870.0,-41.0882
3870.1,-41.1265
3870.2,-41.1647
3870.3,-41.2029
3870.4,-41.2412
3870.5,-41.2794
3870.6,-41.3176
3870.7,-41.3559
3870.8,-41.3941
3870.9,-41.4324
3871.0,-41.4706
3871.1,-41.5088
3871.2,-41.5471
3871.3,-41.5853
3871.4,-41.6235
3871.5,-41.6618
3871.6,-41.7000
3871.7,-41.7382
3871.8,-41.7765
3871.9,-41.8147
3872.0,-41.8529
3872.1,-41.8912
3872.2,-41.9294
3872.3,-41.9676
3872.4,-42.0059
3872.5,-42.0441
3872.6,-42.0824
3872.7,-42.1206
3872.8,-42.1588
3872.9,-42.1971
3873.0,-42.2353
3873.1,-42.2735
3873.2,-42.3118
3873.3,-42.3500
3873.4,-42.3882
3873.5,-42.4265
3873.6,-42.4647
3873.7,-42.5029
3873.8,-42.5412
3873.9,-42.5794
3874.0,-42.6176
3874.1,-42.6559
3874.2,-42.6941
3874.3,-42.7324
3874.4,-42.7706
3874.5,-42.8088
3874.6,-42.8471
3874.7,-42.8853
3874.8,-42.9235
3874.9,-42.9618
3875.0,-43.0000
3875.1,-43.2682
3875.2,-43.5343
3875.3,-43.7984
3875.4,-44.0605
3875.5,-44.3206
3875.6,-44.5787
3875.7,-44.8348
3875.8,-45.0889
3875.9,-45.3411
3876.0,-45.5914
3876.1,-45.8397
3876.2,-46.0861
3876.3,-46.3307
3876.4,-46.5734
3876.5,-46.8142
3876.6,-47.0532
3876.7,-47.2903
3876.8,-47.5256
3876.9,-47.7591
3877.0,-47.9909
3877.1,-48.2208
3877.2,-48.4490
3877.3,-48.6755
3877.4,-48.9002
3877.5,-49.1231
3877.6,-49.3444
3877.7,-49.5640
3877.8,-49.7819
3877.9,-49.9981
3878.0,-50.2127
3878.1,-50.4256
3878.2,-50.6369
3878.3,-50.8466
3878.4,-51.0547
3878.5,-51.2612
3878.6,-51.4661
3878.7,-51.6694
3878.8,-51.8711
3878.9,-52.0714
3879.0,-52.2700
3879.1,-52.4672
3879.2,-52.6629
3879.3,-52.8570
3879.4,-53.0497
3879.5,-53.2409
3879.6,-53.4306
3879.7,-53.6189
3879.8,-53.8057
3879.9,-53.9911
3880.0,-54.1751
3880.1,-54.3576
3880.2,-54.5388
3880.3,-54.7186
3880.4,-54.8970
3880.5,-55.0740
3880.6,-55.2497
3880.7,-55.4240
3880.8,-55.5970
3880.9,-55.7687
3881.0,-55.9390
3881.1,-56.1081
3881.2,-56.2758
3881.3,-56.4423
3881.4,-56.6075
3881.5,-56.7714
3881.6,-56.9341
3881.7,-57.0955
3881.8,-57.2557
3881.9,-57.4147
3882.0,-57.5724
3882.1,-57.7289
3882.2,-57.8843
3882.3,-58.0384
3882.4,-58.1914
3882.5,-58.3432
3882.6,-58.4938
3882.7,-58.6433
3882.8,-58.7916
3882.9,-58.9388
3883.0,-59.0848
3883.1,-59.2298
3883.2,-59.3736
3883.3,-59.5164
3883.4,-59.6580
3883.5,-59.7985
3883.6,-59.9380
3883.7,-60.0764
3883.8,-60.2138
3883.9,-60.3501
3884.0,-60.4853
3884.1,-60.6195
3884.2,-60.7527
3884.3,-60.8849
3884.4,-61.0160
3884.5,-61.1462
3884.6,-61.2753
3884.7,-61.4035
3884.8,-61.5306
3884.9,-61.6568
3885.0,-61.7821
3885.1,-61.9063
3885.2,-62.0297
3885.3,-62.1520
3885.4,-62.2735
3885.5,-62.3940
3885.6,-62.5136
3885.7,-62.6323
3885.8,-62.7500
3885.9,-62.8669
3886.0,-62.9828
3886.1,-63.0979
3886.2,-63.2121
3886.3,-63.3254
3886.4,-63.4379
3886.5,-63.5494
3886.6,-63.6602
3886.7,-63.7701
3886.8,-63.8791
3886.9,-63.9873
3887.0,-64.0947
3887.1,-64.2012
3887.2,-64.3070
3887.3,-64.4119
3887.4,-64.5160
3887.5,-64.6194
3887.6,-64.7219
3887.7,-64.8236
3887.8,-64.9246
3887.9,-65.0248
3888.0,-65.1242
3888.1,-65.2229
3888.2,-65.3208
3888.3,-65.4180
3888.4,-65.5144
3888.5,-65.6100
3888.6,-65.7050
3888.7,-65.7992
3888.8,-65.8927
3888.9,-65.9855
3889.0,-66.0775
3889.1,-66.1689
3889.2,-66.2595
3889.3,-66.3495
3889.4,-66.4388
3889.5,-66.5274
3889.6,-66.6153
3889.7,-66.7025
3889.8,-66.7891
3889.9,-66.8750
3890.0,-66.9603
3890.1,-67.0449
3890.2,-67.1288
3890.3,-67.2121
3890.4,-67.2948
3890.5,-67.3768
3890.6,-67.4582
3890.7,-67.5390
3890.8,-67.6191
3890.9,-67.6987
3891.0,-67.7776
3891.1,-67.8560
3891.2,-67.9337
3891.3,-68.0108
3891.4,-68.0874
3891.5,-68.1633
3891.6,-68.2387
3891.7,-68.3135
3891.8,-68.3877
3891.9,-68.4614
3892.0,-68.5345
3892.1,-68.6070
3892.2,-68.6790
3892.3,-68.7504
3892.4,-68.8213
3892.5,-68.8916
3892.6,-68.9614
3892.7,-69.0307
3892.8,-69.0994
3892.9,-69.1676
3893.0,-69.2353
3893.1,-69.3025
3893.2,-69.3691
3893.3,-69.4352
3893.4,-69.5009
3893.5,-69.5660
3893.6,-69.6306
3893.7,-69.6948
3893.8,-69.7584
3893.9,-69.8216
3894.0,-69.8842
3894.1,-69.9464
3894.2,-70.0081
3894.3,-70.0694
3894.4,-70.1301
3894.5,-70.1904
3894.6,-70.2503
3894.7,-70.3097
3894.8,-70.3686
3894.9,-70.4271
3895.0,-70.4851
3895.1,-70.5427
3895.2,-70.5998
3895.3,-70.6565
3895.4,-70.7128
3895.5,-70.7687
3895.6,-70.8241
3895.7,-70.8791
3895.8,-70.9336
3895.9,-70.9878
3896.0,-71.0415
3896.1,-71.0948
3896.2,-71.1477
3896.3,-71.2002
3896.4,-71.2524
3896.5,-71.3041
3896.6,-71.3554
3896.7,-71.4063
3896.8,-71.4568
3896.9,-71.5069
3897.0,-71.5567
3897.1,-71.6061
3897.2,-71.6551
3897.3,-71.7037
3897.4,-71.7519
3897.5,-71.7998
3897.6,-71.8473
3897.7,-71.8945
3897.8,-71.9413
3897.9,-71.9877
3898.0,-72.0338
3898.1,-72.0795
3898.2,-72.1248
3898.3,-72.1699
3898.4,-72.2145
3898.5,-72.2589
3898.6,-72.3029
3898.7,-72.3465
3898.8,-72.3898
3898.9,-72.4328
3899.0,-72.4755
3899.1,-72.5178
3899.2,-72.5598
3899.3,-72.6015
3899.4,-72.6429
3899.5,-72.6839
3899.6,-72.7247
3899.7,-72.7651
3899.8,-72.8052
3899.9,-72.8450
3900.0,-72.8845
3900.1,-72.9237
3900.2,-72.9626
3900.3,-73.0012
3900.4,-73.0395
3900.5,-73.0775
3900.6,-73.1153
3900.7,-73.1527
3900.8,-73.1898
3900.9,-73.2267
3901.0,-73.2633
3901.1,-73.2996
3901.2,-73.3356
3901.3,-73.3713
3901.4,-73.4068
3901.5,-73.4420
3901.6,-73.4769
3901.7,-73.5116
3901.8,-73.5460
3901.9,-73.5801
3902.0,-73.6140
3902.1,-73.6476
3902.2,-73.6809
3902.3,-73.7140
3902.4,-73.7469
3902.5,-73.7795
3902.6,-73.8118
3902.7,-73.8439
3902.8,-73.8757
3902.9,-73.9073
3903.0,-73.9387
3903.1,-73.9698
3903.2,-74.0007
3903.3,-74.0314
3903.4,-74.0618
3903.5,-74.0919
3903.6,-74.1219
3903.7,-74.1516
3903.8,-74.1811
3903.9,-74.2104
3904.0,-74.2394
3904.1,-74.2682
3904.2,-74.2968
3904.3,-74.3252
3904.4,-74.3533
3904.5,-74.3813
3904.6,-74.4090
3904.7,-74.4365
3904.8,-74.4638
3904.9,-74.4909
3905.0,-74.5178
3905.1,-74.5445
3905.2,-74.5710
3905.3,-74.5973
3905.4,-74.6233
3905.5,-74.6492
3905.6,-74.6749
3905.7,-74.7004
3905.8,-74.7257
3905.9,-74.7507
3906.0,-74.7756
3906.1,-74.8004
3906.2,-74.8249
3906.3,-74.8492
3906.4,-74.8733
3906.5,-74.8973
3906.6,-74.9211
3906.7,-74.9447
3906.8,-74.9681
3906.9,-74.9913
3907.0,-75.0144
3907.1,-75.0373
3907.2,-75.0600
3907.3,-75.0825
3907.4,-75.1048
3907.5,-75.1270
3907.6,-75.1490
3907.7,-75.1709
3907.8,-75.1926
3907.9,-75.2141
3908.0,-75.2354
3908.1,-75.2566
3908.2,-75.2776
3908.3,-75.2985
3908.4,-75.3192
3908.5,-75.3397
3908.6,-75.3601
3908.7,-75.3804
3908.8,-75.4004
3908.9,-75.4203
3909.0,-75.4401
3909.1,-75.4597
3909.2,-75.4792
3909.3,-75.4985
3909.4,-75.5177
3909.5,-75.5367
3909.6,-75.5556
3909.7,-75.5743
3909.8,-75.5929
3909.9,-75.6113
3910.0,-75.6296
3910.1,-75.6478
3910.2,-75.6658
3910.3,-75.6837
3910.4,-75.7015
3910.5,-75.7191
3910.6,-75.7366
3910.7,-75.7539
3910.8,-75.7711
3910.9,-75.7882
3911.0,-75.8051
3911.1,-75.8220
3911.2,-75.8387
3911.3,-75.8552
3911.4,-75.8716
3911.5,-75.8880
3911.6,-75.9041
3911.7,-75.9202
3911.8,-75.9361
3911.9,-75.9520
3912.0,-75.9676
3912.1,-75.9832
3912.2,-75.9987
3912.3,-76.0140
3912.4,-76.0292
3912.5,-76.0443
3912.6,-76.0593
3912.7,-76.0742
3912.8,-76.0889
3912.9,-76.1036
3913.0,-76.1181
3913.1,-76.1325
3913.2,-76.1469
3913.3,-76.1611
3913.4,-76.1751
3913.5,-76.1891
3913.6,-76.2030
3913.7,-76.2168
3913.8,-76.2304
3913.9,-76.2440
3914.0,-76.2575
3914.1,-76.2708
3914.2,-76.2841
3914.3,-76.2972
3914.4,-76.3103
3914.5,-76.3232
3914.6,-76.3361
3914.7,-76.3488
3914.8,-76.3615
3914.9,-76.3740
3915.0,-76.3865
3915.1,-76.3988
3915.2,-76.4111
3915.3,-76.4233
3915.4,-76.4354
3915.5,-76.4473
3915.6,-76.4592
3915.7,-76.4711
3915.8,-76.4828
3915.9,-76.4944
3916.0,-76.5059
3916.1,-76.5174
3916.2,-76.5287
3916.3,-76.5400
3916.4,-76.5512
3916.5,-76.5623
3916.6,-76.5733
3916.7,-76.5843
3916.8,-76.5951
3916.9,-76.6059
3917.0,-76.6166
3917.1,-76.6272
3917.2,-76.6377
3917.3,-76.6481
3917.4,-76.6585
3917.5,-76.6688
3917.6,-76.6790
3917.7,-76.6891
3917.8,-76.6991
3917.9,-76.7091
3918.0,-76.7190
3918.1,-76.7288
3918.2,-76.7385
3918.3,-76.7482
3918.4,-76.7578
3918.5,-76.7673
3918.6,-76.7768
3918.7,-76.7861
3918.8,-76.7954
3918.9,-76.8047
3919.0,-76.8138
3919.1,-76.8229
3919.2,-76.8319
3919.3,-76.8409
3919.4,-76.8498
3919.5,-76.8586
3919.6,-76.8673
3919.7,-76.8760
3919.8,-76.8846
3919.9,-76.8932
3920.0,-76.9016
3920.1,-76.9101
3920.2,-76.9184
3920.3,-76.9267
3920.4,-76.9349
3920.5,-76.9431
3920.6,-76.9512
3920.7,-76.9592
3920.8,-76.9672
3920.9,-76.9751
3921.0,-76.9830
3921.1,-76.9908
3921.2,-76.9985
3921.3,-77.0062
3921.4,-77.0138
3921.5,-77.0213
3921.6,-77.0288
3921.7,-77.0363
3921.8,-77.0437
3921.9,-77.0510
3922.0,-77.0583
3922.1,-77.0655
3922.2,-77.0726
3922.3,-77.0798
3922.4,-77.0868
3922.5,-77.0938
3922.6,-77.1007
3922.7,-77.1076
3922.8,-77.1145
3922.9,-77.1213
3923.0,-77.1280
3923.1,-77.1347
3923.2,-77.1413
3923.3,-77.1479
3923.4,-77.1544
3923.5,-77.1609
3923.6,-77.1673
3923.7,-77.1737
3923.8,-77.1800
3923.9,-77.1863
3924.0,-77.1926
3924.1,-77.1987
3924.2,-77.2049
3924.3,-77.2110
3924.4,-77.2170
3924.5,-77.2230
3924.6,-77.2290
3924.7,-77.2349
3924.8,-77.2407
3924.9,-77.2466
3925.0,-77.2523
3925.1,-77.2581
3925.2,-77.2638
3925.3,-77.2694
3925.4,-77.2750
3925.5,-77.2805
3925.6,-77.2861
3925.7,-77.2915
3925.8,-77.2970
3925.9,-77.3023
3926.0,-77.3077
3926.1,-77.3130
3926.2,-77.3183
3926.3,-77.3235
3926.4,-77.3287
3926.5,-77.3338
3926.6,-77.3389
3926.7,-77.3440
3926.8,-77.3490
3926.9,-77.3540
3927.0,-77.3590
3927.1,-77.3639
3927.2,-77.3687
3927.3,-77.3736
3927.4,-77.3784
3927.5,-77.3831
3927.6,-77.3879
3927.7,-77.3926
3927.8,-77.3972
3927.9,-77.4018
3928.0,-77.4064
3928.1,-77.4110
3928.2,-77.4155
3928.3,-77.4200
3928.4,-77.4244
3928.5,-77.4288
3928.6,-77.4332
3928.7,-77.4375
3928.8,-77.4418
3928.9,-77.4461
3929.0,-77.4504
3929.1,-77.4546
3929.2,-77.4588
3929.3,-77.4629
3929.4,-77.4670
3929.5,-77.4711
3929.6,-77.4752
3929.7,-77.4792
3929.8,-77.4832
3929.9,-77.4871
3930.0,-77.4911
3930.1,-77.4950
3930.2,-77.4988
3930.3,-77.5027
3930.4,-77.5065
3930.5,-77.5103
3930.6,-77.5140
3930.7,-77.5177
3930.8,-77.5214
3930.9,-77.5251
3931.0,-77.5287
3931.1,-77.5324
3931.2,-77.5359
3931.3,-77.5395
3931.4,-77.5430
3931.5,-77.5465
3931.6,-77.5500
3931.7,-77.5534
3931.8,-77.5569
3931.9,-77.5603
3932.0,-77.5636
3932.1,-77.5670
3932.2,-77.5703
3932.3,-77.5736
3932.4,-77.5769
3932.5,-77.5801
3932.6,-77.5833
3932.7,-77.5865
3932.8,-77.5897
3932.9,-77.5928
3933.0,-77.5959
3933.1,-77.5990
3933.2,-77.6021
3933.3,-77.6052
3933.4,-77.6082
3933.5,-77.6112
3933.6,-77.6142
3933.7,-77.6171
3933.8,-77.6201
3933.9,-77.6230
3934.0,-77.6259
3934.1,-77.6287
3934.2,-77.6316
3934.3,-77.6344
3934.4,-77.6372
3934.5,-77.6400
3934.6,-77.6427
3934.7,-77.6455
3934.8,-77.6482
3934.9,-77.6509
3935.0,-77.6536
3935.1,-77.6562
3935.2,-77.6588
3935.3,-77.6615
3935.4,-77.6641
3935.5,-77.6666
3935.6,-77.6692
3935.7,-77.6717
3935.8,-77.6742
3935.9,-77.6767
3936.0,-77.6792
3936.1,-77.6817
3936.2,-77.6841
3936.3,-77.6865
3936.4,-77.6889
3936.5,-77.6913
3936.6,-77.6937
3936.7,-77.6960
3936.8,-77.6984
3936.9,-77.7007
3937.0,-77.7030
3937.1,-77.7052
3937.2,-77.7075
3937.3,-77.7097
3937.4,-77.7120
3937.5,-77.7142
3937.6,-77.7164
3937.7,-77.7185
3937.8,-77.7207
3937.9,-77.7228
3938.0,-77.7250
3938.1,-77.7271
3938.2,-77.7292
3938.3,-77.7312
3938.4,-77.7333
3938.5,-77.7353
3938.6,-77.7374
3938.7,-77.7394
3938.8,-77.7414
3938.9,-77.7433
3939.0,-77.7453
3939.1,-77.7473
3939.2,-77.7492
3939.3,-77.7511
3939.4,-77.7530
3939.5,-77.7549
3939.6,-77.7568
3939.7,-77.7587
3939.8,-77.7605
3939.9,-77.7624
3940.0,-78.0000
3940.1,-77.9867
3940.2,-77.9735
3940.3,-77.9604
3940.4,-77.9474
3940.5,-77.9344
3940.6,-77.9216
3940.7,-77.9088
3940.8,-77.8961
3940.9,-77.8835
3941.0,-77.8710
3941.1,-77.8586
3941.2,-77.8462
3941.3,-77.8340
3941.4,-77.8218
3941.5,-77.8097
3941.6,-77.7977
3941.7,-77.7857
3941.8,-77.7738
3941.9,-77.7621
3942.0,-77.7503
3942.1,-77.7387
3942.2,-77.7272
3942.3,-77.7157
3942.4,-77.7043
3942.5,-77.6930
3942.6,-77.6817
3942.7,-77.6705
3942.8,-77.6594
3942.9,-77.6484
3943.0,-77.6375
3943.1,-77.6266
3943.2,-77.6158
3943.3,-77.6050
3943.4,-77.5944
3943.5,-77.5838
3943.6,-77.5733
3943.7,-77.5628
3943.8,-77.5524
3943.9,-77.5421
3944.0,-77.5319
3944.1,-77.5217
3944.2,-77.5116
3944.3,-77.5015
3944.4,-77.4915
3944.5,-77.4816
3944.6,-77.4718
3944.7,-77.4620
3944.8,-77.4523
3944.9,-77.4426
3945.0,-77.4331
3945.1,-77.4235
3945.2,-77.4141
3945.3,-77.4047
3945.4,-77.3954
3945.5,-77.3861
3945.6,-77.3769
3945.7,-77.3677
3945.8,-77.3586
3945.9,-77.3496
3946.0,-77.3406
3946.1,-77.3317
3946.2,-77.3229
3946.3,-77.3141
3946.4,-77.3054
3946.5,-77.2967
3946.6,-77.2881
3946.7,-77.2795
3946.8,-77.2710
3946.9,-77.2626
3947.0,-77.2542
3947.1,-77.2458
3947.2,-77.2376
3947.3,-77.2293
3947.4,-77.2212
3947.5,-77.2131
3947.6,-77.2050
3947.7,-77.1970
3947.8,-77.1890
3947.9,-77.1811
3948.0,-77.1733
3948.1,-77.1655
3948.2,-77.1578
3948.3,-77.1501
3948.4,-77.1424
3948.5,-77.1348
3948.6,-77.1273
3948.7,-77.1198
3948.8,-77.1124
3948.9,-77.1050
3949.0,-77.0976
3949.1,-77.0903
3949.2,-77.0831
3949.3,-77.0759
3949.4,-77.0687
3949.5,-77.0616
3949.6,-77.0546
3949.7,-77.0476
3949.8,-77.0406
3949.9,-77.0337
3950.0,-77.0268
3950.1,-77.0200
3950.2,-77.0132
3950.3,-77.0065
3950.4,-76.9998
3950.5,-76.9932
3950.6,-76.9866
3950.7,-76.9800
3950.8,-76.9735
3950.9,-76.9670
3951.0,-76.9606
3951.1,-76.9542
3951.2,-76.9479
3951.3,-76.9416
3951.4,-76.9353
3951.5,-76.9291
3951.6,-76.9229
3951.7,-76.9168
3951.8,-76.9107
3951.9,-76.9047
3952.0,-76.8987
3952.1,-76.8927
3952.2,-76.8868
3952.3,-76.8809
3952.4,-76.8750
3952.5,-76.8692
3952.6,-76.8634
3952.7,-76.8577
3952.8,-76.8520
3952.9,-76.8463
3953.0,-76.8407
3953.1,-76.8351
3953.2,-76.8296
3953.3,-76.8241
3953.4,-76.8186
3953.5,-76.8131
3953.6,-76.8077
3953.7,-76.8024
3953.8,-76.7970
3953.9,-76.7917
3954.0,-76.7865
3954.1,-76.7813
3954.2,-76.7761
3954.3,-76.7709
3954.4,-76.7658
3954.5,-76.7607
3954.6,-76.7556
3954.7,-76.7506
3954.8,-76.7456
3954.9,-76.7407
3955.0,-76.7358
3955.1,-76.7309
3955.2,-76.7260
3955.3,-76.7212
3955.4,-76.7164
3955.5,-76.7116
3955.6,-76.7069
3955.7,-76.7022
3955.8,-76.6975
3955.9,-76.6929
3956.0,-76.6883
3956.1,-76.6837
3956.2,-76.6792
3956.3,-76.6747
3956.4,-76.6702
3956.5,-76.6657
3956.6,-76.6613
3956.7,-76.6569
3956.8,-76.6526
3956.9,-76.6482
3957.0,-76.6439
3957.1,-76.6396
3957.2,-76.6354
3957.3,-76.6312
3957.4,-76.6270
3957.5,-76.6228
3957.6,-76.6187
3957.7,-76.6146
3957.8,-76.6105
3957.9,-76.6064
3958.0,-76.6024
3958.1,-76.5984
3958.2,-76.5944
3958.3,-76.5905
3958.4,-76.5865
3958.5,-76.5826
3958.6,-76.5788
3958.7,-76.5749
3958.8,-76.5711
3958.9,-76.5673
3959.0,-76.5635
3959.1,-76.5598
3959.2,-76.5561
3959.3,-76.5524
3959.4,-76.5487
3959.5,-76.5451
3959.6,-76.5414
3959.7,-76.5378
3959.8,-76.5343
3959.9,-76.5307
3960.0,-76.5272
3960.1,-76.5237
3960.2,-76.5202
3960.3,-76.5168
3960.4,-76.5133
3960.5,-76.5099
3960.6,-76.5065
3960.7,-76.5032
3960.8,-76.4998
3960.9,-76.4965
3961.0,-76.4932
3961.1,-76.4899
3961.2,-76.4867
3961.3,-76.4834
3961.4,-76.4802
3961.5,-76.4770
3961.6,-76.4739
3961.7,-76.4707
3961.8,-76.4676
3961.9,-76.4645
3962.0,-76.4614
3962.1,-76.4583
3962.2,-76.4553
3962.3,-76.4523
3962.4,-76.4492
3962.5,-76.4463
3962.6,-76.4433
3962.7,-76.4403
3962.8,-76.4374
3962.9,-76.4345
3963.0,-76.4316
3963.1,-76.4288
3963.2,-76.4259
3963.3,-76.4231
3963.4,-76.4203
3963.5,-76.4175
3963.6,-76.4147
3963.7,-76.4120
3963.8,-76.4092
3963.9,-76.4065
3964.0,-76.4038
3964.1,-76.4011
3964.2,-76.3984
3964.3,-76.3958
3964.4,-76.3932
3964.5,-76.3906
3964.6,-76.3880
3964.7,-76.3854
3964.8,-76.3828
3964.9,-76.3803
3965.0,-76.3778
3965.1,-76.3752
3965.2,-76.3727
3965.3,-76.3703
3965.4,-76.3678
3965.5,-76.3654
3965.6,-76.3629
3965.7,-76.3605
3965.8,-76.3581
3965.9,-76.3558
3966.0,-76.3534
3966.1,-76.3510
3966.2,-76.3487
3966.3,-76.3464
3966.4,-76.3441
3966.5,-76.3418
3966.6,-76.3395
3966.7,-76.3373
3966.8,-76.3350
3966.9,-76.3328
3967.0,-76.3306
3967.1,-76.3284
3967.2,-76.3262
3967.3,-76.3241
3967.4,-76.3219
3967.5,-76.3198
3967.6,-76.3176
3967.7,-76.3155
3967.8,-76.3134
3967.9,-76.3113
3968.0,-76.3093
3968.1,-76.3072
3968.2,-76.3052
3968.3,-76.3032
3968.4,-76.3011
3968.5,-76.2991
3968.6,-76.2971
3968.7,-76.2952
3968.8,-76.2932
3968.9,-76.2913
3969.0,-76.2893
3969.1,-76.2874
3969.2,-76.2855
3969.3,-76.2836
3969.4,-76.2817
3969.5,-76.2798
3969.6,-76.2780
3969.7,-76.2761
3969.8,-76.2743
3969.9,-76.2725
3970.0,-76.2707
3970.1,-76.2689
3970.2,-76.2671
3970.3,-76.2653
3970.4,-76.2635
3970.5,-76.2618
3970.6,-76.2601
3970.7,-76.2583
3970.8,-76.2566
3970.9,-76.2549
3971.0,-76.2532
3971.1,-76.2515
3971.2,-76.2499
3971.3,-76.2482
3971.4,-76.2466
3971.5,-76.2449
3971.6,-76.2433
3971.7,-76.2417
3971.8,-76.2401
3971.9,-76.2385
3972.0,-76.2369
3972.1,-76.2353
3972.2,-76.2337
3972.3,-76.2322
3972.4,-76.2307
3972.5,-76.2291
3972.6,-76.2276
3972.7,-76.2261
3972.8,-76.2246
3972.9,-76.2231
3973.0,-76.2216
3973.1,-76.2201
3973.2,-76.2187
3973.3,-76.2172
3973.4,-76.2158
3973.5,-76.2143
3973.6,-76.2129
3973.7,-76.2115
3973.8,-76.2101
3973.9,-76.2087
3974.0,-76.2073
3974.1,-76.2059
3974.2,-76.2046
3974.3,-76.2032
3974.4,-76.2019
3974.5,-76.2005
3974.6,-76.1992
3974.7,-76.1979
3974.8,-76.1965
3974.9,-76.1952
3975.0,-76.1939
3975.1,-76.1927
3975.2,-76.1914
3975.3,-76.1901
3975.4,-76.1888
3975.5,-76.1876
3975.6,-76.1863
3975.7,-76.1851
3975.8,-76.1839
3975.9,-76.1826
3976.0,-76.1814
3976.1,-76.1802
3976.2,-76.1790
3976.3,-76.1778
3976.4,-76.1767
3976.5,-76.1755
3976.6,-76.1743
3976.7,-76.1732
3976.8,-76.1720
3976.9,-76.1709
3977.0,-76.1697
3977.1,-76.1686
3977.2,-76.1675
3977.3,-76.1664
3977.4,-76.1653
3977.5,-76.1642
3977.6,-76.1631
3977.7,-76.1620
3977.8,-76.1609
3977.9,-76.1598
3978.0,-76.1588
3978.1,-76.1577
3978.2,-76.1567
3978.3,-76.1556
3978.4,-76.1546
3978.5,-76.1536
3978.6,-76.1526
3978.7,-76.1515
3978.8,-76.1505
3978.9,-76.1495
3979.0,-76.1485
3979.1,-76.1476
3979.2,-76.1466
3979.3,-76.1456
3979.4,-76.1446
3979.5,-76.1437
3979.6,-76.1427
3979.7,-76.1418
3979.8,-76.1408
3979.9,-76.1399
3980.0,-76.1390
3980.1,-76.1380
3980.2,-76.1371
3980.3,-76.1362
3980.4,-76.1353
3980.5,-76.1344
3980.6,-76.1335
3980.7,-76.1326
3980.8,-76.1317
3980.9,-76.1309
3981.0,-76.1300
3981.1,-76.1291
3981.2,-76.1283
3981.3,-76.1274
3981.4,-76.1266
3981.5,-76.1257
3981.6,-76.1249
3981.7,-76.1241
3981.8,-76.1233
3981.9,-76.1224
3982.0,-76.1216
3982.1,-76.1208
3982.2,-76.1200
3982.3,-76.1192
3982.4,-76.1184
3982.5,-76.1176
3982.6,-76.1169
3982.7,-76.1161
3982.8,-76.1153
3982.9,-76.1145
3983.0,-76.1138
3983.1,-76.1130
3983.2,-76.1123
3983.3,-76.1115
3983.4,-76.1108
3983.5,-76.1100
3983.6,-76.1093
3983.7,-76.1086
3983.8,-76.1079
3983.9,-76.1072
3984.0,-76.1064
3984.1,-76.1057
3984.2,-76.1050
3984.3,-76.1043
3984.4,-76.1036
3984.5,-76.1029
3984.6,-76.1023
3984.7,-76.1016
3984.8,-76.1009
3984.9,-76.1002
3985.0,-76.0996
3985.1,-76.0989
3985.2,-76.0983
3985.3,-76.0976
3985.4,-76.0970
3985.5,-76.0963
3985.6,-76.0957
3985.7,-76.0950
3985.8,-76.0944
3985.9,-76.0938
3986.0,-76.0932
3986.1,-76.0925
3986.2,-76.0919
3986.3,-76.0913
3986.4,-76.0907
3986.5,-76.0901
3986.6,-76.0895
3986.7,-76.0889
3986.8,-76.0883
3986.9,-76.0877
3987.0,-76.0871
3987.1,-76.0866
3987.2,-76.0860
3987.3,-76.0854
3987.4,-76.0849
3987.5,-76.0843
3987.6,-76.0837
3987.7,-76.0832
3987.8,-76.0826
3987.9,-76.0821
3988.0,-76.0815
3988.1,-76.0810
3988.2,-76.0804
3988.3,-76.0799
3988.4,-76.0794
3988.5,-76.0789
3988.6,-76.0783
3988.7,-76.0778
3988.8,-76.0773
3988.9,-76.0768
3989.0,-76.0763
3989.1,-76.0758
3989.2,-76.0753
3989.3,-76.0748
3989.4,-76.0743
3989.5,-76.0738
3989.6,-76.0733
3989.7,-76.0728
3989.8,-76.0723
3989.9,-76.0718
3990.0,-76.0713
3990.1,-76.0709
3990.2,-76.0704
3990.3,-76.0699
3990.4,-76.0695
3990.5,-76.0690
3990.6,-76.0686
3990.7,-76.0681
3990.8,-76.0676
3990.9,-76.0672
3991.0,-76.0667
3991.1,-76.0663
3991.2,-76.0659
3991.3,-76.0654
3991.4,-76.0650
3991.5,-76.0646
3991.6,-76.0641
3991.7,-76.0637
3991.8,-76.0633
3991.9,-76.0629
3992.0,-76.0624
3992.1,-76.0620
3992.2,-76.0616
3992.3,-76.0612
3992.4,-76.0608
3992.5,-76.0604
3992.6,-76.0600
3992.7,-76.0596
3992.8,-76.0592
3992.9,-76.0588
3993.0,-76.0584
3993.1,-76.0580
3993.2,-76.0576
3993.3,-76.0573
3993.4,-76.0569
3993.5,-76.0565
3993.6,-76.0561
3993.7,-76.0558
3993.8,-76.0554
3993.9,-76.0550
3994.0,-76.0546
3994.1,-76.0543
3994.2,-76.0539
3994.3,-76.0536
3994.4,-76.0532
3994.5,-76.0529
3994.6,-76.0525
3994.7,-76.0522
3994.8,-76.0518
3994.9,-76.0515
3995.0,-76.0511
3995.1,-76.0508
3995.2,-76.0504
3995.3,-76.0501
3995.4,-76.0498
3995.5,-76.0494
3995.6,-76.0491
3995.7,-76.0488
3995.8,-76.0485
3995.9,-76.0481
3996.0,-76.0478
3996.1,-76.0475
3996.2,-76.0472
3996.3,-76.0469
3996.4,-76.0466
3996.5,-76.0463
3996.6,-76.0460
3996.7,-76.0456
3996.8,-76.0453
3996.9,-76.0450
3997.0,-76.0447
3997.1,-76.0444
3997.2,-76.0441
3997.3,-76.0439
3997.4,-76.0436
3997.5,-76.0433
3997.6,-76.0430
3997.7,-76.0427
3997.8,-76.0424
3997.9,-76.0421
3998.0,-76.0419
3998.1,-76.0416
3998.2,-76.0413
3998.3,-76.0410
3998.4,-76.0408
3998.5,-76.0405
3998.6,-76.0402
3998.7,-76.0399
3998.8,-76.0397
3998.9,-76.0394
3999.0,-76.0392
3999.1,-76.0389
3999.2,-76.0386
3999.3,-76.0384
3999.4,-76.0381
3999.5,-76.0379
3999.6,-76.0376
3999.7,-76.0374
3999.8,-76.0371
3999.9,-76.0369
4000.0,-76.0000
4000.1,-75.9940
4000.2,-75.9880
4000.3,-75.9820
4000.4,-75.9760
4000.5,-75.9700
4000.6,-75.9640
4000.7,-75.9580
4000.8,-75.9521
4000.9,-75.9461
4001.0,-75.9401
4001.1,-75.9341
4001.2,-75.9281
4001.3,-75.9222
4001.4,-75.9162
4001.5,-75.9102
4001.6,-75.9043
4001.7,-75.8983
4001.8,-75.8923
4001.9,-75.8864
4002.0,-75.8804
4002.1,-75.8744
4002.2,-75.8685
4002.3,-75.8625
4002.4,-75.8566
4002.5,-75.8506
4002.6,-75.8447
4002.7,-75.8387
4002.8,-75.8328
4002.9,-75.8268
4003.0,-75.8209
4003.1,-75.8150
4003.2,-75.8090
4003.3,-75.8031
4003.4,-75.7972
4003.5,-75.7912
4003.6,-75.7853
4003.7,-75.7794
4003.8,-75.7734
4003.9,-75.7675
4004.0,-75.7616
4004.1,-75.7557
4004.2,-75.7498
4004.3,-75.7438
4004.4,-75.7379
4004.5,-75.7320
4004.6,-75.7261
4004.7,-75.7202
4004.8,-75.7143
4004.9,-75.7084
4005.0,-75.7025
4005.1,-75.6966
4005.2,-75.6907
4005.3,-75.6848
4005.4,-75.6789
4005.5,-75.6730
4005.6,-75.6671
4005.7,-75.6612
4005.8,-75.6553
4005.9,-75.6495
4006.0,-75.6436
4006.1,-75.6377
4006.2,-75.6318
4006.3,-75.6259
4006.4,-75.6201
4006.5,-75.6142
4006.6,-75.6083
4006.7,-75.6025
4006.8,-75.5966
4006.9,-75.5907
4007.0,-75.5849
4007.1,-75.5790
4007.2,-75.5731
4007.3,-75.5673
4007.4,-75.5614
4007.5,-75.5556
4007.6,-75.5497
4007.7,-75.5439
4007.8,-75.5380
4007.9,-75.5322
4008.0,-75.5263
4008.1,-75.5205
4008.2,-75.5147
4008.3,-75.5088
4008.4,-75.5030
4008.5,-75.4972
4008.6,-75.4913
4008.7,-75.4855
4008.8,-75.4797
4008.9,-75.4738
4009.0,-75.4680
4009.1,-75.4622
4009.2,-75.4564
4009.3,-75.4506
4009.4,-75.4447
4009.5,-75.4389
4009.6,-75.4331
4009.7,-75.4273
4009.8,-75.4215
4009.9,-75.4157
4010.0,-75.4099
4010.1,-75.4041
4010.2,-75.3983
4010.3,-75.3925
4010.4,-75.3867
4010.5,-75.3809
4010.6,-75.3751
4010.7,-75.3693
4010.8,-75.3635
4010.9,-75.3577
4011.0,-75.3520
4011.1,-75.3462
4011.2,-75.3404
4011.3,-75.3346
4011.4,-75.3288
4011.5,-75.3231
4011.6,-75.3173
4011.7,-75.3115
4011.8,-75.3057
4011.9,-75.3000
4012.0,-75.2942
4012.1,-75.2884
4012.2,-75.2827
4012.3,-75.2769
4012.4,-75.2712
4012.5,-75.2654
4012.6,-75.2597
4012.7,-75.2539
4012.8,-75.2482
4012.9,-75.2424
4013.0,-75.2367
4013.1,-75.2309
4013.2,-75.2252
4013.3,-75.2194
4013.4,-75.2137
4013.5,-75.2080
4013.6,-75.2022
4013.7,-75.1965
4013.8,-75.1908
4013.9,-75.1850
4014.0,-75.1793
4014.1,-75.1736
4014.2,-75.1678
4014.3,-75.1621
4014.4,-75.1564
4014.5,-75.1507
4014.6,-75.1450
4014.7,-75.1393
4014.8,-75.1335
4014.9,-75.1278
4015.0,-75.1221
4015.1,-75.1164
4015.2,-75.1107
4015.3,-75.1050
4015.4,-75.0993
4015.5,-75.0936
4015.6,-75.0879
4015.7,-75.0822
4015.8,-75.0765
4015.9,-75.0708
4016.0,-75.0652
4016.1,-75.0595
4016.2,-75.0538
4016.3,-75.0481
4016.4,-75.0424
4016.5,-75.0367
4016.6,-75.0311
4016.7,-75.0254
4016.8,-75.0197
4016.9,-75.0140
4017.0,-75.0084
4017.1,-75.0027
4017.2,-74.9970
4017.3,-74.9914
4017.4,-74.9857
4017.5,-74.9800
4017.6,-74.9744
4017.7,-74.9687
4017.8,-74.9631
4017.9,-74.9574
4018.0,-74.9518
4018.1,-74.9461
4018.2,-74.9405
4018.3,-74.9348
4018.4,-74.9292
4018.5,-74.9235
4018.6,-74.9179
4018.7,-74.9123
4018.8,-74.9066
4018.9,-74.9010
4019.0,-74.8953
4019.1,-74.8897
4019.2,-74.8841
4019.3,-74.8785
4019.4,-74.8728
4019.5,-74.8672
4019.6,-74.8616
4019.7,-74.8560
4019.8,-74.8504
4019.9,-74.8447
4020.0,-74.8391
4020.1,-74.8335
4020.2,-74.8279
4020.3,-74.8223
4020.4,-74.8167
4020.5,-74.8111
4020.6,-74.8055
4020.7,-74.7999
4020.8,-74.7943
4020.9,-74.7887
4021.0,-74.7831
4021.1,-74.7775
4021.2,-74.7719
4021.3,-74.7663
4021.4,-74.7607
4021.5,-74.7551
4021.6,-74.7496
4021.7,-74.7440
4021.8,-74.7384
4021.9,-74.7328
4022.0,-74.7272
4022.1,-74.7217
4022.2,-74.7161
4022.3,-74.7105
4022.4,-74.7050
4022.5,-74.6994
4022.6,-74.6938
4022.7,-74.6883
4022.8,-74.6827
4022.9,-74.6771
4023.0,-74.6716
4023.1,-74.6660
4023.2,-74.6605
4023.3,-74.6549
4023.4,-74.6494
4023.5,-74.6438
4023.6,-74.6383
4023.7,-74.6327
4023.8,-74.6272
4023.9,-74.6216
4024.0,-74.6161
4024.1,-74.6106
4024.2,-74.6050
4024.3,-74.5995
4024.4,-74.5940
4024.5,-74.5884
4024.6,-74.5829
4024.7,-74.5774
4024.8,-74.5718
4024.9,-74.5663
4025.0,-74.5608
4025.1,-74.5553
4025.2,-74.5498
4025.3,-74.5442
4025.4,-74.5387
4025.5,-74.5332
4025.6,-74.5277
4025.7,-74.5222
4025.8,-74.5167
4025.9,-74.5112
4026.0,-74.5057
4026.1,-74.5002
4026.2,-74.4947
4026.3,-74.4892
4026.4,-74.4837
4026.5,-74.4782
4026.6,-74.4727
4026.7,-74.4672
4026.8,-74.4617
4026.9,-74.4562
4027.0,-74.4508
4027.1,-74.4453
4027.2,-74.4398
4027.3,-74.4343
4027.4,-74.4288
4027.5,-74.4234
4027.6,-74.4179
4027.7,-74.4124
4027.8,-74.4070
4027.9,-74.4015
4028.0,-74.3960
4028.1,-74.3906
4028.2,-74.3851
4028.3,-74.3796
4028.4,-74.3742
4028.5,-74.3687
4028.6,-74.3633
4028.7,-74.3578
4028.8,-74.3524
4028.9,-74.3469
4029.0,-74.3415
4029.1,-74.3360
4029.2,-74.3306
4029.3,-74.3251
4029.4,-74.3197
4029.5,-74.3142
4029.6,-74.3088
4029.7,-74.3034
4029.8,-74.2979
4029.9,-74.2925
4030.0,-74.2871
4030.1,-74.2816
4030.2,-74.2762
4030.3,-74.2708
4030.4,-74.2654
4030.5,-74.2600
4030.6,-74.2545
4030.7,-74.2491
4030.8,-74.2437
4030.9,-74.2383
4031.0,-74.2329
4031.1,-74.2275
4031.2,-74.2221
4031.3,-74.2166
4031.4,-74.2112
4031.5,-74.2058
4031.6,-74.2004
4031.7,-74.1950
4031.8,-74.1896
4031.9,-74.1842
4032.0,-74.1789
4032.1,-74.1735
4032.2,-74.1681
4032.3,-74.1627
4032.4,-74.1573
4032.5,-74.1519
4032.6,-74.1465
4032.7,-74.1411
4032.8,-74.1358
4032.9,-74.1304
4033.0,-74.1250
4033.1,-74.1196
4033.2,-74.1143
4033.3,-74.1089
4033.4,-74.1035
4033.5,-74.0982
4033.6,-74.0928
4033.7,-74.0874
4033.8,-74.0821
4033.9,-74.0767
4034.0,-74.0714
4034.1,-74.0660
4034.2,-74.0606
4034.3,-74.0553
4034.4,-74.0499
4034.5,-74.0446
4034.6,-74.0392
4034.7,-74.0339
4034.8,-74.0286
4034.9,-74.0232
4035.0,-74.0179
4035.1,-74.0125
4035.2,-74.0072
4035.3,-74.0019
4035.4,-73.9965
4035.5,-73.9912
4035.6,-73.9859
4035.7,-73.9805
4035.8,-73.9752
4035.9,-73.9699
4036.0,-73.9646
4036.1,-73.9592
4036.2,-73.9539
4036.3,-73.9486
4036.4,-73.9433
4036.5,-73.9380
4036.6,-73.9327
4036.7,-73.9274
4036.8,-73.9221
4036.9,-73.9167
4037.0,-73.9114
4037.1,-73.9061
4037.2,-73.9008
4037.3,-73.8955
4037.4,-73.8902
4037.5,-73.8849
4037.6,-73.8797
4037.7,-73.8744
4037.8,-73.8691
4037.9,-73.8638
4038.0,-73.8585
4038.1,-73.8532
4038.2,-73.8479
4038.3,-73.8426
4038.4,-73.8374
4038.5,-73.8321
4038.6,-73.8268
4038.7,-73.8215
4038.8,-73.8163
4038.9,-73.8110
4039.0,-73.8057
4039.1,-73.8005
4039.2,-73.7952
4039.3,-73.7899
4039.4,-73.7847
4039.5,-73.7794
4039.6,-73.7741
4039.7,-73.7689
4039.8,-73.7636
4039.9,-73.7584
4040.0,-73.7531
4040.1,-73.7479
4040.2,-73.7426
4040.3,-73.7374
4040.4,-73.7321
4040.5,-73.7269
4040.6,-73.7216
4040.7,-73.7164
4040.8,-73.7112
4040.9,-73.7059
4041.0,-73.7007
4041.1,-73.6955
4041.2,-73.6902
4041.3,-73.6850
4041.4,-73.6798
4041.5,-73.6746
4041.6,-73.6693
4041.7,-73.6641
4041.8,-73.6589
4041.9,-73.6537
4042.0,-73.6484
4042.1,-73.6432
4042.2,-73.6380
4042.3,-73.6328
4042.4,-73.6276
4042.5,-73.6224
4042.6,-73.6172
4042.7,-73.6120
4042.8,-73.6068
4042.9,-73.6016
4043.0,-73.5964
4043.1,-73.5912
4043.2,-73.5860
4043.3,-73.5808
4043.4,-73.5756
4043.5,-73.5704
4043.6,-73.5652
4043.7,-73.5600
4043.8,-73.5548
4043.9,-73.5497
4044.0,-73.5445
4044.1,-73.5393
4044.2,-73.5341
4044.3,-73.5289
4044.4,-73.5238
4044.5,-73.5186
4044.6,-73.5134
4044.7,-73.5082
4044.8,-73.5031
4044.9,-73.4979
4045.0,-73.4927
4045.1,-73.4876
4045.2,-73.4824
4045.3,-73.4773
4045.4,-73.4721
4045.5,-73.4669
4045.6,-73.4618
4045.7,-73.4566
4045.8,-73.4515
4045.9,-73.4463
4046.0,-73.4412
4046.1,-73.4360
4046.2,-73.4309
4046.3,-73.4258
4046.4,-73.4206
4046.5,-73.4155
4046.6,-73.4103
4046.7,-73.4052
4046.8,-73.4001
4046.9,-73.3949
4047.0,-73.3898
4047.1,-73.3847
4047.2,-73.3795
4047.3,-73.3744
4047.4,-73.3693
4047.5,-73.3642
4047.6,-73.3591
4047.7,-73.3539
4047.8,-73.3488
4047.9,-73.3437
4048.0,-73.3386
4048.1,-73.3335
4048.2,-73.3284
4048.3,-73.3233
4048.4,-73.3182
4048.5,-73.3130
4048.6,-73.3079
4048.7,-73.3028
4048.8,-73.2977
4048.9,-73.2926
4049.0,-73.2875
4049.1,-73.2824
4049.2,-73.2774
4049.3,-73.2723
4049.4,-73.2672
4049.5,-73.2621
4049.6,-73.2570
4049.7,-73.2519
4049.8,-73.2468
4049.9,-73.2418
4050.0,-73.2367
4050.1,-73.2316
4050.2,-73.2265
4050.3,-73.2214
4050.4,-73.2164
4050.5,-73.2113
4050.6,-73.2062
4050.7,-73.2012
4050.8,-73.1961
4050.9,-73.1910
4051.0,-73.1860
4051.1,-73.1809
4051.2,-73.1758
4051.3,-73.1708
4051.4,-73.1657
4051.5,-73.1607
4051.6,-73.1556
4051.7,-73.1506
4051.8,-73.1455
4051.9,-73.1405
4052.0,-73.1354
4052.1,-73.1304
4052.2,-73.1253
4052.3,-73.1203
4052.4,-73.1153
4052.5,-73.1102
4052.6,-73.1052
4052.7,-73.1002
4052.8,-73.0951
4052.9,-73.0901
4053.0,-73.0851
4053.1,-73.0800
4053.2,-73.0750
4053.3,-73.0700
4053.4,-73.0650
4053.5,-73.0599
4053.6,-73.0549
4053.7,-73.0499
4053.8,-73.0449
4053.9,-73.0399
4054.0,-73.0349
4054.1,-73.0299
4054.2,-73.0248
4054.3,-73.0198
4054.4,-73.0148
4054.5,-73.0098
4054.6,-73.0048
4054.7,-72.9998
4054.8,-72.9948
4054.9,-72.9898
4055.0,-72.9848
4055.1,-72.9798
4055.2,-72.9748
4055.3,-72.9699
4055.4,-72.9649
4055.5,-72.9599
4055.6,-72.9549
4055.7,-72.9499
4055.8,-72.9449
4055.9,-72.9399
4056.0,-72.9350
4056.1,-72.9300
4056.2,-72.9250
4056.3,-72.9200
4056.4,-72.9151
4056.5,-72.9101
4056.6,-72.9051
4056.7,-72.9002
4056.8,-72.8952
4056.9,-72.8902
4057.0,-72.8853
4057.1,-72.8803
4057.2,-72.8753
4057.3,-72.8704
4057.4,-72.8654
4057.5,-72.8605
4057.6,-72.8555
4057.7,-72.8506
4057.8,-72.8456
4057.9,-72.8407
4058.0,-72.8357
4058.1,-72.8308
4058.2,-72.8258
4058.3,-72.8209
4058.4,-72.8160
4058.5,-72.8110
4058.6,-72.8061
4058.7,-72.8012
4058.8,-72.7962
4058.9,-72.7913
4059.0,-72.7864
4059.1,-72.7814
4059.2,-72.7765
4059.3,-72.7716
4059.4,-72.7667
4059.5,-72.7617
4059.6,-72.7568
4059.7,-72.7519
4059.8,-72.7470
4059.9,-72.7421
4060.0,-72.7372
4060.1,-72.7322
4060.2,-72.7273
4060.3,-72.7224
4060.4,-72.7175
4060.5,-72.7126
4060.6,-72.7077
4060.7,-72.7028
4060.8,-72.6979
4060.9,-72.6930
4061.0,-72.6881
4061.1,-72.6832
4061.2,-72.6783
4061.3,-72.6734
4061.4,-72.6685
4061.5,-72.6637
4061.6,-72.6588
4061.7,-72.6539
4061.8,-72.6490
4061.9,-72.6441
4062.0,-72.6392
4062.1,-72.6344
4062.2,-72.6295
4062.3,-72.6246
4062.4,-72.6197
4062.5,-72.6149
4062.6,-72.6100
4062.7,-72.6051
4062.8,-72.6002
4062.9,-72.5954
4063.0,-72.5905
4063.1,-72.5857
4063.2,-72.5808
4063.3,-72.5759
4063.4,-72.5711
4063.5,-72.5662
4063.6,-72.5614
4063.7,-72.5565
4063.8,-72.5517
4063.9,-72.5468
4064.0,-72.5420
4064.1,-72.5371
4064.2,-72.5323
4064.3,-72.5274
4064.4,-72.5226
4064.5,-72.5177
4064.6,-72.5129
4064.7,-72.5081
4064.8,-72.5032
4064.9,-72.4984
4065.0,-72.4936
4065.1,-72.4887
4065.2,-72.4839
4065.3,-72.4791
4065.4,-72.4743
4065.5,-72.4694
4065.6,-72.4646
4065.7,-72.4598
4065.8,-72.4550
4065.9,-72.4502
4066.0,-72.4453
4066.1,-72.4405
4066.2,-72.4357
4066.3,-72.4309
4066.4,-72.4261
4066.5,-72.4213
4066.6,-72.4165
4066.7,-72.4117
4066.8,-72.4069
4066.9,-72.4021
4067.0,-72.3973
4067.1,-72.3925
4067.2,-72.3877
4067.3,-72.3829
4067.4,-72.3781
4067.5,-72.3733
4067.6,-72.3685
4067.7,-72.3637
4067.8,-72.3589
4067.9,-72.3541
4068.0,-72.3494
4068.1,-72.3446
4068.2,-72.3398
4068.3,-72.3350
4068.4,-72.3302
4068.5,-72.3255
4068.6,-72.3207
4068.7,-72.3159
4068.8,-72.3111
4068.9,-72.3064
4069.0,-72.3016
4069.1,-72.2968
4069.2,-72.2921
4069.3,-72.2873
4069.4,-72.2825
4069.5,-72.2778
4069.6,-72.2730
4069.7,-72.2683
4069.8,-72.2635
4069.9,-72.2588
4070.0,-72.2540
4070.1,-72.2493
4070.2,-72.2445
4070.3,-72.2398
4070.4,-72.2350
4070.5,-72.2303
4070.6,-72.2255
4070.7,-72.2208
4070.8,-72.2161
4070.9,-72.2113
4071.0,-72.2066
4071.1,-72.2018
4071.2,-72.1971
4071.3,-72.1924
4071.4,-72.1876
4071.5,-72.1829
4071.6,-72.1782
4071.7,-72.1735
4071.8,-72.1687
4071.9,-72.1640
4072.0,-72.1593
4072.1,-72.1546
4072.2,-72.1499
4072.3,-72.1451
4072.4,-72.1404
4072.5,-72.1357
4072.6,-72.1310
4072.7,-72.1263
4072.8,-72.1216
4072.9,-72.1169
4073.0,-72.1122
4073.1,-72.1075
4073.2,-72.1028
4073.3,-72.0981
4073.4,-72.0934
4073.5,-72.0887
4073.6,-72.0840
4073.7,-72.0793
4073.8,-72.0746
4073.9,-72.0699
4074.0,-72.0652
4074.1,-72.0605
4074.2,-72.0558
4074.3,-72.0512
4074.4,-72.0465
4074.5,-72.0418
4074.6,-72.0371
4074.7,-72.0324
4074.8,-72.0278
4074.9,-72.0231
4075.0,-72.0184
4075.1,-72.0137
4075.2,-72.0091
4075.3,-72.0044
4075.4,-71.9997
4075.5,-71.9951
4075.6,-71.9904
4075.7,-71.9857
4075.8,-71.9811
4075.9,-71.9764
4076.0,-71.9718
4076.1,-71.9671
4076.2,-71.9625
4076.3,-71.9578
4076.4,-71.9531
4076.5,-71.9485
4076.6,-71.9438
4076.7,-71.9392
4076.8,-71.9346
4076.9,-71.9299
4077.0,-71.9253
4077.1,-71.9206
4077.2,-71.9160
4077.3,-71.9114
4077.4,-71.9067
4077.5,-71.9021
4077.6,-71.8974
4077.7,-71.8928
4077.8,-71.8882
4077.9,-71.8836
4078.0,-71.8789
4078.1,-71.8743
4078.2,-71.8697
4078.3,-71.8651
4078.4,-71.8604
4078.5,-71.8558
4078.6,-71.8512
4078.7,-71.8466
4078.8,-71.8420
4078.9,-71.8374
4079.0,-71.8327
4079.1,-71.8281
4079.2,-71.8235
4079.3,-71.8189
4079.4,-71.8143
4079.5,-71.8097
4079.6,-71.8051
4079.7,-71.8005
4079.8,-71.7959
4079.9,-71.7913
4080.0,-71.7867
4080.1,-71.7821
4080.2,-71.7775
4080.3,-71.7729
4080.4,-71.7683
4080.5,-71.7638
4080.6,-71.7592
4080.7,-71.7546
4080.8,-71.7500
4080.9,-71.7454
4081.0,-71.7408
4081.1,-71.7363
4081.2,-71.7317
4081.3,-71.7271
4081.4,-71.7225
4081.5,-71.7179
4081.6,-71.7134
4081.7,-71.7088
4081.8,-71.7042
4081.9,-71.6997
4082.0,-71.6951
4082.1,-71.6905
4082.2,-71.6860
4082.3,-71.6814
4082.4,-71.6769
4082.5,-71.6723
4082.6,-71.6677
4082.7,-71.6632
4082.8,-71.6586
4082.9,-71.6541
4083.0,-71.6495
4083.1,-71.6450
4083.2,-71.6404
4083.3,-71.6359
4083.4,-71.6313
4083.5,-71.6268
4083.6,-71.6223
4083.7,-71.6177
4083.8,-71.6132
4083.9,-71.6086
4084.0,-71.6041
4084.1,-71.5996
4084.2,-71.5950
4084.3,-71.5905
4084.4,-71.5860
4084.5,-71.5815
4084.6,-71.5769
4084.7,-71.5724
4084.8,-71.5679
4084.9,-71.5634
4085.0,-71.5588
4085.1,-71.5543
4085.2,-71.5498
4085.3,-71.5453
4085.4,-71.5408
4085.5,-71.5363
4085.6,-71.5317
4085.7,-71.5272
4085.8,-71.5227
4085.9,-71.5182
4086.0,-71.5137
4086.1,-71.5092
4086.2,-71.5047
4086.3,-71.5002
4086.4,-71.4957
4086.5,-71.4912
4086.6,-71.4867
4086.7,-71.4822
4086.8,-71.4777
4086.9,-71.4732
4087.0,-71.4687
4087.1,-71.4643
4087.2,-71.4598
4087.3,-71.4553
4087.4,-71.4508
4087.5,-71.4463
4087.6,-71.4418
4087.7,-71.4374
4087.8,-71.4329
4087.9,-71.4284
4088.0,-71.4239
4088.1,-71.4194
4088.2,-71.4150
4088.3,-71.4105
4088.4,-71.4060
4088.5,-71.4016
4088.6,-71.3971
4088.7,-71.3926
4088.8,-71.3882
4088.9,-71.3837
4089.0,-71.3793
4089.1,-71.3748
4089.2,-71.3703
4089.3,-71.3659
4089.4,-71.3614
4089.5,-71.3570
4089.6,-71.3525
4089.7,-71.3481
4089.8,-71.3436
4089.9,-71.3392
4090.0,-71.3347
4090.1,-71.3303
4090.2,-71.3258
4090.3,-71.3214
4090.4,-71.3170
4090.5,-71.3125
4090.6,-71.3081
4090.7,-71.3036
4090.8,-71.2992
4090.9,-71.2948
4091.0,-71.2904
4091.1,-71.2859
4091.2,-71.2815
4091.3,-71.2771
4091.4,-71.2726
4091.5,-71.2682
4091.6,-71.2638
4091.7,-71.2594
4091.8,-71.2550
4091.9,-71.2505
4092.0,-71.2461
4092.1,-71.2417
4092.2,-71.2373
4092.3,-71.2329
4092.4,-71.2285
4092.5,-71.2241
4092.6,-71.2197
4092.7,-71.2153
4092.8,-71.2108
4092.9,-71.2064
4093.0,-71.2020
4093.1,-71.1976
4093.2,-71.1932
4093.3,-71.1888
4093.4,-71.1845
4093.5,-71.1801
4093.6,-71.1757
4093.7,-71.1713
4093.8,-71.1669
4093.9,-71.1625
4094.0,-71.1581
4094.1,-71.1537
4094.2,-71.1493
4094.3,-71.1450
4094.4,-71.1406
4094.5,-71.1362
4094.6,-71.1318
4094.7,-71.1274
4094.8,-71.1231
4094.9,-71.1187
4095.0,-71.1143
4095.1,-71.1100
4095.2,-71.1056
4095.3,-71.1012
4095.4,-71.0969
4095.5,-71.0925
4095.6,-71.0881
4095.7,-71.0838
4095.8,-71.0794
4095.9,-71.0750
4096.0,-71.0707
4096.1,-71.0663
4096.2,-71.0620
4096.3,-71.0576
4096.4,-71.0533
4096.5,-71.0489
4096.6,-71.0446
4096.7,-71.0402
4096.8,-71.0359
4096.9,-71.0315
4097.0,-71.0272
4097.1,-71.0228
4097.2,-71.0185
4097.3,-71.0142
4097.4,-71.0098
4097.5,-71.0055
4097.6,-71.0012
4097.7,-70.9968
4097.8,-70.9925
4097.9,-70.9882
4098.0,-70.9838
4098.1,-70.9795
4098.2,-70.9752
4098.3,-70.9709
4098.4,-70.9665
4098.5,-70.9622
4098.6,-70.9579
4098.7,-70.9536
4098.8,-70.9493
4098.9,-70.9449
4099.0,-70.9406
4099.1,-70.9363
4099.2,-70.9320
4099.3,-70.9277
4099.4,-70.9234
4099.5,-70.9191
4099.6,-70.9148
4099.7,-70.9105
4099.8,-70.9062
4099.9,-70.9019
4100.0,-70.8976
4100.1,-70.8933
4100.2,-70.8890
4100.3,-70.8847
4100.4,-70.8804
4100.5,-70.8761
4100.6,-70.8718
4100.7,-70.8675
4100.8,-70.8632
4100.9,-70.8589
4101.0,-70.8546
4101.1,-70.8504
4101.2,-70.8461
4101.3,-70.8418
4101.4,-70.8375
4101.5,-70.8332
4101.6,-70.8290
4101.7,-70.8247
4101.8,-70.8204
4101.9,-70.8161
4102.0,-70.8119
4102.1,-70.8076
4102.2,-70.8033
4102.3,-70.7991
4102.4,-70.7948
4102.5,-70.7905
4102.6,-70.7863
4102.7,-70.7820
4102.8,-70.7777
4102.9,-70.7735
4103.0,-70.7692
4103.1,-70.7650
4103.2,-70.7607
4103.3,-70.7565
4103.4,-70.7522
4103.5,-70.7480
4103.6,-70.7437
4103.7,-70.7395
4103.8,-70.7352
4103.9,-70.7310
4104.0,-70.7267
4104.1,-70.7225
4104.2,-70.7183
4104.3,-70.7140
4104.4,-70.7098
4104.5,-70.7055
4104.6,-70.7013
4104.7,-70.6971
4104.8,-70.6928
4104.9,-70.6886
4105.0,-70.6844
4105.1,-70.6802
4105.2,-70.6759
4105.3,-70.6717
4105.4,-70.6675
4105.5,-70.6633
4105.6,-70.6590
4105.7,-70.6548
4105.8,-70.6506
4105.9,-70.6464
4106.0,-70.6422
4106.1,-70.6380
4106.2,-70.6337
4106.3,-70.6295
4106.4,-70.6253
4106.5,-70.6211
4106.6,-70.6169
4106.7,-70.6127
4106.8,-70.6085
4106.9,-70.6043
4107.0,-70.6001
4107.1,-70.5959
4107.2,-70.5917
4107.3,-70.5875
4107.4,-70.5833
4107.5,-70.5791
4107.6,-70.5749
4107.7,-70.5707
4107.8,-70.5665
4107.9,-70.5624
4108.0,-70.5582
4108.1,-70.5540
4108.2,-70.5498
4108.3,-70.5456
4108.4,-70.5414
4108.5,-70.5373
4108.6,-70.5331
4108.7,-70.5289
4108.8,-70.5247
4108.9,-70.5206
4109.0,-70.5164
4109.1,-70.5122
4109.2,-70.5080
4109.3,-70.5039
4109.4,-70.4997
4109.5,-70.4955
4109.6,-70.4914
4109.7,-70.4872
4109.8,-70.4831
4109.9,-70.4789
4110.0,-70.4747
4110.1,-70.4706
4110.2,-70.4664
4110.3,-70.4623
4110.4,-70.4581
4110.5,-70.4540
4110.6,-70.4498
4110.7,-70.4457
4110.8,-70.4415
4110.9,-70.4374
4111.0,-70.4332
4111.1,-70.4291
4111.2,-70.4249
4111.3,-70.4208
4111.4,-70.4167
4111.5,-70.4125
4111.6,-70.4084
4111.7,-70.4042
4111.8,-70.4001
4111.9,-70.3960
4112.0,-70.3918
4112.1,-70.3877
4112.2,-70.3836
4112.3,-70.3795
4112.4,-70.3753
4112.5,-70.3712
4112.6,-70.3671
4112.7,-70.3630
4112.8,-70.3588
4112.9,-70.3547
4113.0,-70.3506
4113.1,-70.3465
4113.2,-70.3424
4113.3,-70.3383
4113.4,-70.3341
4113.5,-70.3300
4113.6,-70.3259
4113.7,-70.3218
4113.8,-70.3177
4113.9,-70.3136
4114.0,-70.3095
4114.1,-70.3054
4114.2,-70.3013
4114.3,-70.2972
4114.4,-70.2931
4114.5,-70.2890
4114.6,-70.2849
4114.7,-70.2808
4114.8,-70.2767
4114.9,-70.2726
4115.0,-70.2685
4115.1,-70.2645
4115.2,-70.2604
4115.3,-70.2563
4115.4,-70.2522
4115.5,-70.2481
4115.6,-70.2440
4115.7,-70.2399
4115.8,-70.2359
4115.9,-70.2318
4116.0,-70.2277
4116.1,-70.2236
4116.2,-70.2196
4116.3,-70.2155
4116.4,-70.2114
4116.5,-70.2074
4116.6,-70.2033
4116.7,-70.1992
4116.8,-70.1952
4116.9,-70.1911
4117.0,-70.1870
4117.1,-70.1830
4117.2,-70.1789
4117.3,-70.1748
4117.4,-70.1708
4117.5,-70.1667
4117.6,-70.1627
4117.7,-70.1586
4117.8,-70.1546
4117.9,-70.1505
4118.0,-70.1465
4118.1,-70.1424
4118.2,-70.1384
4118.3,-70.1343
4118.4,-70.1303
4118.5,-70.1262
4118.6,-70.1222
4118.7,-70.1182
4118.8,-70.1141
4118.9,-70.1101
4119.0,-70.1060
4119.1,-70.1020
4119.2,-70.0980
4119.3,-70.0939
4119.4,-70.0899
4119.5,-70.0859
4119.6,-70.0819
4119.7,-70.0778
4119.8,-70.0738
4119.9,-70.0698
4120.0,-70.0658
4120.1,-70.0617
4120.2,-70.0577
4120.3,-70.0537
4120.4,-70.0497
4120.5,-70.0457
4120.6,-70.0417
4120.7,-70.0376
4120.8,-70.0336
4120.9,-70.0296
4121.0,-70.0256
4121.1,-70.0216
4121.2,-70.0176
4121.3,-70.0136
4121.4,-70.0096
4121.5,-70.0056
4121.6,-70.0016
4121.7,-69.9976
4121.8,-69.9936
4121.9,-69.9896
4122.0,-69.9856
4122.1,-69.9816
4122.2,-69.9776
4122.3,-69.9736
4122.4,-69.9696
4122.5,-69.9656
4122.6,-69.9616
4122.7,-69.9577
4122.8,-69.9537
4122.9,-69.9497
4123.0,-69.9457
4123.1,-69.9417
4123.2,-69.9377
4123.3,-69.9338
4123.4,-69.9298
4123.5,-69.9258
4123.6,-69.9218
4123.7,-69.9179
4123.8,-69.9139
4123.9,-69.9099
4124.0,-69.9060
4124.1,-69.9020
4124.2,-69.8980
4124.3,-69.8941
4124.4,-69.8901
4124.5,-69.8861
4124.6,-69.8822
4124.7,-69.8782
4124.8,-69.8742
4124.9,-69.8703
4125.0,-69.8663
4125.1,-69.8624
4125.2,-69.8584
4125.3,-69.8545
4125.4,-69.8505
4125.5,-69.8466
4125.6,-69.8426
4125.7,-69.8387
4125.8,-69.8347
4125.9,-69.8308
4126.0,-69.8268
4126.1,-69.8229
4126.2,-69.8190
4126.3,-69.8150
4126.4,-69.8111
4126.5,-69.8071
4126.6,-69.8032
4126.7,-69.7993
4126.8,-69.7953
4126.9,-69.7914
4127.0,-69.7875
4127.1,-69.7836
4127.2,-69.7796
4127.3,-69.7757
4127.4,-69.7718
4127.5,-69.7679
4127.6,-69.7639
4127.7,-69.7600
4127.8,-69.7561
4127.9,-69.7522
4128.0,-69.7483
4128.1,-69.7443
4128.2,-69.7404
4128.3,-69.7365
4128.4,-69.7326
4128.5,-69.7287
4128.6,-69.7248
4128.7,-69.7209
4128.8,-69.7170
4128.9,-69.7131
4129.0,-69.7092
4129.1,-69.7053
4129.2,-69.7014
4129.3,-69.6975
4129.4,-69.6936
4129.5,-69.6897
4129.6,-69.6858
4129.7,-69.6819
4129.8,-69.6780
4129.9,-69.6741
4130.0,-69.6702
4130.1,-69.6663
4130.2,-69.6624
4130.3,-69.6585
4130.4,-69.6546
4130.5,-69.6508
4130.6,-69.6469
4130.7,-69.6430
4130.8,-69.6391
4130.9,-69.6352
4131.0,-69.6314
4131.1,-69.6275
4131.2,-69.6236
4131.3,-69.6197
4131.4,-69.6159
4131.5,-69.6120
4131.6,-69.6081
4131.7,-69.6043
4131.8,-69.6004
4131.9,-69.5965
4132.0,-69.5927
4132.1,-69.5888
4132.2,-69.5849
4132.3,-69.5811
4132.4,-69.5772
4132.5,-69.5734
4132.6,-69.5695
4132.7,-69.5656
4132.8,-69.5618
4132.9,-69.5579
4133.0,-69.5541
4133.1,-69.5502
4133.2,-69.5464
4133.3,-69.5425
4133.4,-69.5387
4133.5,-69.5348
4133.6,-69.5310
4133.7,-69.5271
4133.8,-69.5233
4133.9,-69.5195
4134.0,-69.5156
4134.1,-69.5118
4134.2,-69.5080
4134.3,-69.5041
4134.4,-69.5003
4134.5,-69.4965
4134.6,-69.4926
4134.7,-69.4888
4134.8,-69.4850
4134.9,-69.4811
4135.0,-69.4773
4135.1,-69.4735
4135.2,-69.4697
4135.3,-69.4658
4135.4,-69.4620
4135.5,-69.4582
4135.6,-69.4544
4135.7,-69.4506
4135.8,-69.4467
4135.9,-69.4429
4136.0,-69.4391
4136.1,-69.4353
4136.2,-69.4315
4136.3,-69.4277
4136.4,-69.4239
4136.5,-69.4201
4136.6,-69.4163
4136.7,-69.4125
4136.8,-69.4086
4136.9,-69.4048
4137.0,-69.4010
4137.1,-69.3972
4137.2,-69.3934
4137.3,-69.3897
4137.4,-69.3859
4137.5,-69.3821
4137.6,-69.3783
4137.7,-69.3745
4137.8,-69.3707
4137.9,-69.3669
4138.0,-69.3631
4138.1,-69.3593
4138.2,-69.3555
4138.3,-69.3517
4138.4,-69.3480
4138.5,-69.3442
4138.6,-69.3404
4138.7,-69.3366
4138.8,-69.3328
4138.9,-69.3291
4139.0,-69.3253
4139.1,-69.3215
4139.2,-69.3177
4139.3,-69.3140
4139.4,-69.3102
4139.5,-69.3064
4139.6,-69.3027
4139.7,-69.2989
4139.8,-69.2951
4139.9,-69.2914
4140.0,-69.2876
4140.1,-69.2838
4140.2,-69.2801
4140.3,-69.2763
4140.4,-69.2726
4140.5,-69.2688
4140.6,-69.2651
4140.7,-69.2613
4140.8,-69.2575
4140.9,-69.2538
4141.0,-69.2500
4141.1,-69.2463
4141.2,-69.2425
4141.3,-69.2388
4141.4,-69.2351
4141.5,-69.2313
4141.6,-69.2276
4141.7,-69.2238
4141.8,-69.2201
4141.9,-69.2163
4142.0,-69.2126
4142.1,-69.2089
4142.2,-69.2051
4142.3,-69.2014
4142.4,-69.1977
4142.5,-69.1939
4142.6,-69.1902
4142.7,-69.1865
4142.8,-69.1827
4142.9,-69.1790
4143.0,-69.1753
4143.1,-69.1716
4143.2,-69.1678
4143.3,-69.1641
4143.4,-69.1604
4143.5,-69.1567
4143.6,-69.1530
4143.7,-69.1492
4143.8,-69.1455
4143.9,-69.1418
4144.0,-69.1381
4144.1,-69.1344
4144.2,-69.1307
4144.3,-69.1270
4144.4,-69.1233
4144.5,-69.1196
4144.6,-69.1158
4144.7,-69.1121
4144.8,-69.1084
4144.9,-69.1047
4145.0,-69.1010
4145.1,-69.0973
4145.2,-69.0936
4145.3,-69.0899
4145.4,-69.0862
4145.5,-69.0825
4145.6,-69.0789
4145.7,-69.0752
4145.8,-69.0715
4145.9,-69.0678
4146.0,-69.0641
4146.1,-69.0604
4146.2,-69.0567
4146.3,-69.0530
4146.4,-69.0494
4146.5,-69.0457
4146.6,-69.0420
4146.7,-69.0383
4146.8,-69.0346
4146.9,-69.0310
4147.0,-69.0273
4147.1,-69.0236
4147.2,-69.0199
4147.3,-69.0163
4147.4,-69.0126
4147.5,-69.0089
4147.6,-69.0052
4147.7,-69.0016
4147.8,-68.9979
4147.9,-68.9942
4148.0,-68.9906
4148.1,-68.9869
4148.2,-68.9833
4148.3,-68.9796
4148.4,-68.9759
4148.5,-68.9723
4148.6,-68.9686
4148.7,-68.9650
4148.8,-68.9613
4148.9,-68.9577
4149.0,-68.9540
4149.1,-68.9504
4149.2,-68.9467
4149.3,-68.9431
4149.4,-68.9394
4149.5,-68.9358
4149.6,-68.9321
4149.7,-68.9285
4149.8,-68.9248
4149.9,-68.9212
4150.0,-68.9176
4150.1,-68.9139
4150.2,-68.9103
4150.3,-68.9066
4150.4,-68.9030
4150.5,-68.8994
4150.6,-68.8957
4150.7,-68.8921
4150.8,-68.8885
4150.9,-68.8848
4151.0,-68.8812
4151.1,-68.8776
4151.2,-68.8740
4151.3,-68.8703
4151.4,-68.8667
4151.5,-68.8631
4151.6,-68.8595
4151.7,-68.8559
4151.8,-68.8522
4151.9,-68.8486
4152.0,-68.8450
4152.1,-68.8414
4152.2,-68.8378
4152.3,-68.8342
4152.4,-68.8306
4152.5,-68.8270
4152.6,-68.8233
4152.7,-68.8197
4152.8,-68.8161
4152.9,-68.8125
4153.0,-68.8089
4153.1,-68.8053
4153.2,-68.8017
4153.3,-68.7981
4153.4,-68.7945
4153.5,-68.7909
4153.6,-68.7873
4153.7,-68.7837
4153.8,-68.7801
4153.9,-68.7765
4154.0,-68.7730
4154.1,-68.7694
4154.2,-68.7658
4154.3,-68.7622
4154.4,-68.7586
4154.5,-68.7550
4154.6,-68.7514
4154.7,-68.7478
4154.8,-68.7443
4154.9,-68.7407
4155.0,-68.7371
4155.1,-68.7335
4155.2,-68.7299
4155.3,-68.7264
4155.4,-68.7228
4155.5,-68.7192
4155.6,-68.7156
4155.7,-68.7121
4155.8,-68.7085
4155.9,-68.7049
4156.0,-68.7014
4156.1,-68.6978
4156.2,-68.6942
4156.3,-68.6907
4156.4,-68.6871
4156.5,-68.6835
4156.6,-68.6800
4156.7,-68.6764
4156.8,-68.6729
4156.9,-68.6693
4157.0,-68.6658
4157.1,-68.6622
4157.2,-68.6586
4157.3,-68.6551
4157.4,-68.6515
4157.5,-68.6480
4157.6,-68.6444
4157.7,-68.6409
4157.8,-68.6374
4157.9,-68.6338
4158.0,-68.6303
4158.1,-68.6267
4158.2,-68.6232
4158.3,-68.6196
4158.4,-68.6161
4158.5,-68.6126
4158.6,-68.6090
4158.7,-68.6055
4158.8,-68.6020
4158.9,-68.5984
4159.0,-68.5949
4159.1,-68.5914
4159.2,-68.5878
4159.3,-68.5843
4159.4,-68.5808
4159.5,-68.5772
4159.6,-68.5737
4159.7,-68.5702
4159.8,-68.5667
4159.9,-68.5632
4160.0,-68.5596
4160.1,-68.5561
4160.2,-68.5526
4160.3,-68.5491
4160.4,-68.5456
4160.5,-68.5420
4160.6,-68.5385
4160.7,-68.5350
4160.8,-68.5315
4160.9,-68.5280
4161.0,-68.5245
4161.1,-68.5210
4161.2,-68.5175
4161.3,-68.5140
4161.4,-68.5105
4161.5,-68.5070
4161.6,-68.5035
4161.7,-68.5000
4161.8,-68.4965
4161.9,-68.4930
4162.0,-68.4895
4162.1,-68.4860
4162.2,-68.4825
4162.3,-68.4790
4162.4,-68.4755
4162.5,-68.4720
4162.6,-68.4685
4162.7,-68.4650
4162.8,-68.4615
4162.9,-68.4580
4163.0,-68.4546
4163.1,-68.4511
4163.2,-68.4476
4163.3,-68.4441
4163.4,-68.4406
4163.5,-68.4372
4163.6,-68.4337
4163.7,-68.4302
4163.8,-68.4267
4163.9,-68.4232
4164.0,-68.4198
4164.1,-68.4163
4164.2,-68.4128
4164.3,-68.4094
4164.4,-68.4059
4164.5,-68.4024
4164.6,-68.3990
4164.7,-68.3955
4164.8,-68.3920
4164.9,-68.3886
4165.0,-68.3851
4165.1,-68.3816
4165.2,-68.3782
4165.3,-68.3747
4165.4,-68.3713
4165.5,-68.3678
4165.6,-68.3643
4165.7,-68.3609
4165.8,-68.3574
4165.9,-68.3540
4166.0,-68.3505
4166.1,-68.3471
4166.2,-68.3436
4166.3,-68.3402
4166.4,-68.3367
4166.5,-68.3333
4166.6,-68.3299
4166.7,-68.3264
4166.8,-68.3230
4166.9,-68.3195
4167.0,-68.3161
4167.1,-68.3127
4167.2,-68.3092
4167.3,-68.3058
4167.4,-68.3023
4167.5,-68.2989
4167.6,-68.2955
4167.7,-68.2921
4167.8,-68.2886
4167.9,-68.2852
4168.0,-68.2818
4168.1,-68.2783
4168.2,-68.2749
4168.3,-68.2715
4168.4,-68.2681
4168.5,-68.2646
4168.6,-68.2612
4168.7,-68.2578
4168.8,-68.2544
4168.9,-68.2510
4169.0,-68.2475
4169.1,-68.2441
4169.2,-68.2407
4169.3,-68.2373
4169.4,-68.2339
4169.5,-68.2305
4169.6,-68.2271
4169.7,-68.2237
4169.8,-68.2203
4169.9,-68.2169
4170.0,-68.2134
4170.1,-68.2100
4170.2,-68.2066
4170.3,-68.2032
4170.4,-68.1998
4170.5,-68.1964
4170.6,-68.1930
4170.7,-68.1896
4170.8,-68.1862
4170.9,-68.1829
4171.0,-68.1795
4171.1,-68.1761
4171.2,-68.1727
4171.3,-68.1693
4171.4,-68.1659
4171.5,-68.1625
4171.6,-68.1591
4171.7,-68.1557
4171.8,-68.1523
4171.9,-68.1490
4172.0,-68.1456
4172.1,-68.1422
4172.2,-68.1388
4172.3,-68.1354
4172.4,-68.1321
4172.5,-68.1287
4172.6,-68.1253
4172.7,-68.1219
4172.8,-68.1186
4172.9,-68.1152
4173.0,-68.1118
4173.1,-68.1085
4173.2,-68.1051
4173.3,-68.1017
4173.4,-68.0983
4173.5,-68.0950
4173.6,-68.0916
4173.7,-68.0883
4173.8,-68.0849
4173.9,-68.0815
4174.0,-68.0782
4174.1,-68.0748
4174.2,-68.0715
4174.3,-68.0681
4174.4,-68.0647
4174.5,-68.0614
4174.6,-68.0580
4174.7,-68.0547
4174.8,-68.0513
4174.9,-68.0480
4175.0,-68.0446
4175.1,-68.0413
4175.2,-68.0379
4175.3,-68.0346
4175.4,-68.0312
4175.5,-68.0279
4175.6,-68.0246
4175.7,-68.0212
4175.8,-68.0179
4175.9,-68.0145
4176.0,-68.0112
4176.1,-68.0079
4176.2,-68.0045
4176.3,-68.0012
4176.4,-67.9979
4176.5,-67.9945
4176.6,-67.9912
4176.7,-67.9879
4176.8,-67.9845
4176.9,-67.9812
4177.0,-67.9779
4177.1,-67.9746
4177.2,-67.9712
4177.3,-67.9679
4177.4,-67.9646
4177.5,-67.9613
4177.6,-67.9580
4177.7,-67.9546
4177.8,-67.9513
4177.9,-67.9480
4178.0,-67.9447
4178.1,-67.9414
4178.2,-67.9381
4178.3,-67.9347
4178.4,-67.9314
4178.5,-67.9281
4178.6,-67.9248
4178.7,-67.9215
4178.8,-67.9182
4178.9,-67.9149
4179.0,-67.9116
4179.1,-67.9083
4179.2,-67.9050
4179.3,-67.9017
4179.4,-67.8984
4179.5,-67.8951
4179.6,-67.8918
4179.7,-67.8885
4179.8,-67.8852
4179.9,-67.8819
4180.0,-67.8786
4180.1,-67.8753
4180.2,-67.8720
4180.3,-67.8687
4180.4,-67.8654
4180.5,-67.8622
4180.6,-67.8589
4180.7,-67.8556
4180.8,-67.8523
4180.9,-67.8490
4181.0,-67.8457
4181.1,-67.8425
4181.2,-67.8392
4181.3,-67.8359
4181.4,-67.8326
4181.5,-67.8293
4181.6,-67.8261
4181.7,-67.8228
4181.8,-67.8195
4181.9,-67.8162
4182.0,-67.8130
4182.1,-67.8097
4182.2,-67.8064
4182.3,-67.8032
4182.4,-67.7999
4182.5,-67.7966
4182.6,-67.7934
4182.7,-67.7901
4182.8,-67.7868
4182.9,-67.7836
4183.0,-67.7803
4183.1,-67.7771
4183.2,-67.7738
4183.3,-67.7705
4183.4,-67.7673
4183.5,-67.7640
4183.6,-67.7608
4183.7,-67.7575
4183.8,-67.7543
4183.9,-67.7510
4184.0,-67.7478
4184.1,-67.7445
4184.2,-67.7413
4184.3,-67.7380
4184.4,-67.7348
4184.5,-67.7315
4184.6,-67.7283
4184.7,-67.7251
4184.8,-67.7218
4184.9,-67.7186
4185.0,-67.7153
4185.1,-67.7121
4185.2,-67.7089
4185.3,-67.7056
4185.4,-67.7024
4185.5,-67.6992
4185.6,-67.6959
4185.7,-67.6927
4185.8,-67.6895
4185.9,-67.6862
4186.0,-67.6830
4186.1,-67.6798
4186.2,-67.6765
4186.3,-67.6733
4186.4,-67.6701
4186.5,-67.6669
4186.6,-67.6637
4186.7,-67.6604
4186.8,-67.6572
4186.9,-67.6540
4187.0,-67.6508
4187.1,-67.6476
4187.2,-67.6443
4187.3,-67.6411
4187.4,-67.6379
4187.5,-67.6347
4187.6,-67.6315
4187.7,-67.6283
4187.8,-67.6251
4187.9,-67.6219
4188.0,-67.6187
4188.1,-67.6155
4188.2,-67.6123
4188.3,-67.6090
4188.4,-67.6058
4188.5,-67.6026
4188.6,-67.5994
4188.7,-67.5962
4188.8,-67.5930
4188.9,-67.5898
4189.0,-67.5867
4189.1,-67.5835
4189.2,-67.5803
4189.3,-67.5771
4189.4,-67.5739
4189.5,-67.5707
4189.6,-67.5675
4189.7,-67.5643
4189.8,-67.5611
4189.9,-67.5579
4190.0,-67.5548
4190.1,-67.5516
4190.2,-67.5484
4190.3,-67.5452
4190.4,-67.5420
4190.5,-67.5388
4190.6,-67.5357
4190.7,-67.5325
4190.8,-67.5293
4190.9,-67.5261
4191.0,-67.5230
4191.1,-67.5198
4191.2,-67.5166
4191.3,-67.5134
4191.4,-67.5103
4191.5,-67.5071
4191.6,-67.5039
4191.7,-67.5008
4191.8,-67.4976
4191.9,-67.4944
4192.0,-67.4913
4192.1,-67.4881
4192.2,-67.4849
4192.3,-67.4818
4192.4,-67.4786
4192.5,-67.4755
4192.6,-67.4723
4192.7,-67.4691
4192.8,-67.4660
4192.9,-67.4628
4193.0,-67.4597
4193.1,-67.4565
4193.2,-67.4534
4193.3,-67.4502
4193.4,-67.4471
4193.5,-67.4439
4193.6,-67.4408
4193.7,-67.4376
4193.8,-67.4345
4193.9,-67.4313
4194.0,-67.4282
4194.1,-67.4251
4194.2,-67.4219
4194.3,-67.4188
4194.4,-67.4156
4194.5,-67.4125
4194.6,-67.4094
4194.7,-67.4062
4194.8,-67.4031
4194.9,-67.4000
4195.0,-67.3968
4195.1,-67.3937
4195.2,-67.3906
4195.3,-67.3874
4195.4,-67.3843
4195.5,-67.3812
4195.6,-67.3780
4195.7,-67.3749
4195.8,-67.3718
4195.9,-67.3687
4196.0,-67.3656
4196.1,-67.3624
4196.2,-67.3593
4196.3,-67.3562
4196.4,-67.3531
4196.5,-67.3500
4196.6,-67.3468
4196.7,-67.3437
4196.8,-67.3406
4196.9,-67.3375
4197.0,-67.3344
4197.1,-67.3313
4197.2,-67.3282
4197.3,-67.3251
4197.4,-67.3219
4197.5,-67.3188
4197.6,-67.3157
4197.7,-67.3126
4197.8,-67.3095
4197.9,-67.3064
4198.0,-67.3033
4198.1,-67.3002
4198.2,-67.2971
4198.3,-67.2940
4198.4,-67.2909
4198.5,-67.2878
4198.6,-67.2847
4198.7,-67.2816
4198.8,-67.2785
4198.9,-67.2755
4199.0,-67.2724
4199.1,-67.2693
4199.2,-67.2662
4199.3,-67.2631
4199.4,-67.2600
4199.5,-67.2569
4199.6,-67.2538
4199.7,-67.2508
4199.8,-67.2477
4199.9,-67.2446
4200.0,-67.2415
4200.1,-67.2384
4200.2,-67.2353
4200.3,-67.2323
4200.4,-67.2292
4200.5,-67.2261
4200.6,-67.2230
4200.7,-67.2200
4200.8,-67.2169
4200.9,-67.2138
4201.0,-67.2108
4201.1,-67.2077
4201.2,-67.2046
4201.3,-67.2015
4201.4,-67.1985
4201.5,-67.1954
4201.6,-67.1924
4201.7,-67.1893
4201.8,-67.1862
4201.9,-67.1832
4202.0,-67.1801
4202.1,-67.1770
4202.2,-67.1740
4202.3,-67.1709
4202.4,-67.1679
4202.5,-67.1648
4202.6,-67.1618
4202.7,-67.1587
4202.8,-67.1557
4202.9,-67.1526
4203.0,-67.1496
4203.1,-67.1465
4203.2,-67.1435
4203.3,-67.1404
4203.4,-67.1374
4203.5,-67.1343
4203.6,-67.1313
4203.7,-67.1282
4203.8,-67.1252
4203.9,-67.1221
4204.0,-67.1191
4204.1,-67.1161
4204.2,-67.1130
4204.3,-67.1100
4204.4,-67.1070
4204.5,-67.1039
4204.6,-67.1009
4204.7,-67.0979
4204.8,-67.0948
4204.9,-67.0918
4205.0,-67.0888
4205.1,-67.0857
4205.2,-67.0827
4205.3,-67.0797
4205.4,-67.0766
4205.5,-67.0736
4205.6,-67.0706
4205.7,-67.0676
4205.8,-67.0646
4205.9,-67.0615
4206.0,-67.0585
4206.1,-67.0555
4206.2,-67.0525
4206.3,-67.0495
4206.4,-67.0464
4206.5,-67.0434
4206.6,-67.0404
4206.7,-67.0374
4206.8,-67.0344
4206.9,-67.0314
4207.0,-67.0284
4207.1,-67.0254
4207.2,-67.0224
4207.3,-67.0193
4207.4,-67.0163
4207.5,-67.0133
4207.6,-67.0103
4207.7,-67.0073
4207.8,-67.0043
4207.9,-67.0013
4208.0,-66.9983
4208.1,-66.9953
4208.2,-66.9923
4208.3,-66.9893
4208.4,-66.9863
4208.5,-66.9833
4208.6,-66.9803
4208.7,-66.9774
4208.8,-66.9744
4208.9,-66.9714
4209.0,-66.9684
4209.1,-66.9654
4209.2,-66.9624
4209.3,-66.9594
4209.4,-66.9564
4209.5,-66.9534
4209.6,-66.9505
4209.7,-66.9475
4209.8,-66.9445
4209.9,-66.9415
4210.0,-66.9385
4210.1,-66.9356
4210.2,-66.9326
4210.3,-66.9296
4210.4,-66.9266
4210.5,-66.9237
4210.6,-66.9207
4210.7,-66.9177
4210.8,-66.9147
4210.9,-66.9118
4211.0,-66.9088
4211.1,-66.9058
4211.2,-66.9029
4211.3,-66.8999
4211.4,-66.8969
4211.5,-66.8940
4211.6,-66.8910
4211.7,-66.8880
4211.8,-66.8851
4211.9,-66.8821
4212.0,-66.8791
4212.1,-66.8762
4212.2,-66.8732
4212.3,-66.8703
4212.4,-66.8673
4212.5,-66.8644
4212.6,-66.8614
4212.7,-66.8584
4212.8,-66.8555
4212.9,-66.8525
4213.0,-66.8496
4213.1,-66.8466
4213.2,-66.8437
4213.3,-66.8408
4213.4,-66.8378
4213.5,-66.8349
4213.6,-66.8319
4213.7,-66.8290
4213.8,-66.8260
4213.9,-66.8231
4214.0,-66.8201
4214.1,-66.8172
4214.2,-66.8143
4214.3,-66.8113
4214.4,-66.8084
4214.5,-66.8055
4214.6,-66.8025
4214.7,-66.7996
4214.8,-66.7967
4214.9,-66.7937
4215.0,-66.7908
4215.1,-66.7879
4215.2,-66.7849
4215.3,-66.7820
4215.4,-66.7791
4215.5,-66.7762
4215.6,-66.7732
4215.7,-66.7703
4215.8,-66.7674
4215.9,-66.7645
4216.0,-66.7615
4216.1,-66.7586
4216.2,-66.7557
4216.3,-66.7528
4216.4,-66.7499
4216.5,-66.7470
4216.6,-66.7440
4216.7,-66.7411
4216.8,-66.7382
4216.9,-66.7353
4217.0,-66.7324
4217.1,-66.7295
4217.2,-66.7266
4217.3,-66.7237
4217.4,-66.7207
4217.5,-66.7178
4217.6,-66.7149
4217.7,-66.7120
4217.8,-66.7091
4217.9,-66.7062
4218.0,-66.7033
4218.1,-66.7004
4218.2,-66.6975
4218.3,-66.6946
4218.4,-66.6917
4218.5,-66.6888
4218.6,-66.6859
4218.7,-66.6830
4218.8,-66.6801
4218.9,-66.6773
4219.0,-66.6744
4219.1,-66.6715
4219.2,-66.6686
4219.3,-66.6657
4219.4,-66.6628
4219.5,-66.6599
4219.6,-66.6570
4219.7,-66.6541
4219.8,-66.6513
4219.9,-66.6484
4220.0,-66.6455
4220.1,-66.6426
4220.2,-66.6397
4220.3,-66.6369
4220.4,-66.6340
4220.5,-66.6311
4220.6,-66.6282
4220.7,-66.6253
4220.8,-66.6225
4220.9,-66.6196
4221.0,-66.6167
4221.1,-66.6139
4221.2,-66.6110
4221.3,-66.6081
4221.4,-66.6052
4221.5,-66.6024
4221.6,-66.5995
4221.7,-66.5966
4221.8,-66.5938
4221.9,-66.5909
4222.0,-66.5881
4222.1,-66.5852
4222.2,-66.5823
4222.3,-66.5795
4222.4,-66.5766
4222.5,-66.5737
4222.6,-66.5709
4222.7,-66.5680
4222.8,-66.5652
4222.9,-66.5623
4223.0,-66.5595
4223.1,-66.5566
4223.2,-66.5538
4223.3,-66.5509
4223.4,-66.5481
4223.5,-66.5452
4223.6,-66.5424
4223.7,-66.5395
4223.8,-66.5367
4223.9,-66.5338
4224.0,-66.5310
4224.1,-66.5281
4224.2,-66.5253
4224.3,-66.5225
4224.4,-66.5196
4224.5,-66.5168
4224.6,-66.5139
4224.7,-66.5111
4224.8,-66.5083
4224.9,-66.5054
4225.0,-66.5026
4225.1,-66.4998
4225.2,-66.4969
4225.3,-66.4941
4225.4,-66.4913
4225.5,-66.4884
4225.6,-66.4856
4225.7,-66.4828
4225.8,-66.4800
4225.9,-66.4771
4226.0,-66.4743
4226.1,-66.4715
4226.2,-66.4687
4226.3,-66.4658
4226.4,-66.4630
4226.5,-66.4602
4226.6,-66.4574
4226.7,-66.4546
4226.8,-66.4517
4226.9,-66.4489
4227.0,-66.4461
4227.1,-66.4433
4227.2,-66.4405
4227.3,-66.4377
4227.4,-66.4348
4227.5,-66.4320
4227.6,-66.4292
4227.7,-66.4264
4227.8,-66.4236
4227.9,-66.4208
4228.0,-66.4180
4228.1,-66.4152
4228.2,-66.4124
4228.3,-66.4096
4228.4,-66.4068
4228.5,-66.4040
4228.6,-66.4012
4228.7,-66.3984
4228.8,-66.3956
4228.9,-66.3928
4229.0,-66.3900
4229.1,-66.3872
4229.2,-66.3844
4229.3,-66.3816
4229.4,-66.3788
4229.5,-66.3760
4229.6,-66.3732
4229.7,-66.3704
4229.8,-66.3676
4229.9,-66.3649
4230.0,-66.3621
4230.1,-66.3593
4230.2,-66.3565
4230.3,-66.3537
4230.4,-66.3509
4230.5,-66.3481
4230.6,-66.3454
4230.7,-66.3426
4230.8,-66.3398
4230.9,-66.3370
4231.0,-66.3342
4231.1,-66.3315
4231.2,-66.3287
4231.3,-66.3259
4231.4,-66.3231
4231.5,-66.3204
4231.6,-66.3176
4231.7,-66.3148
4231.8,-66.3120
4231.9,-66.3093
4232.0,-66.3065
4232.1,-66.3037
4232.2,-66.3010
4232.3,-66.2982
4232.4,-66.2954
4232.5,-66.2927
4232.6,-66.2899
4232.7,-66.2871
4232.8,-66.2844
4232.9,-66.2816
4233.0,-66.2789
4233.1,-66.2761
4233.2,-66.2733
4233.3,-66.2706
4233.4,-66.2678
4233.5,-66.2651
4233.6,-66.2623
4233.7,-66.2596
4233.8,-66.2568
4233.9,-66.2541
4234.0,-66.2513
4234.1,-66.2486
4234.2,-66.2458
4234.3,-66.2431
4234.4,-66.2403
4234.5,-66.2376
4234.6,-66.2348
4234.7,-66.2321
4234.8,-66.2293
4234.9,-66.2266
4235.0,-66.2238
4235.1,-66.2211
4235.2,-66.2184
4235.3,-66.2156
4235.4,-66.2129
4235.5,-66.2102
4235.6,-66.2074
4235.7,-66.2047
4235.8,-66.2019
4235.9,-66.1992
4236.0,-66.1965
4236.1,-66.1938
4236.2,-66.1910
4236.3,-66.1883
4236.4,-66.1856
4236.5,-66.1828
4236.6,-66.1801
4236.7,-66.1774
4236.8,-66.1747
4236.9,-66.1719
4237.0,-66.1692
4237.1,-66.1665
4237.2,-66.1638
4237.3,-66.1610
4237.4,-66.1583
4237.5,-66.1556
4237.6,-66.1529
4237.7,-66.1502
4237.8,-66.1475
4237.9,-66.1447
4238.0,-66.1420
4238.1,-66.1393
4238.2,-66.1366
4238.3,-66.1339
4238.4,-66.1312
4238.5,-66.1285
4238.6,-66.1258
4238.7,-66.1230
4238.8,-66.1203
4238.9,-66.1176
4239.0,-66.1149
4239.1,-66.1122
4239.2,-66.1095
4239.3,-66.1068
4239.4,-66.1041
4239.5,-66.1014
4239.6,-66.0987
4239.7,-66.0960
4239.8,-66.0933
4239.9,-66.0906
4240.0,-66.0879
4240.1,-66.0852
4240.2,-66.0825
4240.3,-66.0798
4240.4,-66.0771
4240.5,-66.0745
4240.6,-66.0718
4240.7,-66.0691
4240.8,-66.0664
4240.9,-66.0637
4241.0,-66.0610
4241.1,-66.0583
4241.2,-66.0556
4241.3,-66.0529
4241.4,-66.0503
4241.5,-66.0476
4241.6,-66.0449
4241.7,-66.0422
4241.8,-66.0395
4241.9,-66.0369
4242.0,-66.0342
4242.1,-66.0315
4242.2,-66.0288
4242.3,-66.0262
4242.4,-66.0235
4242.5,-66.0208
4242.6,-66.0181
4242.7,-66.0155
4242.8,-66.0128
4242.9,-66.0101
4243.0,-66.0074
4243.1,-66.0048
4243.2,-66.0021
4243.3,-65.9994
4243.4,-65.9968
4243.5,-65.9941
4243.6,-65.9914
4243.7,-65.9888
4243.8,-65.9861
4243.9,-65.9835
4244.0,-65.9808
4244.1,-65.9781
4244.2,-65.9755
4244.3,-65.9728
4244.4,-65.9702
4244.5,-65.9675
4244.6,-65.9649
4244.7,-65.9622
4244.8,-65.9595
4244.9,-65.9569
4245.0,-65.9542
4245.1,-65.9516
4245.2,-65.9489
4245.3,-65.9463
4245.4,-65.9436
4245.5,-65.9410
4245.6,-65.9383
4245.7,-65.9357
4245.8,-65.9331
4245.9,-65.9304
4246.0,-65.9278
4246.1,-65.9251
4246.2,-65.9225
4246.3,-65.9198
4246.4,-65.9172
4246.5,-65.9146
4246.6,-65.9119
4246.7,-65.9093
4246.8,-65.9067
4246.9,-65.9040
4247.0,-65.9014
4247.1,-65.8988
4247.2,-65.8961
4247.3,-65.8935
4247.4,-65.8909
4247.5,-65.8882
4247.6,-65.8856
4247.7,-65.8830
4247.8,-65.8803
4247.9,-65.8777
4248.0,-65.8751
4248.1,-65.8725
4248.2,-65.8698
4248.3,-65.8672
4248.4,-65.8646
4248.5,-65.8620
4248.6,-65.8594
4248.7,-65.8567
4248.8,-65.8541
4248.9,-65.8515
4249.0,-65.8489
4249.1,-65.8463
4249.2,-65.8437
4249.3,-65.8410
4249.4,-65.8384
4249.5,-65.8358
4249.6,-65.8332
4249.7,-65.8306
4249.8,-65.8280
4249.9,-65.8254
4250.0,-65.8228
4250.1,-65.8202
4250.2,-65.8176
4250.3,-65.8149
4250.4,-65.8123
4250.5,-65.8097
4250.6,-65.8071
4250.7,-65.8045
4250.8,-65.8019
4250.9,-65.7993
4251.0,-65.7967
4251.1,-65.7941
4251.2,-65.7915
4251.3,-65.7889
4251.4,-65.7863
4251.5,-65.7838
4251.6,-65.7812
4251.7,-65.7786
4251.8,-65.7760
4251.9,-65.7734
4252.0,-65.7708
4252.1,-65.7682
4252.2,-65.7656
4252.3,-65.7630
4252.4,-65.7604
4252.5,-65.7578
4252.6,-65.7553
4252.7,-65.7527
4252.8,-65.7501
4252.9,-65.7475
4253.0,-65.7449
4253.1,-65.7423
4253.2,-65.7398
4253.3,-65.7372
4253.4,-65.7346
4253.5,-65.7320
4253.6,-65.7295
4253.7,-65.7269
4253.8,-65.7243
4253.9,-65.7217
4254.0,-65.7192
4254.1,-65.7166
4254.2,-65.7140
4254.3,-65.7114
4254.4,-65.7089
4254.5,-65.7063
4254.6,-65.7037
4254.7,-65.7012
4254.8,-65.6986
4254.9,-65.6960
4255.0,-65.6935
4255.1,-65.6909
4255.2,-65.6883
4255.3,-65.6858
4255.4,-65.6832
4255.5,-65.6807
4255.6,-65.6781
4255.7,-65.6755
4255.8,-65.6730
4255.9,-65.6704
4256.0,-65.6679
4256.1,-65.6653
4256.2,-65.6628
4256.3,-65.6602
4256.4,-65.6576
4256.5,-65.6551
4256.6,-65.6525
4256.7,-65.6500
4256.8,-65.6474
4256.9,-65.6449
4257.0,-65.6423
4257.1,-65.6398
4257.2,-65.6373
4257.3,-65.6347
4257.4,-65.6322
4257.5,-65.6296
4257.6,-65.6271
4257.7,-65.6245
4257.8,-65.6220
4257.9,-65.6195
4258.0,-65.6169
4258.1,-65.6144
4258.2,-65.6118
4258.3,-65.6093
4258.4,-65.6068
4258.5,-65.6042
4258.6,-65.6017
4258.7,-65.5992
4258.8,-65.5966
4258.9,-65.5941
4259.0,-65.5916
4259.1,-65.5890
4259.2,-65.5865
4259.3,-65.5840
4259.4,-65.5815
4259.5,-65.5789
4259.6,-65.5764
4259.7,-65.5739
4259.8,-65.5714
4259.9,-65.5688
4260.0,-65.5663
4260.1,-65.5638
4260.2,-65.5613
4260.3,-65.5587
4260.4,-65.5562
4260.5,-65.5537
4260.6,-65.5512
4260.7,-65.5487
4260.8,-65.5462
4260.9,-65.5436
4261.0,-65.5411
4261.1,-65.5386
4261.2,-65.5361
4261.3,-65.5336
4261.4,-65.5311
4261.5,-65.5286
4261.6,-65.5261
4261.7,-65.5236
4261.8,-65.5210
4261.9,-65.5185
4262.0,-65.5160
4262.1,-65.5135
4262.2,-65.5110
4262.3,-65.5085
4262.4,-65.5060
4262.5,-65.5035
4262.6,-65.5010
4262.7,-65.4985
4262.8,-65.4960
4262.9,-65.4935
4263.0,-65.4910
4263.1,-65.4885
4263.2,-65.4860
4263.3,-65.4835
4263.4,-65.4810
4263.5,-65.4785
4263.6,-65.4761
4263.7,-65.4736
4263.8,-65.4711
4263.9,-65.4686
4264.0,-65.4661
4264.1,-65.4636
4264.2,-65.4611
4264.3,-65.4586
4264.4,-65.4561
4264.5,-65.4537
4264.6,-65.4512
4264.7,-65.4487
4264.8,-65.4462
4264.9,-65.4437
4265.0,-65.4412
4265.1,-65.4388
4265.2,-65.4363
4265.3,-65.4338
4265.4,-65.4313
4265.5,-65.4289
4265.6,-65.4264
4265.7,-65.4239
4265.8,-65.4214
4265.9,-65.4190
4266.0,-65.4165
4266.1,-65.4140
4266.2,-65.4115
4266.3,-65.4091
4266.4,-65.4066
4266.5,-65.4041
4266.6,-65.4017
4266.7,-65.3992
4266.8,-65.3967
4266.9,-65.3943
4267.0,-65.3918
4267.1,-65.3893
4267.2,-65.3869
4267.3,-65.3844
4267.4,-65.3820
4267.5,-65.3795
4267.6,-65.3770
4267.7,-65.3746
4267.8,-65.3721
4267.9,-65.3697
4268.0,-65.3672
4268.1,-65.3647
4268.2,-65.3623
4268.3,-65.3598
4268.4,-65.3574
4268.5,-65.3549
4268.6,-65.3525
4268.7,-65.3500
4268.8,-65.3476
4268.9,-65.3451
4269.0,-65.3427
4269.1,-65.3402
4269.2,-65.3378
4269.3,-65.3353
4269.4,-65.3329
4269.5,-65.3305
4269.6,-65.3280
4269.7,-65.3256
4269.8,-65.3231
4269.9,-65.3207
4270.0,-65.3183
4270.1,-65.3158
4270.2,-65.3134
4270.3,-65.3109
4270.4,-65.3085
4270.5,-65.3061
4270.6,-65.3036
4270.7,-65.3012
4270.8,-65.2988
4270.9,-65.2963
4271.0,-65.2939
4271.1,-65.2915
4271.2,-65.2890
4271.3,-65.2866
4271.4,-65.2842
4271.5,-65.2818
4271.6,-65.2793
4271.7,-65.2769
4271.8,-65.2745
4271.9,-65.2721
4272.0,-65.2696
4272.1,-65.2672
4272.2,-65.2648
4272.3,-65.2624
4272.4,-65.2599
4272.5,-65.2575
4272.6,-65.2551
4272.7,-65.2527
4272.8,-65.2503
4272.9,-65.2479
4273.0,-65.2454
4273.1,-65.2430
4273.2,-65.2406
4273.3,-65.2382
4273.4,-65.2358
4273.5,-65.2334
4273.6,-65.2310
4273.7,-65.2285
4273.8,-65.2261
4273.9,-65.2237
4274.0,-65.2213
4274.1,-65.2189
4274.2,-65.2165
4274.3,-65.2141
4274.4,-65.2117
4274.5,-65.2093
4274.6,-65.2069
4274.7,-65.2045
4274.8,-65.2021
4274.9,-65.1997
4275.0,-65.1973
4275.1,-65.1949
4275.2,-65.1925
4275.3,-65.1901
4275.4,-65.1877
4275.5,-65.1853
4275.6,-65.1829
4275.7,-65.1805
4275.8,-65.1781
4275.9,-65.1757
4276.0,-65.1733
4276.1,-65.1710
4276.2,-65.1686
4276.3,-65.1662
4276.4,-65.1638
4276.5,-65.1614
4276.6,-65.1590
4276.7,-65.1566
4276.8,-65.1542
4276.9,-65.1519
4277.0,-65.1495
4277.1,-65.1471
4277.2,-65.1447
4277.3,-65.1423
4277.4,-65.1399
4277.5,-65.1376
4277.6,-65.1352
4277.7,-65.1328
4277.8,-65.1304
4277.9,-65.1281
4278.0,-65.1257
4278.1,-65.1233
4278.2,-65.1209
4278.3,-65.1186
4278.4,-65.1162
4278.5,-65.1138
4278.6,-65.1114
4278.7,-65.1091
4278.8,-65.1067
4278.9,-65.1043
4279.0,-65.1020
4279.1,-65.0996
4279.2,-65.0972
4279.3,-65.0949
4279.4,-65.0925
4279.5,-65.0901
4279.6,-65.0878
4279.7,-65.0854
4279.8,-65.0831
4279.9,-65.0807
4280.0,-65.0783
4280.1,-65.0760
4280.2,-65.0736
4280.3,-65.0713
4280.4,-65.0689
4280.5,-65.0665
4280.6,-65.0642
4280.7,-65.0618
4280.8,-65.0595
4280.9,-65.0571
4281.0,-65.0548
4281.1,-65.0524
4281.2,-65.0501
4281.3,-65.0477
4281.4,-65.0454
4281.5,-65.0430
4281.6,-65.0407
4281.7,-65.0383
4281.8,-65.0360
4281.9,-65.0336
4282.0,-65.0313
4282.1,-65.0290
4282.2,-65.0266
4282.3,-65.0243
4282.4,-65.0219
4282.5,-65.0196
4282.6,-65.0173
4282.7,-65.0149
4282.8,-65.0126
4282.9,-65.0102
4283.0,-65.0079
4283.1,-65.0056
4283.2,-65.0032
4283.3,-65.0009
4283.4,-64.9986
4283.5,-64.9962
4283.6,-64.9939
4283.7,-64.9916
4283.8,-64.9892
4283.9,-64.9869
4284.0,-64.9846
4284.1,-64.9823
4284.2,-64.9799
4284.3,-64.9776
4284.4,-64.9753
4284.5,-64.9730
4284.6,-64.9706
4284.7,-64.9683
4284.8,-64.9660
4284.9,-64.9637
4285.0,-64.9613
4285.1,-64.9590
4285.2,-64.9567
4285.3,-64.9544
4285.4,-64.9521
4285.5,-64.9497
4285.6,-64.9474
4285.7,-64.9451
4285.8,-64.9428
4285.9,-64.9405
4286.0,-64.9382
4286.1,-64.9359
4286.2,-64.9335
4286.3,-64.9312
4286.4,-64.9289
4286.5,-64.9266
4286.6,-64.9243
4286.7,-64.9220
4286.8,-64.9197
4286.9,-64.9174
4287.0,-64.9151
4287.1,-64.9128
4287.2,-64.9105
4287.3,-64.9082
4287.4,-64.9059
4287.5,-64.9036
4287.6,-64.9013
4287.7,-64.8990
4287.8,-64.8967
4287.9,-64.8944
4288.0,-64.8921
4288.1,-64.8898
4288.2,-64.8875
4288.3,-64.8852
4288.4,-64.8829
4288.5,-64.8806
4288.6,-64.8783
4288.7,-64.8760
4288.8,-64.8737
4288.9,-64.8714
4289.0,-64.8691
4289.1,-64.8668
4289.2,-64.8646
4289.3,-64.8623
4289.4,-64.8600
4289.5,-64.8577
4289.6,-64.8554
4289.7,-64.8531
4289.8,-64.8508
4289.9,-64.8486
4290.0,-64.8463
4290.1,-64.8440
4290.2,-64.8417
4290.3,-64.8394
4290.4,-64.8372
4290.5,-64.8349
4290.6,-64.8326
4290.7,-64.8303
4290.8,-64.8280
4290.9,-64.8258
4291.0,-64.8235
4291.1,-64.8212
4291.2,-64.8189
4291.3,-64.8167
4291.4,-64.8144
4291.5,-64.8121
4291.6,-64.8099
4291.7,-64.8076
4291.8,-64.8053
4291.9,-64.8031
4292.0,-64.8008
4292.1,-64.7985
4292.2,-64.7963
4292.3,-64.7940
4292.4,-64.7917
4292.5,-64.7895
4292.6,-64.7872
4292.7,-64.7849
4292.8,-64.7827
4292.9,-64.7804
4293.0,-64.7782
4293.1,-64.7759
4293.2,-64.7736
4293.3,-64.7714
4293.4,-64.7691
4293.5,-64.7669
4293.6,-64.7646
4293.7,-64.7624
4293.8,-64.7601
4293.9,-64.7579
4294.0,-64.7556
4294.1,-64.7533
4294.2,-64.7511
4294.3,-64.7488
4294.4,-64.7466
4294.5,-64.7443
4294.6,-64.7421
4294.7,-64.7399
4294.8,-64.7376
4294.9,-64.7354
4295.0,-64.7331
4295.1,-64.7309
4295.2,-64.7286
4295.3,-64.7264
4295.4,-64.7241
4295.5,-64.7219
4295.6,-64.7197
4295.7,-64.7174
4295.8,-64.7152
4295.9,-64.7129
4296.0,-64.7107
4296.1,-64.7085
4296.2,-64.7062
4296.3,-64.7040
4296.4,-64.7018
4296.5,-64.6995
4296.6,-64.6973
4296.7,-64.6951
4296.8,-64.6928
4296.9,-64.6906
4297.0,-64.6884
4297.1,-64.6862
4297.2,-64.6839
4297.3,-64.6817
4297.4,-64.6795
4297.5,-64.6772
4297.6,-64.6750
4297.7,-64.6728
4297.8,-64.6706
4297.9,-64.6683
4298.0,-64.6661
4298.1,-64.6639
4298.2,-64.6617
4298.3,-64.6595
4298.4,-64.6572
4298.5,-64.6550
4298.6,-64.6528
4298.7,-64.6506
4298.8,-64.6484
4298.9,-64.6462
4299.0,-64.6439
4299.1,-64.6417
4299.2,-64.6395
4299.3,-64.6373
4299.4,-64.6351
4299.5,-64.6329
4299.6,-64.6307
4299.7,-64.6285
4299.8,-64.6262
4299.9,-64.6240
4300.0,-64.6218
4300.1,-64.6196
4300.2,-64.6174
4300.3,-64.6152
4300.4,-64.6130
4300.5,-64.6108
4300.6,-64.6086
4300.7,-64.6064
4300.8,-64.6042
4300.9,-64.6020
4301.0,-64.5998
4301.1,-64.5976
4301.2,-64.5954
4301.3,-64.5932
4301.4,-64.5910
4301.5,-64.5888
4301.6,-64.5866
4301.7,-64.5844
4301.8,-64.5822
4301.9,-64.5800
4302.0,-64.5778
4302.1,-64.5756
4302.2,-64.5734
4302.3,-64.5713
4302.4,-64.5691
4302.5,-64.5669
4302.6,-64.5647
4302.7,-64.5625
4302.8,-64.5603
4302.9,-64.5581
4303.0,-64.5559
4303.1,-64.5538
4303.2,-64.5516
4303.3,-64.5494
4303.4,-64.5472
4303.5,-64.5450
4303.6,-64.5428
4303.7,-64.5407
4303.8,-64.5385
4303.9,-64.5363
4304.0,-64.5341
4304.1,-64.5319
4304.2,-64.5298
4304.3,-64.5276
4304.4,-64.5254
4304.5,-64.5232
4304.6,-64.5211
4304.7,-64.5189
4304.8,-64.5167
4304.9,-64.5146
4305.0,-64.5124
4305.1,-64.5102
4305.2,-64.5080
4305.3,-64.5059
4305.4,-64.5037
4305.5,-64.5015
4305.6,-64.4994
4305.7,-64.4972
4305.8,-64.4950
4305.9,-64.4929
4306.0,-64.4907
4306.1,-64.4885
4306.2,-64.4864
4306.3,-64.4842
4306.4,-64.4821
4306.5,-64.4799
4306.6,-64.4777
4306.7,-64.4756
4306.8,-64.4734
4306.9,-64.4713
4307.0,-64.4691
4307.1,-64.4670
4307.2,-64.4648
4307.3,-64.4626
4307.4,-64.4605
4307.5,-64.4583
4307.6,-64.4562
4307.7,-64.4540
4307.8,-64.4519
4307.9,-64.4497
4308.0,-64.4476
4308.1,-64.4454
4308.2,-64.4433
4308.3,-64.4411
4308.4,-64.4390
4308.5,-64.4368
4308.6,-64.4347
4308.7,-64.4326
4308.8,-64.4304
4308.9,-64.4283
4309.0,-64.4261
4309.1,-64.4240
4309.2,-64.4218
4309.3,-64.4197
4309.4,-64.4176
4309.5,-64.4154
4309.6,-64.4133
4309.7,-64.4111
4309.8,-64.4090
4309.9,-64.4069
4310.0,-64.4047
4310.1,-64.4026
4310.2,-64.4005
4310.3,-64.3983
4310.4,-64.3962
4310.5,-64.3941
4310.6,-64.3919
4310.7,-64.3898
4310.8,-64.3877
4310.9,-64.3856
4311.0,-64.3834
4311.1,-64.3813
4311.2,-64.3792
4311.3,-64.3770
4311.4,-64.3749
4311.5,-64.3728
4311.6,-64.3707
4311.7,-64.3685
4311.8,-64.3664
4311.9,-64.3643
4312.0,-64.3622
4312.1,-64.3601
4312.2,-64.3579
4312.3,-64.3558
4312.4,-64.3537
4312.5,-64.3516
4312.6,-64.3495
4312.7,-64.3474
4312.8,-64.3452
4312.9,-64.3431
4313.0,-64.3410
4313.1,-64.3389
4313.2,-64.3368
4313.3,-64.3347
4313.4,-64.3326
4313.5,-64.3305
4313.6,-64.3283
4313.7,-64.3262
4313.8,-64.3241
4313.9,-64.3220
4314.0,-64.3199
4314.1,-64.3178
4314.2,-64.3157
4314.3,-64.3136
4314.4,-64.3115
4314.5,-64.3094
4314.6,-64.3073
4314.7,-64.3052
4314.8,-64.3031
4314.9,-64.3010
4315.0,-64.2989
4315.1,-64.2968
4315.2,-64.2947
4315.3,-64.2926
4315.4,-64.2905
4315.5,-64.2884
4315.6,-64.2863
4315.7,-64.2842
4315.8,-64.2821
4315.9,-64.2800
4316.0,-64.2779
4316.1,-64.2758
4316.2,-64.2737
4316.3,-64.2716
4316.4,-64.2696
4316.5,-64.2675
4316.6,-64.2654
4316.7,-64.2633
4316.8,-64.2612
4316.9,-64.2591
4317.0,-64.2570
4317.1,-64.2549
4317.2,-64.2529
4317.3,-64.2508
4317.4,-64.2487
4317.5,-64.2466
4317.6,-64.2445
4317.7,-64.2424
4317.8,-64.2404
4317.9,-64.2383
4318.0,-64.2362
4318.1,-64.2341
4318.2,-64.2320
4318.3,-64.2300
4318.4,-64.2279
4318.5,-64.2258
4318.6,-64.2237
4318.7,-64.2217
4318.8,-64.2196
4318.9,-64.2175
4319.0,-64.2155
4319.1,-64.2134
4319.2,-64.2113
4319.3,-64.2092
4319.4,-64.2072
4319.5,-64.2051
4319.6,-64.2030
4319.7,-64.2010
4319.8,-64.1989
4319.9,-64.1968
4320.0,-64.1948
4320.1,-64.1927
4320.2,-64.1906
4320.3,-64.1886
4320.4,-64.1865
4320.5,-64.1845
4320.6,-64.1824
4320.7,-64.1803
4320.8,-64.1783
4320.9,-64.1762
4321.0,-64.1742
4321.1,-64.1721
4321.2,-64.1700
4321.3,-64.1680
4321.4,-64.1659
4321.5,-64.1639
4321.6,-64.1618
4321.7,-64.1598
4321.8,-64.1577
4321.9,-64.1557
4322.0,-64.1536
4322.1,-64.1516
4322.2,-64.1495
4322.3,-64.1475
4322.4,-64.1454
4322.5,-64.1434
4322.6,-64.1413
4322.7,-64.1393
4322.8,-64.1372
4322.9,-64.1352
4323.0,-64.1331
4323.1,-64.1311
4323.2,-64.1290
4323.3,-64.1270
4323.4,-64.1250
4323.5,-64.1229
4323.6,-64.1209
4323.7,-64.1188
4323.8,-64.1168
4323.9,-64.1148
4324.0,-64.1127
4324.1,-64.1107
4324.2,-64.1086
4324.3,-64.1066
4324.4,-64.1046
4324.5,-64.1025
4324.6,-64.1005
4324.7,-64.0985
4324.8,-64.0964
4324.9,-64.0944
4325.0,-64.0924
4325.1,-64.0903
4325.2,-64.0883
4325.3,-64.0863
4325.4,-64.0843
4325.5,-64.0822
4325.6,-64.0802
4325.7,-64.0782
4325.8,-64.0762
4325.9,-64.0741
4326.0,-64.0721
4326.1,-64.0701
4326.2,-64.0681
4326.3,-64.0660
4326.4,-64.0640
4326.5,-64.0620
4326.6,-64.0600
4326.7,-64.0580
4326.8,-64.0559
4326.9,-64.0539
4327.0,-64.0519
4327.1,-64.0499
4327.2,-64.0479
4327.3,-64.0458
4327.4,-64.0438
4327.5,-64.0418
4327.6,-64.0398
4327.7,-64.0378
4327.8,-64.0358
4327.9,-64.0338
4328.0,-64.0318
4328.1,-64.0297
4328.2,-64.0277
4328.3,-64.0257
4328.4,-64.0237
4328.5,-64.0217
4328.6,-64.0197
4328.7,-64.0177
4328.8,-64.0157
4328.9,-64.0137
4329.0,-64.0117
4329.1,-64.0097
4329.2,-64.0077
4329.3,-64.0057
4329.4,-64.0037
4329.5,-64.0017
4329.6,-63.9997
4329.7,-63.9977
4329.8,-63.9957
4329.9,-63.9937
4330.0,-63.9917
4330.1,-63.9897
4330.2,-63.9877
4330.3,-63.9857
4330.4,-63.9837
4330.5,-63.9817
4330.6,-63.9797
4330.7,-63.9777
4330.8,-63.9757
4330.9,-63.9737
4331.0,-63.9717
4331.1,-63.9698
4331.2,-63.9678
4331.3,-63.9658
4331.4,-63.9638
4331.5,-63.9618
4331.6,-63.9598
4331.7,-63.9578
4331.8,-63.9558
4331.9,-63.9539
4332.0,-63.9519
4332.1,-63.9499
4332.2,-63.9479
4332.3,-63.9459
4332.4,-63.9439
4332.5,-63.9420
4332.6,-63.9400
4332.7,-63.9380
4332.8,-63.9360
4332.9,-63.9340
4333.0,-63.9321
4333.1,-63.9301
4333.2,-63.9281
4333.3,-63.9261
4333.4,-63.9242
4333.5,-63.9222
4333.6,-63.9202
4333.7,-63.9182
4333.8,-63.9163
4333.9,-63.9143
4334.0,-63.9123
4334.1,-63.9104
4334.2,-63.9084
4334.3,-63.9064
4334.4,-63.9044
4334.5,-63.9025
4334.6,-63.9005
4334.7,-63.8985
4334.8,-63.8966
4334.9,-63.8946
4335.0,-63.8926
4335.1,-63.8907
4335.2,-63.8887
4335.3,-63.8868
4335.4,-63.8848
4335.5,-63.8828
4335.6,-63.8809
4335.7,-63.8789
4335.8,-63.8770
4335.9,-63.8750
4336.0,-63.8730
4336.1,-63.8711
4336.2,-63.8691
4336.3,-63.8672
4336.4,-63.8652
4336.5,-63.8633
4336.6,-63.8613
4336.7,-63.8593
4336.8,-63.8574
4336.9,-63.8554
4337.0,-63.8535
4337.1,-63.8515
4337.2,-63.8496
4337.3,-63.8476
4337.4,-63.8457
4337.5,-63.8437
4337.6,-63.8418
4337.7,-63.8398
4337.8,-63.8379
4337.9,-63.8360
4338.0,-63.8340
4338.1,-63.8321
4338.2,-63.8301
4338.3,-63.8282
4338.4,-63.8262
4338.5,-63.8243
4338.6,-63.8224
4338.7,-63.8204
4338.8,-63.8185
4338.9,-63.8165
4339.0,-63.8146
4339.1,-63.8127
4339.2,-63.8107
4339.3,-63.8088
4339.4,-63.8069
4339.5,-63.8049
4339.6,-63.8030
4339.7,-63.8010
4339.8,-63.7991
4339.9,-63.7972
4340.0,-63.7952
4340.1,-63.7933
4340.2,-63.7914
4340.3,-63.7895
4340.4,-63.7875
4340.5,-63.7856
4340.6,-63.7837
4340.7,-63.7817
4340.8,-63.7798
4340.9,-63.7779
4341.0,-63.7760
4341.1,-63.7740
4341.2,-63.7721
4341.3,-63.7702
4341.4,-63.7683
4341.5,-63.7663
4341.6,-63.7644
4341.7,-63.7625
4341.8,-63.7606
4341.9,-63.7587
4342.0,-63.7567
4342.1,-63.7548
4342.2,-63.7529
4342.3,-63.7510
4342.4,-63.7491
4342.5,-63.7472
4342.6,-63.7452
4342.7,-63.7433
4342.8,-63.7414
4342.9,-63.7395
4343.0,-63.7376
4343.1,-63.7357
4343.2,-63.7338
4343.3,-63.7319
4343.4,-63.7299
4343.5,-63.7280
4343.6,-63.7261
4343.7,-63.7242
4343.8,-63.7223
4343.9,-63.7204
4344.0,-63.7185
4344.1,-63.7166
4344.2,-63.7147
4344.3,-63.7128
4344.4,-63.7109
4344.5,-63.7090
4344.6,-63.7071
4344.7,-63.7052
4344.8,-63.7033
4344.9,-63.7014
4345.0,-63.6995
4345.1,-63.6976
4345.2,-63.6957
4345.3,-63.6938
4345.4,-63.6919
4345.5,-63.6900
4345.6,-63.6881
4345.7,-63.6862
4345.8,-63.6843
4345.9,-63.6824
4346.0,-63.6805
4346.1,-63.6786
4346.2,-63.6767
4346.3,-63.6748
4346.4,-63.6729
4346.5,-63.6710
4346.6,-63.6691
4346.7,-63.6673
4346.8,-63.6654
4346.9,-63.6635
4347.0,-63.6616
4347.1,-63.6597
4347.2,-63.6578
4347.3,-63.6559
4347.4,-63.6540
4347.5,-63.6522
4347.6,-63.6503
4347.7,-63.6484
4347.8,-63.6465
4347.9,-63.6446
4348.0,-63.6428
4348.1,-63.6409
4348.2,-63.6390
4348.3,-63.6371
4348.4,-63.6352
4348.5,-63.6334
4348.6,-63.6315
4348.7,-63.6296
4348.8,-63.6277
4348.9,-63.6258
4349.0,-63.6240
4349.1,-63.6221
4349.2,-63.6202
4349.3,-63.6184
4349.4,-63.6165
4349.5,-63.6146
4349.6,-63.6127
4349.7,-63.6109
4349.8,-63.6090
4349.9,-63.6071
4350.0,-63.6053
4350.1,-63.6034
4350.2,-63.6015
4350.3,-63.5997
4350.4,-63.5978
4350.5,-63.5959
4350.6,-63.5941
4350.7,-63.5922
4350.8,-63.5903
4350.9,-63.5885
4351.0,-63.5866
4351.1,-63.5847
4351.2,-63.5829
4351.3,-63.5810
4351.4,-63.5792
4351.5,-63.5773
4351.6,-63.5754
4351.7,-63.5736
4351.8,-63.5717
4351.9,-63.5699
4352.0,-63.5680
4352.1,-63.5662
4352.2,-63.5643
4352.3,-63.5624
4352.4,-63.5606
4352.5,-63.5587
4352.6,-63.5569
4352.7,-63.5550
4352.8,-63.5532
4352.9,-63.5513
4353.0,-63.5495
4353.1,-63.5476
4353.2,-63.5458
4353.3,-63.5439
4353.4,-63.5421
4353.5,-63.5402
4353.6,-63.5384
4353.7,-63.5366
4353.8,-63.5347
4353.9,-63.5329
4354.0,-63.5310
4354.1,-63.5292
4354.2,-63.5273
4354.3,-63.5255
4354.4,-63.5236
4354.5,-63.5218
4354.6,-63.5200
4354.7,-63.5181
4354.8,-63.5163
4354.9,-63.5144
4355.0,-63.5126
4355.1,-63.5108
4355.2,-63.5089
4355.3,-63.5071
4355.4,-63.5053
4355.5,-63.5034
4355.6,-63.5016
4355.7,-63.4998
4355.8,-63.4979
4355.9,-63.4961
4356.0,-63.4943
4356.1,-63.4924
4356.2,-63.4906
4356.3,-63.4888
4356.4,-63.4869
4356.5,-63.4851
4356.6,-63.4833
4356.7,-63.4815
4356.8,-63.4796
4356.9,-63.4778
4357.0,-63.4760
4357.1,-63.4742
4357.2,-63.4723
4357.3,-63.4705
4357.4,-63.4687
4357.5,-63.4669
4357.6,-63.4650
4357.7,-63.4632
4357.8,-63.4614
4357.9,-63.4596
4358.0,-63.4578
4358.1,-63.4559
4358.2,-63.4541
4358.3,-63.4523
4358.4,-63.4505
4358.5,-63.4487
4358.6,-63.4469
4358.7,-63.4450
4358.8,-63.4432
4358.9,-63.4414
4359.0,-63.4396
4359.1,-63.4378
4359.2,-63.4360
4359.3,-63.4342
4359.4,-63.4323
4359.5,-63.4305
4359.6,-63.4287
4359.7,-63.4269
4359.8,-63.4251
4359.9,-63.4233
4360.0,-63.4215
4360.1,-63.4197
4360.2,-63.4179
4360.3,-63.4161
4360.4,-63.4143
4360.5,-63.4125
4360.6,-63.4107
4360.7,-63.4089
4360.8,-63.4071
4360.9,-63.4053
4361.0,-63.4035
4361.1,-63.4017
4361.2,-63.3999
4361.3,-63.3981
4361.4,-63.3963
4361.5,-63.3945
4361.6,-63.3927
4361.7,-63.3909
4361.8,-63.3891
4361.9,-63.3873
4362.0,-63.3855
4362.1,-63.3837
4362.2,-63.3819
4362.3,-63.3801
4362.4,-63.3783
4362.5,-63.3765
4362.6,-63.3747
4362.7,-63.3729
4362.8,-63.3711
4362.9,-63.3693
4363.0,-63.3676
4363.1,-63.3658
4363.2,-63.3640
4363.3,-63.3622
4363.4,-63.3604
4363.5,-63.3586
4363.6,-63.3568
4363.7,-63.3550
4363.8,-63.3533
4363.9,-63.3515
4364.0,-63.3497
4364.1,-63.3479
4364.2,-63.3461
4364.3,-63.3443
4364.4,-63.3426
4364.5,-63.3408
4364.6,-63.3390
4364.7,-63.3372
4364.8,-63.3354
4364.9,-63.3337
4365.0,-63.3319
4365.1,-63.3301
4365.2,-63.3283
4365.3,-63.3266
4365.4,-63.3248
4365.5,-63.3230
4365.6,-63.3212
4365.7,-63.3195
4365.8,-63.3177
4365.9,-63.3159
4366.0,-63.3141
4366.1,-63.3124
4366.2,-63.3106
4366.3,-63.3088
4366.4,-63.3071
4366.5,-63.3053
4366.6,-63.3035
4366.7,-63.3018
4366.8,-63.3000
4366.9,-63.2982
4367.0,-63.2965
4367.1,-63.2947
4367.2,-63.2929
4367.3,-63.2912
4367.4,-63.2894
4367.5,-63.2876
4367.6,-63.2859
4367.7,-63.2841
4367.8,-63.2824
4367.9,-63.2806
4368.0,-63.2788
4368.1,-63.2771
4368.2,-63.2753
4368.3,-63.2736
4368.4,-63.2718
4368.5,-63.2700
4368.6,-63.2683
4368.7,-63.2665
4368.8,-63.2648
4368.9,-63.2630
4369.0,-63.2613
4369.1,-63.2595
4369.2,-63.2578
4369.3,-63.2560
4369.4,-63.2543
4369.5,-63.2525
4369.6,-63.2508
4369.7,-63.2490
4369.8,-63.2473
4369.9,-63.2455
4370.0,-63.2438
4370.1,-63.2420
4370.2,-63.2403
4370.3,-63.2385
4370.4,-63.2368
4370.5,-63.2350
4370.6,-63.2333
4370.7,-63.2315
4370.8,-63.2298
4370.9,-63.2281
4371.0,-63.2263
4371.1,-63.2246
4371.2,-63.2228
4371.3,-63.2211
4371.4,-63.2193
4371.5,-63.2176
4371.6,-63.2159
4371.7,-63.2141
4371.8,-63.2124
4371.9,-63.2107
4372.0,-63.2089
4372.1,-63.2072
4372.2,-63.2054
4372.3,-63.2037
4372.4,-63.2020
4372.5,-63.2002
4372.6,-63.1985
4372.7,-63.1968
4372.8,-63.1950
4372.9,-63.1933
4373.0,-63.1916
4373.1,-63.1899
4373.2,-63.1881
4373.3,-63.1864
4373.4,-63.1847
4373.5,-63.1829
4373.6,-63.1812
4373.7,-63.1795
4373.8,-63.1778
4373.9,-63.1760
4374.0,-63.1743
4374.1,-63.1726
4374.2,-63.1709
4374.3,-63.1691
4374.4,-63.1674
4374.5,-63.1657
4374.6,-63.1640
4374.7,-63.1622
4374.8,-63.1605
4374.9,-63.1588
4375.0,-63.1571
4375.1,-63.1554
4375.2,-63.1536
4375.3,-63.1519
4375.4,-63.1502
4375.5,-63.1485
4375.6,-63.1468
4375.7,-63.1451
4375.8,-63.1434
4375.9,-63.1416
4376.0,-63.1399
4376.1,-63.1382
4376.2,-63.1365
4376.3,-63.1348
4376.4,-63.1331
4376.5,-63.1314
4376.6,-63.1297
4376.7,-63.1279
4376.8,-63.1262
4376.9,-63.1245
4377.0,-63.1228
4377.1,-63.1211
4377.2,-63.1194
4377.3,-63.1177
4377.4,-63.1160
4377.5,-63.1143
4377.6,-63.1126
4377.7,-63.1109
4377.8,-63.1092
4377.9,-63.1075
4378.0,-63.1058
4378.1,-63.1041
4378.2,-63.1024
4378.3,-63.1007
4378.4,-63.0990
4378.5,-63.0973
4378.6,-63.0956
4378.7,-63.0939
4378.8,-63.0922
4378.9,-63.0905
4379.0,-63.0888
4379.1,-63.0871
4379.2,-63.0854
4379.3,-63.0837
4379.4,-63.0820
4379.5,-63.0803
4379.6,-63.0786
4379.7,-63.0769
4379.8,-63.0752
4379.9,-63.0735
4380.0,-63.0718
4380.1,-63.0702
4380.2,-63.0685
4380.3,-63.0668
4380.4,-63.0651
4380.5,-63.0634
4380.6,-63.0617
4380.7,-63.0600
4380.8,-63.0583
4380.9,-63.0567
4381.0,-63.0550
4381.1,-63.0533
4381.2,-63.0516
4381.3,-63.0499
4381.4,-63.0482
4381.5,-63.0466
4381.6,-63.0449
4381.7,-63.0432
4381.8,-63.0415
4381.9,-63.0398
4382.0,-63.0381
4382.1,-63.0365
4382.2,-63.0348
4382.3,-63.0331
4382.4,-63.0314
4382.5,-63.0298
4382.6,-63.0281
4382.7,-63.0264
4382.8,-63.0247
4382.9,-63.0231
4383.0,-63.0214
4383.1,-63.0197
4383.2,-63.0180
4383.3,-63.0164
4383.4,-63.0147
4383.5,-63.0130
4383.6,-63.0113
4383.7,-63.0097
4383.8,-63.0080
4383.9,-63.0063
4384.0,-63.0047
4384.1,-63.0030
4384.2,-63.0013
4384.3,-62.9997
4384.4,-62.9980
4384.5,-62.9963
4384.6,-62.9947
4384.7,-62.9930
4384.8,-62.9913
4384.9,-62.9897
4385.0,-62.9880
4385.1,-62.9864
4385.2,-62.9847
4385.3,-62.9830
4385.4,-62.9814
4385.5,-62.9797
4385.6,-62.9781
4385.7,-62.9764
4385.8,-62.9747
4385.9,-62.9731
4386.0,-62.9714
4386.1,-62.9698
4386.2,-62.9681
4386.3,-62.9664
4386.4,-62.9648
4386.5,-62.9631
4386.6,-62.9615
4386.7,-62.9598
4386.8,-62.9582
4386.9,-62.9565
4387.0,-62.9549
4387.1,-62.9532
4387.2,-62.9516
4387.3,-62.9499
4387.4,-62.9483
4387.5,-62.9466
4387.6,-62.9450
4387.7,-62.9433
4387.8,-62.9417
4387.9,-62.9400
4388.0,-62.9384
4388.1,-62.9367
4388.2,-62.9351
4388.3,-62.9334
4388.4,-62.9318
4388.5,-62.9302
4388.6,-62.9285
4388.7,-62.9269
4388.8,-62.9252
4388.9,-62.9236
4389.0,-62.9220
4389.1,-62.9203
4389.2,-62.9187
4389.3,-62.9170
4389.4,-62.9154
4389.5,-62.9138
4389.6,-62.9121
4389.7,-62.9105
4389.8,-62.9088
4389.9,-62.9072
4390.0,-62.9056
4390.1,-62.9039
4390.2,-62.9023
4390.3,-62.9007
4390.4,-62.8990
4390.5,-62.8974
4390.6,-62.8958
4390.7,-62.8941
4390.8,-62.8925
4390.9,-62.8909
4391.0,-62.8892
4391.1,-62.8876
4391.2,-62.8860
4391.3,-62.8844
4391.4,-62.8827
4391.5,-62.8811
4391.6,-62.8795
4391.7,-62.8779
4391.8,-62.8762
4391.9,-62.8746
4392.0,-62.8730
4392.1,-62.8714
4392.2,-62.8697
4392.3,-62.8681
4392.4,-62.8665
4392.5,-62.8649
4392.6,-62.8632
4392.7,-62.8616
4392.8,-62.8600
4392.9,-62.8584
4393.0,-62.8568
4393.1,-62.8551
4393.2,-62.8535
4393.3,-62.8519
4393.4,-62.8503
4393.5,-62.8487
4393.6,-62.8471
4393.7,-62.8454
4393.8,-62.8438
4393.9,-62.8422
4394.0,-62.8406
4394.1,-62.8390
4394.2,-62.8374
4394.3,-62.8358
4394.4,-62.8341
4394.5,-62.8325
4394.6,-62.8309
4394.7,-62.8293
4394.8,-62.8277
4394.9,-62.8261
4395.0,-62.8245
4395.1,-62.8229
4395.2,-62.8213
4395.3,-62.8197
4395.4,-62.8181
4395.5,-62.8165
4395.6,-62.8149
4395.7,-62.8132
4395.8,-62.8116
4395.9,-62.8100
4396.0,-62.8084
4396.1,-62.8068
4396.2,-62.8052
4396.3,-62.8036
4396.4,-62.8020
4396.5,-62.8004
4396.6,-62.7988
4396.7,-62.7972
4396.8,-62.7956
4396.9,-62.7940
4397.0,-62.7924
4397.1,-62.7908
4397.2,-62.7892
4397.3,-62.7876
4397.4,-62.7860
4397.5,-62.7845
4397.6,-62.7829
4397.7,-62.7813
4397.8,-62.7797
4397.9,-62.7781
4398.0,-62.7765
4398.1,-62.7749
4398.2,-62.7733
4398.3,-62.7717
4398.4,-62.7701
4398.5,-62.7685
4398.6,-62.7669
4398.7,-62.7654
4398.8,-62.7638
4398.9,-62.7622
4399.0,-62.7606
4399.1,-62.7590
4399.2,-62.7574
4399.3,-62.7558
4399.4,-62.7542
4399.5,-62.7527
4399.6,-62.7511
4399.7,-62.7495
4399.8,-62.7479
4399.9,-62.7463
4400.0,-62.7447
4400.1,-62.7432
4400.2,-62.7416
4400.3,-62.7400
4400.4,-62.7384
4400.5,-62.7368
4400.6,-62.7353
4400.7,-62.7337
4400.8,-62.7321
4400.9,-62.7305
4401.0,-62.7290
4401.1,-62.7274
4401.2,-62.7258
4401.3,-62.7242
4401.4,-62.7227
4401.5,-62.7211
4401.6,-62.7195
4401.7,-62.7179
4401.8,-62.7164
4401.9,-62.7148
4402.0,-62.7132
4402.1,-62.7117
4402.2,-62.7101
4402.3,-62.7085
4402.4,-62.7069
4402.5,-62.7054
4402.6,-62.7038
4402.7,-62.7022
4402.8,-62.7007
4402.9,-62.6991
4403.0,-62.6975
4403.1,-62.6960
4403.2,-62.6944
4403.3,-62.6928
4403.4,-62.6913
4403.5,-62.6897
4403.6,-62.6882
4403.7,-62.6866
4403.8,-62.6850
4403.9,-62.6835
4404.0,-62.6819
4404.1,-62.6803
4404.2,-62.6788
4404.3,-62.6772
4404.4,-62.6757
4404.5,-62.6741
4404.6,-62.6726
4404.7,-62.6710
4404.8,-62.6694
4404.9,-62.6679
4405.0,-62.6663
4405.1,-62.6648
4405.2,-62.6632
4405.3,-62.6617
4405.4,-62.6601
4405.5,-62.6586
4405.6,-62.6570
4405.7,-62.6554
4405.8,-62.6539
4405.9,-62.6523
4406.0,-62.6508
4406.1,-62.6492
4406.2,-62.6477
4406.3,-62.6461
4406.4,-62.6446
4406.5,-62.6431
4406.6,-62.6415
4406.7,-62.6400
4406.8,-62.6384
4406.9,-62.6369
4407.0,-62.6353
4407.1,-62.6338
4407.2,-62.6322
4407.3,-62.6307
4407.4,-62.6291
4407.5,-62.6276
4407.6,-62.6261
4407.7,-62.6245
4407.8,-62.6230
4407.9,-62.6214
4408.0,-62.6199
4408.1,-62.6184
4408.2,-62.6168
4408.3,-62.6153
4408.4,-62.6137
4408.5,-62.6122
4408.6,-62.6107
4408.7,-62.6091
4408.8,-62.6076
4408.9,-62.6061
4409.0,-62.6045
4409.1,-62.6030
4409.2,-62.6015
4409.3,-62.5999
4409.4,-62.5984
4409.5,-62.5969
4409.6,-62.5953
4409.7,-62.5938
4409.8,-62.5923
4409.9,-62.5907
4410.0,-62.5892
4410.1,-62.5877
4410.2,-62.5861
4410.3,-62.5846
4410.4,-62.5831
4410.5,-62.5816
4410.6,-62.5800
4410.7,-62.5785
4410.8,-62.5770
4410.9,-62.5755
4411.0,-62.5739
4411.1,-62.5724
4411.2,-62.5709
4411.3,-62.5694
4411.4,-62.5678
4411.5,-62.5663
4411.6,-62.5648
4411.7,-62.5633
4411.8,-62.5617
4411.9,-62.5602
4412.0,-62.5587
4412.1,-62.5572
4412.2,-62.5557
4412.3,-62.5541
4412.4,-62.5526
4412.5,-62.5511
4412.6,-62.5496
4412.7,-62.5481
4412.8,-62.5466
4412.9,-62.5450
4413.0,-62.5435
4413.1,-62.5420
4413.2,-62.5405
4413.3,-62.5390
4413.4,-62.5375
4413.5,-62.5360
4413.6,-62.5345
4413.7,-62.5329
4413.8,-62.5314
4413.9,-62.5299
4414.0,-62.5284
4414.1,-62.5269
4414.2,-62.5254
4414.3,-62.5239
4414.4,-62.5224
4414.5,-62.5209
4414.6,-62.5194
4414.7,-62.5179
4414.8,-62.5164
4414.9,-62.5148
4415.0,-62.5133
4415.1,-62.5118
4415.2,-62.5103
4415.3,-62.5088
4415.4,-62.5073
4415.5,-62.5058
4415.6,-62.5043
4415.7,-62.5028
4415.8,-62.5013
4415.9,-62.4998
4416.0,-62.4983
4416.1,-62.4968
4416.2,-62.4953
4416.3,-62.4938
4416.4,-62.4923
4416.5,-62.4908
4416.6,-62.4893
4416.7,-62.4878
4416.8,-62.4863
4416.9,-62.4849
4417.0,-62.4834
4417.1,-62.4819
4417.2,-62.4804
4417.3,-62.4789
4417.4,-62.4774
4417.5,-62.4759
4417.6,-62.4744
4417.7,-62.4729
4417.8,-62.4714
4417.9,-62.4699
4418.0,-62.4684
4418.1,-62.4669
4418.2,-62.4655
4418.3,-62.4640
4418.4,-62.4625
4418.5,-62.4610
4418.6,-62.4595
4418.7,-62.4580
4418.8,-62.4565
4418.9,-62.4551
4419.0,-62.4536
4419.1,-62.4521
4419.2,-62.4506
4419.3,-62.4491
4419.4,-62.4476
4419.5,-62.4461
4419.6,-62.4447
4419.7,-62.4432
4419.8,-62.4417
4419.9,-62.4402
4420.0,-62.4387
4420.1,-62.4373
4420.2,-62.4358
4420.3,-62.4343
4420.4,-62.4328
4420.5,-62.4314
4420.6,-62.4299
4420.7,-62.4284
4420.8,-62.4269
4420.9,-62.4254
4421.0,-62.4240
4421.1,-62.4225
4421.2,-62.4210
4421.3,-62.4196
4421.4,-62.4181
4421.5,-62.4166
4421.6,-62.4151
4421.7,-62.4137
4421.8,-62.4122
4421.9,-62.4107
4422.0,-62.4093
4422.1,-62.4078
4422.2,-62.4063
4422.3,-62.4048
4422.4,-62.4034
4422.5,-62.4019
4422.6,-62.4004
4422.7,-62.3990
4422.8,-62.3975
4422.9,-62.3960
4423.0,-62.3946
4423.1,-62.3931
4423.2,-62.3917
4423.3,-62.3902
4423.4,-62.3887
4423.5,-62.3873
4423.6,-62.3858
4423.7,-62.3843
4423.8,-62.3829
4423.9,-62.3814
4424.0,-62.3800
4424.1,-62.3785
4424.2,-62.3770
4424.3,-62.3756
4424.4,-62.3741
4424.5,-62.3727
4424.6,-62.3712
4424.7,-62.3697
4424.8,-62.3683
4424.9,-62.3668
4425.0,-62.3654
4425.1,-62.3639
4425.2,-62.3625
4425.3,-62.3610
4425.4,-62.3596
4425.5,-62.3581
4425.6,-62.3567
4425.7,-62.3552
4425.8,-62.3538
4425.9,-62.3523
4426.0,-62.3509
4426.1,-62.3494
4426.2,-62.3480
4426.3,-62.3465
4426.4,-62.3451
4426.5,-62.3436
4426.6,-62.3422
4426.7,-62.3407
4426.8,-62.3393
4426.9,-62.3378
4427.0,-62.3364
4427.1,-62.3349
4427.2,-62.3335
4427.3,-62.3320
4427.4,-62.3306
4427.5,-62.3292
4427.6,-62.3277
4427.7,-62.3263
4427.8,-62.3248
4427.9,-62.3234
4428.0,-62.3219
4428.1,-62.3205
4428.2,-62.3191
4428.3,-62.3176
4428.4,-62.3162
4428.5,-62.3147
4428.6,-62.3133
4428.7,-62.3119
4428.8,-62.3104
4428.9,-62.3090
4429.0,-62.3076
4429.1,-62.3061
4429.2,-62.3047
4429.3,-62.3033
4429.4,-62.3018
4429.5,-62.3004
4429.6,-62.2990
4429.7,-62.2975
4429.8,-62.2961
4429.9,-62.2947
4430.0,-62.2932
4430.1,-62.2918
4430.2,-62.2904
4430.3,-62.2889
4430.4,-62.2875
4430.5,-62.2861
4430.6,-62.2846
4430.7,-62.2832
4430.8,-62.2818
4430.9,-62.2804
4431.0,-62.2789
4431.1,-62.2775
4431.2,-62.2761
4431.3,-62.2747
4431.4,-62.2732
4431.5,-62.2718
4431.6,-62.2704
4431.7,-62.2690
4431.8,-62.2675
4431.9,-62.2661
4432.0,-62.2647
4432.1,-62.2633
4432.2,-62.2619
4432.3,-62.2604
4432.4,-62.2590
4432.5,-62.2576
4432.6,-62.2562
4432.7,-62.2548
4432.8,-62.2533
4432.9,-62.2519
4433.0,-62.2505
4433.1,-62.2491
4433.2,-62.2477
4433.3,-62.2463
4433.4,-62.2448
4433.5,-62.2434
4433.6,-62.2420
4433.7,-62.2406
4433.8,-62.2392
4433.9,-62.2378
4434.0,-62.2364
4434.1,-62.2350
4434.2,-62.2335
4434.3,-62.2321
4434.4,-62.2307
4434.5,-62.2293
4434.6,-62.2279
4434.7,-62.2265
4434.8,-62.2251
4434.9,-62.2237
4435.0,-62.2223
4435.1,-62.2209
4435.2,-62.2195
4435.3,-62.2180
4435.4,-62.2166
4435.5,-62.2152
4435.6,-62.2138
4435.7,-62.2124
4435.8,-62.2110
4435.9,-62.2096
4436.0,-62.2082
4436.1,-62.2068
4436.2,-62.2054
4436.3,-62.2040
4436.4,-62.2026
4436.5,-62.2012
4436.6,-62.1998
4436.7,-62.1984
4436.8,-62.1970
4436.9,-62.1956
4437.0,-62.1942
4437.1,-62.1928
4437.2,-62.1914
4437.3,-62.1900
4437.4,-62.1886
4437.5,-62.1872
4437.6,-62.1858
4437.7,-62.1844
4437.8,-62.1830
4437.9,-62.1816
4438.0,-62.1803
4438.1,-62.1789
4438.2,-62.1775
4438.3,-62.1761
4438.4,-62.1747
4438.5,-62.1733
4438.6,-62.1719
4438.7,-62.1705
4438.8,-62.1691
4438.9,-62.1677
4439.0,-62.1663
4439.1,-62.1650
4439.2,-62.1636
4439.3,-62.1622
4439.4,-62.1608
4439.5,-62.1594
4439.6,-62.1580
4439.7,-62.1566
4439.8,-62.1552
4439.9,-62.1539
4440.0,-62.1525
4440.1,-62.1511
4440.2,-62.1497
4440.3,-62.1483
4440.4,-62.1469
4440.5,-62.1456
4440.6,-62.1442
4440.7,-62.1428
4440.8,-62.1414
4440.9,-62.1400
4441.0,-62.1387
4441.1,-62.1373
4441.2,-62.1359
4441.3,-62.1345
4441.4,-62.1331
4441.5,-62.1318
4441.6,-62.1304
4441.7,-62.1290
4441.8,-62.1276
4441.9,-62.1263
4442.0,-62.1249
4442.1,-62.1235
4442.2,-62.1221
4442.3,-62.1208
4442.4,-62.1194
4442.5,-62.1180
4442.6,-62.1166
4442.7,-62.1153
4442.8,-62.1139
4442.9,-62.1125
4443.0,-62.1112
4443.1,-62.1098
4443.2,-62.1084
4443.3,-62.1071
4443.4,-62.1057
4443.5,-62.1043
4443.6,-62.1029
4443.7,-62.1016
4443.8,-62.1002
4443.9,-62.0988
4444.0,-62.0975
4444.1,-62.0961
4444.2,-62.0947
4444.3,-62.0934
4444.4,-62.0920
4444.5,-62.0907
4444.6,-62.0893
4444.7,-62.0879
4444.8,-62.0866
4444.9,-62.0852
4445.0,-62.0838
4445.1,-62.0825
4445.2,-62.0811
4445.3,-62.0798
4445.4,-62.0784
4445.5,-62.0770
4445.6,-62.0757
4445.7,-62.0743
4445.8,-62.0730
4445.9,-62.0716
4446.0,-62.0703
4446.1,-62.0689
4446.2,-62.0675
4446.3,-62.0662
4446.4,-62.0648
4446.5,-62.0635
4446.6,-62.0621
4446.7,-62.0608
4446.8,-62.0594
4446.9,-62.0581
4447.0,-62.0567
4447.1,-62.0554
4447.2,-62.0540
4447.3,-62.0527
4447.4,-62.0513
4447.5,-62.0500
4447.6,-62.0486
4447.7,-62.0473
4447.8,-62.0459
4447.9,-62.0446
4448.0,-62.0432
4448.1,-62.0419
4448.2,-62.0405
4448.3,-62.0392
4448.4,-62.0378
4448.5,-62.0365
4448.6,-62.0351
4448.7,-62.0338
4448.8,-62.0324
4448.9,-62.0311
4449.0,-62.0298
4449.1,-62.0284
4449.2,-62.0271
4449.3,-62.0257
4449.4,-62.0244
4449.5,-62.0230
4449.6,-62.0217
4449.7,-62.0204
4449.8,-62.0190
4449.9,-62.0177
4450.0,-62.0163
4450.1,-62.0150
4450.2,-62.0137
4450.3,-62.0123
4450.4,-62.0110
4450.5,-62.0097
4450.6,-62.0083
4450.7,-62.0070
4450.8,-62.0056
4450.9,-62.0043
4451.0,-62.0030
4451.1,-62.0016
4451.2,-62.0003
4451.3,-61.9990
4451.4,-61.9976
4451.5,-61.9963
4451.6,-61.9950
4451.7,-61.9936
4451.8,-61.9923
4451.9,-61.9910
4452.0,-61.9897
4452.1,-61.9883
4452.2,-61.9870
4452.3,-61.9857
4452.4,-61.9843
4452.5,-61.9830
4452.6,-61.9817
4452.7,-61.9804
4452.8,-61.9790
4452.9,-61.9777
4453.0,-61.9764
4453.1,-61.9751
4453.2,-61.9737
4453.3,-61.9724
4453.4,-61.9711
4453.5,-61.9698
4453.6,-61.9684
4453.7,-61.9671
4453.8,-61.9658
4453.9,-61.9645
4454.0,-61.9631
4454.1,-61.9618
4454.2,-61.9605
4454.3,-61.9592
4454.4,-61.9579
4454.5,-61.9565
4454.6,-61.9552
4454.7,-61.9539
4454.8,-61.9526
4454.9,-61.9513
4455.0,-61.9500
4455.1,-61.9486
4455.2,-61.9473
4455.3,-61.9460
4455.4,-61.9447
4455.5,-61.9434
4455.6,-61.9421
4455.7,-61.9408
4455.8,-61.9394
4455.9,-61.9381
4456.0,-61.9368
4456.1,-61.9355
4456.2,-61.9342
4456.3,-61.9329
4456.4,-61.9316
4456.5,-61.9303
4456.6,-61.9289
4456.7,-61.9276
4456.8,-61.9263
4456.9,-61.9250
4457.0,-61.9237
4457.1,-61.9224
4457.2,-61.9211
4457.3,-61.9198
4457.4,-61.9185
4457.5,-61.9172
4457.6,-61.9159
4457.7,-61.9146
4457.8,-61.9133
4457.9,-61.9120
4458.0,-61.9107
4458.1,-61.9094
4458.2,-61.9080
4458.3,-61.9067
4458.4,-61.9054
4458.5,-61.9041
4458.6,-61.9028
4458.7,-61.9015
4458.8,-61.9002
4458.9,-61.8989
4459.0,-61.8976
4459.1,-61.8963
4459.2,-61.8950
4459.3,-61.8937
4459.4,-61.8924
4459.5,-61.8912
4459.6,-61.8899
4459.7,-61.8886
4459.8,-61.8873
4459.9,-61.8860
4460.0,-61.8847
4460.1,-61.8834
4460.2,-61.8821
4460.3,-61.8808
4460.4,-61.8795
4460.5,-61.8782
4460.6,-61.8769
4460.7,-61.8756
4460.8,-61.8743
4460.9,-61.8730
4461.0,-61.8717
4461.1,-61.8705
4461.2,-61.8692
4461.3,-61.8679
4461.4,-61.8666
4461.5,-61.8653
4461.6,-61.8640
4461.7,-61.8627
4461.8,-61.8614
4461.9,-61.8601
4462.0,-61.8589
4462.1,-61.8576
4462.2,-61.8563
4462.3,-61.8550
4462.4,-61.8537
4462.5,-61.8524
4462.6,-61.8511
4462.7,-61.8499
4462.8,-61.8486
4462.9,-61.8473
4463.0,-61.8460
4463.1,-61.8447
4463.2,-61.8435
4463.3,-61.8422
4463.4,-61.8409
4463.5,-61.8396
4463.6,-61.8383
4463.7,-61.8371
4463.8,-61.8358
4463.9,-61.8345
4464.0,-61.8332
4464.1,-61.8319
4464.2,-61.8307
4464.3,-61.8294
4464.4,-61.8281
4464.5,-61.8268
4464.6,-61.8256
4464.7,-61.8243
4464.8,-61.8230
4464.9,-61.8217
4465.0,-61.8205
4465.1,-61.8192
4465.2,-61.8179
4465.3,-61.8166
4465.4,-61.8154
4465.5,-61.8141
4465.6,-61.8128
4465.7,-61.8116
4465.8,-61.8103
4465.9,-61.8090
4466.0,-61.8077
4466.1,-61.8065
4466.2,-61.8052
4466.3,-61.8039
4466.4,-61.8027
4466.5,-61.8014
4466.6,-61.8001
4466.7,-61.7989
4466.8,-61.7976
4466.9,-61.7963
4467.0,-61.7951
4467.1,-61.7938
4467.2,-61.7925
4467.3,-61.7913
4467.4,-61.7900
4467.5,-61.7888
4467.6,-61.7875
4467.7,-61.7862
4467.8,-61.7850
4467.9,-61.7837
4468.0,-61.7824
4468.1,-61.7812
4468.2,-61.7799
4468.3,-61.7787
4468.4,-61.7774
4468.5,-61.7762
4468.6,-61.7749
4468.7,-61.7736
4468.8,-61.7724
4468.9,-61.7711
4469.0,-61.7699
4469.1,-61.7686
4469.2,-61.7673
4469.3,-61.7661
4469.4,-61.7648
4469.5,-61.7636
4469.6,-61.7623
4469.7,-61.7611
4469.8,-61.7598
4469.9,-61.7586
4470.0,-61.7573
4470.1,-61.7561
4470.2,-61.7548
4470.3,-61.7536
4470.4,-61.7523
4470.5,-61.7511
4470.6,-61.7498
4470.7,-61.7486
4470.8,-61.7473
4470.9,-61.7461
4471.0,-61.7448
4471.1,-61.7436
4471.2,-61.7423
4471.3,-61.7411
4471.4,-61.7398
4471.5,-61.7386
4471.6,-61.7373
4471.7,-61.7361
4471.8,-61.7348
4471.9,-61.7336
4472.0,-61.7324
4472.1,-61.7311
4472.2,-61.7299
4472.3,-61.7286
4472.4,-61.7274
4472.5,-61.7261
4472.6,-61.7249
4472.7,-61.7237
4472.8,-61.7224
4472.9,-61.7212
4473.0,-61.7199
4473.1,-61.7187
4473.2,-61.7175
4473.3,-61.7162
4473.4,-61.7150
4473.5,-61.7137
4473.6,-61.7125
4473.7,-61.7113
4473.8,-61.7100
4473.9,-61.7088
4474.0,-61.7076
4474.1,-61.7063
4474.2,-61.7051
4474.3,-61.7038
4474.4,-61.7026
4474.5,-61.7014
4474.6,-61.7001
4474.7,-61.6989
4474.8,-61.6977
4474.9,-61.6964
4475.0,-61.6952
4475.1,-61.6940
4475.2,-61.6928
4475.3,-61.6915
4475.4,-61.6903
4475.5,-61.6891
4475.6,-61.6878
4475.7,-61.6866
4475.8,-61.6854
4475.9,-61.6841
4476.0,-61.6829
4476.1,-61.6817
4476.2,-61.6805
4476.3,-61.6792
4476.4,-61.6780
4476.5,-61.6768
4476.6,-61.6756
4476.7,-61.6743
4476.8,-61.6731
4476.9,-61.6719
4477.0,-61.6707
4477.1,-61.6694
4477.2,-61.6682
4477.3,-61.6670
4477.4,-61.6658
4477.5,-61.6645
4477.6,-61.6633
4477.7,-61.6621
4477.8,-61.6609
4477.9,-61.6597
4478.0,-61.6584
4478.1,-61.6572
4478.2,-61.6560
4478.3,-61.6548
4478.4,-61.6536
4478.5,-61.6524
4478.6,-61.6511
4478.7,-61.6499
4478.8,-61.6487
4478.9,-61.6475
4479.0,-61.6463
4479.1,-61.6451
4479.2,-61.6438
4479.3,-61.6426
4479.4,-61.6414
4479.5,-61.6402
4479.6,-61.6390
4479.7,-61.6378
4479.8,-61.6366
4479.9,-61.6353
4480.0,-61.6341
4480.1,-61.6329
4480.2,-61.6317
4480.3,-61.6305
4480.4,-61.6293
4480.5,-61.6281
4480.6,-61.6269
4480.7,-61.6257
4480.8,-61.6245
4480.9,-61.6233
4481.0,-61.6220
4481.1,-61.6208
4481.2,-61.6196
4481.3,-61.6184
4481.4,-61.6172
4481.5,-61.6160
4481.6,-61.6148
4481.7,-61.6136
4481.8,-61.6124
4481.9,-61.6112
4482.0,-61.6100
4482.1,-61.6088
4482.2,-61.6076
4482.3,-61.6064
4482.4,-61.6052
4482.5,-61.6040
4482.6,-61.6028
4482.7,-61.6016
4482.8,-61.6004
4482.9,-61.5992
4483.0,-61.5980
4483.1,-61.5968
4483.2,-61.5956
4483.3,-61.5944
4483.4,-61.5932
4483.5,-61.5920
4483.6,-61.5908
4483.7,-61.5896
4483.8,-61.5884
4483.9,-61.5872
4484.0,-61.5860
4484.1,-61.5848
4484.2,-61.5836
4484.3,-61.5824
4484.4,-61.5812
4484.5,-61.5800
4484.6,-61.5788
4484.7,-61.5776
4484.8,-61.5765
4484.9,-61.5753
4485.0,-61.5741
4485.1,-61.5729
4485.2,-61.5717
4485.3,-61.5705
4485.4,-61.5693
4485.5,-61.5681
4485.6,-61.5669
4485.7,-61.5657
4485.8,-61.5646
4485.9,-61.5634
4486.0,-61.5622
4486.1,-61.5610
4486.2,-61.5598
4486.3,-61.5586
4486.4,-61.5574
4486.5,-61.5562
4486.6,-61.5551
4486.7,-61.5539
4486.8,-61.5527
4486.9,-61.5515
4487.0,-61.5503
4487.1,-61.5491
4487.2,-61.5480
4487.3,-61.5468
4487.4,-61.5456
4487.5,-61.5444
4487.6,-61.5432
4487.7,-61.5420
4487.8,-61.5409
4487.9,-61.5397
4488.0,-61.5385
4488.1,-61.5373
4488.2,-61.5361
4488.3,-61.5350
4488.4,-61.5338
4488.5,-61.5326
4488.6,-61.5314
4488.7,-61.5303
4488.8,-61.5291
4488.9,-61.5279
4489.0,-61.5267
4489.1,-61.5256
4489.2,-61.5244
4489.3,-61.5232
4489.4,-61.5220
4489.5,-61.5209
4489.6,-61.5197
4489.7,-61.5185
4489.8,-61.5173
4489.9,-61.5162
4490.0,-61.5150
4490.1,-61.5138
4490.2,-61.5127
4490.3,-61.5115
4490.4,-61.5103
4490.5,-61.5091
4490.6,-61.5080
4490.7,-61.5068
4490.8,-61.5056
4490.9,-61.5045
4491.0,-61.5033
4491.1,-61.5021
4491.2,-61.5010
4491.3,-61.4998
4491.4,-61.4986
4491.5,-61.4975
4491.6,-61.4963
4491.7,-61.4951
4491.8,-61.4940
4491.9,-61.4928
4492.0,-61.4916
4492.1,-61.4905
4492.2,-61.4893
4492.3,-61.4882
4492.4,-61.4870
4492.5,-61.4858
4492.6,-61.4847
4492.7,-61.4835
4492.8,-61.4823
4492.9,-61.4812
4493.0,-61.4800
4493.1,-61.4789
4493.2,-61.4777
4493.3,-61.4765
4493.4,-61.4754
4493.5,-61.4742
4493.6,-61.4731
4493.7,-61.4719
4493.8,-61.4708
4493.9,-61.4696
4494.0,-61.4684
4494.1,-61.4673
4494.2,-61.4661
4494.3,-61.4650
4494.4,-61.4638
4494.5,-61.4627
4494.6,-61.4615
4494.7,-61.4604
4494.8,-61.4592
4494.9,-61.4581
4495.0,-61.4569
4495.1,-61.4557
4495.2,-61.4546
4495.3,-61.4534
4495.4,-61.4523
4495.5,-61.4511
4495.6,-61.4500
4495.7,-61.4488
4495.8,-61.4477
4495.9,-61.4465
4496.0,-61.4454
4496.1,-61.4442
4496.2,-61.4431
4496.3,-61.4420
4496.4,-61.4408
4496.5,-61.4397
4496.6,-61.4385
4496.7,-61.4374
4496.8,-61.4362
4496.9,-61.4351
4497.0,-61.4339
4497.1,-61.4328
4497.2,-61.4316
4497.3,-61.4305
4497.4,-61.4294
4497.5,-61.4282
4497.6,-61.4271
4497.7,-61.4259
4497.8,-61.4248
4497.9,-61.4236
4498.0,-61.4225
4498.1,-61.4214
4498.2,-61.4202
4498.3,-61.4191
4498.4,-61.4179
4498.5,-61.4168
4498.6,-61.4157
4498.7,-61.4145
4498.8,-61.4134
4498.9,-61.4122
4499.0,-61.4111
4499.1,-61.4100
4499.2,-61.4088
4499.3,-61.4077
4499.4,-61.4066
4499.5,-61.4054
4499.6,-61.4043
4499.7,-61.4032
4499.8,-61.4020
4499.9,-61.4009
4500.0,-61.3998
4500.1,-61.3986
4500.2,-61.3975
4500.3,-61.3964
4500.4,-61.3952
4500.5,-61.3941
4500.6,-61.3930
4500.7,-61.3918
4500.8,-61.3907
4500.9,-61.3896
4501.0,-61.3884
4501.1,-61.3873
4501.2,-61.3862
4501.3,-61.3851
4501.4,-61.3839
4501.5,-61.3828
4501.6,-61.3817
4501.7,-61.3806
4501.8,-61.3794
4501.9,-61.3783
4502.0,-61.3772
4502.1,-61.3760
4502.2,-61.3749
4502.3,-61.3738
4502.4,-61.3727
4502.5,-61.3715
4502.6,-61.3704
4502.7,-61.3693
4502.8,-61.3682
4502.9,-61.3671
4503.0,-61.3659
4503.1,-61.3648
4503.2,-61.3637
4503.3,-61.3626
4503.4,-61.3614
4503.5,-61.3603
4503.6,-61.3592
4503.7,-61.3581
4503.8,-61.3570
4503.9,-61.3558
4504.0,-61.3547
4504.1,-61.3536
4504.2,-61.3525
4504.3,-61.3514
4504.4,-61.3503
4504.5,-61.3491
4504.6,-61.3480
4504.7,-61.3469
4504.8,-61.3458
4504.9,-61.3447
4505.0,-61.3436
4505.1,-61.3425
4505.2,-61.3413
4505.3,-61.3402
4505.4,-61.3391
4505.5,-61.3380
4505.6,-61.3369
4505.7,-61.3358
4505.8,-61.3347
4505.9,-61.3336
4506.0,-61.3324
4506.1,-61.3313
4506.2,-61.3302
4506.3,-61.3291
4506.4,-61.3280
4506.5,-61.3269
4506.6,-61.3258
4506.7,-61.3247
4506.8,-61.3236
4506.9,-61.3225
4507.0,-61.3214
4507.1,-61.3202
4507.2,-61.3191
4507.3,-61.3180
4507.4,-61.3169
4507.5,-61.3158
4507.6,-61.3147
4507.7,-61.3136
4507.8,-61.3125
4507.9,-61.3114
4508.0,-61.3103
4508.1,-61.3092
4508.2,-61.3081
4508.3,-61.3070
4508.4,-61.3059
4508.5,-61.3048
4508.6,-61.3037
4508.7,-61.3026
4508.8,-61.3015
4508.9,-61.3004
4509.0,-61.2993
4509.1,-61.2982
4509.2,-61.2971
4509.3,-61.2960
4509.4,-61.2949
4509.5,-61.2938
4509.6,-61.2927
4509.7,-61.2916
4509.8,-61.2905
4509.9,-61.2894
4510.0,-61.2883
4510.1,-61.2872
4510.2,-61.2861
4510.3,-61.2850
4510.4,-61.2839
4510.5,-61.2828
4510.6,-61.2817
4510.7,-61.2806
4510.8,-61.2795
4510.9,-61.2785
4511.0,-61.2774
4511.1,-61.2763
4511.2,-61.2752
4511.3,-61.2741
4511.4,-61.2730
4511.5,-61.2719
4511.6,-61.2708
4511.7,-61.2697
4511.8,-61.2686
4511.9,-61.2675
4512.0,-61.2665
4512.1,-61.2654
4512.2,-61.2643
4512.3,-61.2632
4512.4,-61.2621
4512.5,-61.2610
4512.6,-61.2599
4512.7,-61.2588
4512.8,-61.2578
4512.9,-61.2567
4513.0,-61.2556
4513.1,-61.2545
4513.2,-61.2534
4513.3,-61.2523
4513.4,-61.2512
4513.5,-61.2502
4513.6,-61.2491
4513.7,-61.2480
4513.8,-61.2469
4513.9,-61.2458
4514.0,-61.2448
4514.1,-61.2437
4514.2,-61.2426
4514.3,-61.2415
4514.4,-61.2404
4514.5,-61.2393
4514.6,-61.2383
4514.7,-61.2372
4514.8,-61.2361
4514.9,-61.2350
4515.0,-61.2340
4515.1,-61.2329
4515.2,-61.2318
4515.3,-61.2307
4515.4,-61.2296
4515.5,-61.2286
4515.6,-61.2275
4515.7,-61.2264
4515.8,-61.2253
4515.9,-61.2243
4516.0,-61.2232
4516.1,-61.2221
4516.2,-61.2210
4516.3,-61.2200
4516.4,-61.2189
4516.5,-61.2178
4516.6,-61.2168
4516.7,-61.2157
4516.8,-61.2146
4516.9,-61.2135
4517.0,-61.2125
4517.1,-61.2114
4517.2,-61.2103
4517.3,-61.2093
4517.4,-61.2082
4517.5,-61.2071
4517.6,-61.2060
4517.7,-61.2050
4517.8,-61.2039
4517.9,-61.2028
4518.0,-61.2018
4518.1,-61.2007
4518.2,-61.1996
4518.3,-61.1986
4518.4,-61.1975
4518.5,-61.1964
4518.6,-61.1954
4518.7,-61.1943
4518.8,-61.1932
4518.9,-61.1922
4519.0,-61.1911
4519.1,-61.1901
4519.2,-61.1890
4519.3,-61.1879
4519.4,-61.1869
4519.5,-61.1858
4519.6,-61.1847
4519.7,-61.1837
4519.8,-61.1826
4519.9,-61.1816
4520.0,-61.1805
4520.1,-61.1794
4520.2,-61.1784
4520.3,-61.1773
4520.4,-61.1763
4520.5,-61.1752
4520.6,-61.1741
4520.7,-61.1731
4520.8,-61.1720
4520.9,-61.1710
4521.0,-61.1699
4521.1,-61.1689
4521.2,-61.1678
4521.3,-61.1667
4521.4,-61.1657
4521.5,-61.1646
4521.6,-61.1636
4521.7,-61.1625
4521.8,-61.1615
4521.9,-61.1604
4522.0,-61.1594
4522.1,-61.1583
4522.2,-61.1573
4522.3,-61.1562
4522.4,-61.1552
4522.5,-61.1541
4522.6,-61.1531
4522.7,-61.1520
4522.8,-61.1510
4522.9,-61.1499
4523.0,-61.1489
4523.1,-61.1478
4523.2,-61.1468
4523.3,-61.1457
4523.4,-61.1447
4523.5,-61.1436
4523.6,-61.1426
4523.7,-61.1415
4523.8,-61.1405
4523.9,-61.1394
4524.0,-61.1384
4524.1,-61.1373
4524.2,-61.1363
4524.3,-61.1352
4524.4,-61.1342
4524.5,-61.1331
4524.6,-61.1321
4524.7,-61.1311
4524.8,-61.1300
4524.9,-61.1290
4525.0,-61.1279
4525.1,-61.1269
4525.2,-61.1258
4525.3,-61.1248
4525.4,-61.1238
4525.5,-61.1227
4525.6,-61.1217
4525.7,-61.1206
4525.8,-61.1196
4525.9,-61.1186
4526.0,-61.1175
4526.1,-61.1165
4526.2,-61.1154
4526.3,-61.1144
4526.4,-61.1134
4526.5,-61.1123
4526.6,-61.1113
4526.7,-61.1103
4526.8,-61.1092
4526.9,-61.1082
4527.0,-61.1071
4527.1,-61.1061
4527.2,-61.1051
4527.3,-61.1040
4527.4,-61.1030
4527.5,-61.1020
4527.6,-61.1009
4527.7,-61.0999
4527.8,-61.0989
4527.9,-61.0978
4528.0,-61.0968
4528.1,-61.0958
4528.2,-61.0947
4528.3,-61.0937
4528.4,-61.0927
4528.5,-61.0917
4528.6,-61.0906
4528.7,-61.0896
4528.8,-61.0886
4528.9,-61.0875
4529.0,-61.0865
4529.1,-61.0855
4529.2,-61.0844
4529.3,-61.0834
4529.4,-61.0824
4529.5,-61.0814
4529.6,-61.0803
4529.7,-61.0793
4529.8,-61.0783
4529.9,-61.0773
4530.0,-61.0762
4530.1,-61.0752
4530.2,-61.0742
4530.3,-61.0732
4530.4,-61.0721
4530.5,-61.0711
4530.6,-61.0701
4530.7,-61.0691
4530.8,-61.0680
4530.9,-61.0670
4531.0,-61.0660
4531.1,-61.0650
4531.2,-61.0640
4531.3,-61.0629
4531.4,-61.0619
4531.5,-61.0609
4531.6,-61.0599
4531.7,-61.0588
4531.8,-61.0578
4531.9,-61.0568
4532.0,-61.0558
4532.1,-61.0548
4532.2,-61.0538
4532.3,-61.0527
4532.4,-61.0517
4532.5,-61.0507
4532.6,-61.0497
4532.7,-61.0487
4532.8,-61.0477
4532.9,-61.0466
4533.0,-61.0456
4533.1,-61.0446
4533.2,-61.0436
4533.3,-61.0426
4533.4,-61.0416
4533.5,-61.0406
4533.6,-61.0395
4533.7,-61.0385
4533.8,-61.0375
4533.9,-61.0365
4534.0,-61.0355
4534.1,-61.0345
4534.2,-61.0335
4534.3,-61.0325
4534.4,-61.0314
4534.5,-61.0304
4534.6,-61.0294
4534.7,-61.0284
4534.8,-61.0274
4534.9,-61.0264
4535.0,-61.0254
4535.1,-61.0244
4535.2,-61.0234
4535.3,-61.0224
4535.4,-61.0214
4535.5,-61.0203
4535.6,-61.0193
4535.7,-61.0183
4535.8,-61.0173
4535.9,-61.0163
4536.0,-61.0153
4536.1,-61.0143
4536.2,-61.0133
4536.3,-61.0123
4536.4,-61.0113
4536.5,-61.0103
4536.6,-61.0093
4536.7,-61.0083
4536.8,-61.0073
4536.9,-61.0063
4537.0,-61.0053
4537.1,-61.0043
4537.2,-61.0033
4537.3,-61.0023
4537.4,-61.0013
4537.5,-61.0003
4537.6,-60.9993
4537.7,-60.9983
4537.8,-60.9973
4537.9,-60.9963
4538.0,-60.9953
4538.1,-60.9943
4538.2,-60.9933
4538.3,-60.9923
4538.4,-60.9913
4538.5,-60.9903
4538.6,-60.9893
4538.7,-60.9883
4538.8,-60.9873
4538.9,-60.9863
4539.0,-60.9853
4539.1,-60.9843
4539.2,-60.9833
4539.3,-60.9823
4539.4,-60.9813
4539.5,-60.9803
4539.6,-60.9793
4539.7,-60.9784
4539.8,-60.9774
4539.9,-60.9764
4540.0,-60.9754
4540.1,-60.9744
4540.2,-60.9734
4540.3,-60.9724
4540.4,-60.9714
4540.5,-60.9704
4540.6,-60.9694
4540.7,-60.9684
4540.8,-60.9675
4540.9,-60.9665
4541.0,-60.9655
4541.1,-60.9645
4541.2,-60.9635
4541.3,-60.9625
4541.4,-60.9615
4541.5,-60.9605
4541.6,-60.9596
4541.7,-60.9586
4541.8,-60.9576
4541.9,-60.9566
4542.0,-60.9556
4542.1,-60.9546
4542.2,-60.9536
4542.3,-60.9527
4542.4,-60.9517
4542.5,-60.9507
4542.6,-60.9497
4542.7,-60.9487
4542.8,-60.9477
4542.9,-60.9468
4543.0,-60.9458
4543.1,-60.9448
4543.2,-60.9438
4543.3,-60.9428
4543.4,-60.9418
4543.5,-60.9409
4543.6,-60.9399
4543.7,-60.9389
4543.8,-60.9379
4543.9,-60.9370
4544.0,-60.9360
4544.1,-60.9350
4544.2,-60.9340
4544.3,-60.9330
4544.4,-60.9321
4544.5,-60.9311
4544.6,-60.9301
4544.7,-60.9291
4544.8,-60.9282
4544.9,-60.9272
4545.0,-60.9262
4545.1,-60.9252
4545.2,-60.9243
4545.3,-60.9233
4545.4,-60.9223
4545.5,-60.9213
4545.6,-60.9204
4545.7,-60.9194
4545.8,-60.9184
4545.9,-60.9174
4546.0,-60.9165
4546.1,-60.9155
4546.2,-60.9145
4546.3,-60.9135
4546.4,-60.9126
4546.5,-60.9116
4546.6,-60.9106
4546.7,-60.9097
4546.8,-60.9087
4546.9,-60.9077
4547.0,-60.9068
4547.1,-60.9058
4547.2,-60.9048
4547.3,-60.9039
4547.4,-60.9029
4547.5,-60.9019
4547.6,-60.9010
4547.7,-60.9000
4547.8,-60.8990
4547.9,-60.8981
4548.0,-60.8971
4548.1,-60.8961
4548.2,-60.8952
4548.3,-60.8942
4548.4,-60.8932
4548.5,-60.8923
4548.6,-60.8913
4548.7,-60.8903
4548.8,-60.8894
4548.9,-60.8884
4549.0,-60.8874
4549.1,-60.8865
4549.2,-60.8855
4549.3,-60.8846
4549.4,-60.8836
4549.5,-60.8826
4549.6,-60.8817
4549.7,-60.8807
4549.8,-60.8798
4549.9,-60.8788
4550.0,-60.8778
4550.1,-60.8769
4550.2,-60.8759
4550.3,-60.8750
4550.4,-60.8740
4550.5,-60.8730
4550.6,-60.8721
4550.7,-60.8711
4550.8,-60.8702
4550.9,-60.8692
4551.0,-60.8683
4551.1,-60.8673
4551.2,-60.8663
4551.3,-60.8654
4551.4,-60.8644
4551.5,-60.8635
4551.6,-60.8625
4551.7,-60.8616
4551.8,-60.8606
4551.9,-60.8597
4552.0,-60.8587
4552.1,-60.8578
4552.2,-60.8568
4552.3,-60.8559
4552.4,-60.8549
4552.5,-60.8540
4552.6,-60.8530
4552.7,-60.8521
4552.8,-60.8511
4552.9,-60.8502
4553.0,-60.8492
4553.1,-60.8483
4553.2,-60.8473
4553.3,-60.8464
4553.4,-60.8454
4553.5,-60.8445
4553.6,-60.8435
4553.7,-60.8426
4553.8,-60.8416
4553.9,-60.8407
4554.0,-60.8397
4554.1,-60.8388
4554.2,-60.8378
4554.3,-60.8369
4554.4,-60.8359
4554.5,-60.8350
4554.6,-60.8340
4554.7,-60.8331
4554.8,-60.8322
4554.9,-60.8312
4555.0,-60.8303
4555.1,-60.8293
4555.2,-60.8284
4555.3,-60.8274
4555.4,-60.8265
4555.5,-60.8256
4555.6,-60.8246
4555.7,-60.8237
4555.8,-60.8227
4555.9,-60.8218
4556.0,-60.8209
4556.1,-60.8199
4556.2,-60.8190
4556.3,-60.8180
4556.4,-60.8171
4556.5,-60.8162
4556.6,-60.8152
4556.7,-60.8143
4556.8,-60.8133
4556.9,-60.8124
4557.0,-60.8115
4557.1,-60.8105
4557.2,-60.8096
4557.3,-60.8087
4557.4,-60.8077
4557.5,-60.8068
4557.6,-60.8058
4557.7,-60.8049
4557.8,-60.8040
4557.9,-60.8030
4558.0,-60.8021
4558.1,-60.8012
4558.2,-60.8002
4558.3,-60.7993
4558.4,-60.7984
4558.5,-60.7974
4558.6,-60.7965
4558.7,-60.7956
4558.8,-60.7946
4558.9,-60.7937
4559.0,-60.7928
4559.1,-60.7919
4559.2,-60.7909
4559.3,-60.7900
4559.4,-60.7891
4559.5,-60.7881
4559.6,-60.7872
4559.7,-60.7863
4559.8,-60.7853
4559.9,-60.7844
4560.0,-60.7835
4560.1,-60.7826
4560.2,-60.7816
4560.3,-60.7807
4560.4,-60.7798
4560.5,-60.7789
4560.6,-60.7779
4560.7,-60.7770
4560.8,-60.7761
4560.9,-60.7752
4561.0,-60.7742
4561.1,-60.7733
4561.2,-60.7724
4561.3,-60.7715
4561.4,-60.7705
4561.5,-60.7696
4561.6,-60.7687
4561.7,-60.7678
4561.8,-60.7668
4561.9,-60.7659
4562.0,-60.7650
4562.1,-60.7641
4562.2,-60.7632
4562.3,-60.7622
4562.4,-60.7613
4562.5,-60.7604
4562.6,-60.7595
4562.7,-60.7585
4562.8,-60.7576
4562.9,-60.7567
4563.0,-60.7558
4563.1,-60.7549
4563.2,-60.7540
4563.3,-60.7530
4563.4,-60.7521
4563.5,-60.7512
4563.6,-60.7503
4563.7,-60.7494
4563.8,-60.7485
4563.9,-60.7475
4564.0,-60.7466
4564.1,-60.7457
4564.2,-60.7448
4564.3,-60.7439
4564.4,-60.7430
4564.5,-60.7420
4564.6,-60.7411
4564.7,-60.7402
4564.8,-60.7393
4564.9,-60.7384
4565.0,-60.7375
4565.1,-60.7366
4565.2,-60.7357
4565.3,-60.7347
4565.4,-60.7338
4565.5,-60.7329
4565.6,-60.7320
4565.7,-60.7311
4565.8,-60.7302
4565.9,-60.7293
4566.0,-60.7284
4566.1,-60.7275
4566.2,-60.7266
4566.3,-60.7256
4566.4,-60.7247
4566.5,-60.7238
4566.6,-60.7229
4566.7,-60.7220
4566.8,-60.7211
4566.9,-60.7202
4567.0,-60.7193
4567.1,-60.7184
4567.2,-60.7175
4567.3,-60.7166
4567.4,-60.7157
4567.5,-60.7148
4567.6,-60.7139
4567.7,-60.7130
4567.8,-60.7121
4567.9,-60.7111
4568.0,-60.7102
4568.1,-60.7093
4568.2,-60.7084
4568.3,-60.7075
4568.4,-60.7066
4568.5,-60.7057
4568.6,-60.7048
4568.7,-60.7039
4568.8,-60.7030
4568.9,-60.7021
4569.0,-60.7012
4569.1,-60.7003
4569.2,-60.6994
4569.3,-60.6985
4569.4,-60.6976
4569.5,-60.6967
4569.6,-60.6958
4569.7,-60.6949
4569.8,-60.6940
4569.9,-60.6931
4570.0,-60.6922
4570.1,-60.6913
4570.2,-60.6904
4570.3,-60.6895
4570.4,-60.6886
4570.5,-60.6878
4570.6,-60.6869
4570.7,-60.6860
4570.8,-60.6851
4570.9,-60.6842
4571.0,-60.6833
4571.1,-60.6824
4571.2,-60.6815
4571.3,-60.6806
4571.4,-60.6797
4571.5,-60.6788
4571.6,-60.6779
4571.7,-60.6770
4571.8,-60.6761
4571.9,-60.6752
4572.0,-60.6743
4572.1,-60.6735
4572.2,-60.6726
4572.3,-60.6717
4572.4,-60.6708
4572.5,-60.6699
4572.6,-60.6690
4572.7,-60.6681
4572.8,-60.6672
4572.9,-60.6663
4573.0,-60.6654
4573.1,-60.6646
4573.2,-60.6637
4573.3,-60.6628
4573.4,-60.6619
4573.5,-60.6610
4573.6,-60.6601
4573.7,-60.6592
4573.8,-60.6583
4573.9,-60.6575
4574.0,-60.6566
4574.1,-60.6557
4574.2,-60.6548
4574.3,-60.6539
4574.4,-60.6530
4574.5,-60.6522
4574.6,-60.6513
4574.7,-60.6504
4574.8,-60.6495
4574.9,-60.6486
4575.0,-60.6477
4575.1,-60.6469
4575.2,-60.6460
4575.3,-60.6451
4575.4,-60.6442
4575.5,-60.6433
4575.6,-60.6424
4575.7,-60.6416
4575.8,-60.6407
4575.9,-60.6398
4576.0,-60.6389
4576.1,-60.6380
4576.2,-60.6372
4576.3,-60.6363
4576.4,-60.6354
4576.5,-60.6345
4576.6,-60.6337
4576.7,-60.6328
4576.8,-60.6319
4576.9,-60.6310
4577.0,-60.6301
4577.1,-60.6293
4577.2,-60.6284
4577.3,-60.6275
4577.4,-60.6266
4577.5,-60.6258
4577.6,-60.6249
4577.7,-60.6240
4577.8,-60.6231
4577.9,-60.6223
4578.0,-60.6214
4578.1,-60.6205
4578.2,-60.6196
4578.3,-60.6188
4578.4,-60.6179
4578.5,-60.6170
4578.6,-60.6162
4578.7,-60.6153
4578.8,-60.6144
4578.9,-60.6135
4579.0,-60.6127
4579.1,-60.6118
4579.2,-60.6109
4579.3,-60.6101
4579.4,-60.6092
4579.5,-60.6083
4579.6,-60.6074
4579.7,-60.6066
4579.8,-60.6057
4579.9,-60.6048
4580.0,-60.6040
4580.1,-60.6031
4580.2,-60.6022
4580.3,-60.6014
4580.4,-60.6005
4580.5,-60.5996
4580.6,-60.5988
4580.7,-60.5979
4580.8,-60.5970
4580.9,-60.5962
4581.0,-60.5953
4581.1,-60.5944
4581.2,-60.5936
4581.3,-60.5927
4581.4,-60.5918
4581.5,-60.5910
4581.6,-60.5901
4581.7,-60.5893
4581.8,-60.5884
4581.9,-60.5875
4582.0,-60.5867
4582.1,-60.5858
4582.2,-60.5849
4582.3,-60.5841
4582.4,-60.5832
4582.5,-60.5824
4582.6,-60.5815
4582.7,-60.5806
4582.8,-60.5798
4582.9,-60.5789
4583.0,-60.5781
4583.1,-60.5772
4583.2,-60.5763
4583.3,-60.5755
4583.4,-60.5746
4583.5,-60.5738
4583.6,-60.5729
4583.7,-60.5721
4583.8,-60.5712
4583.9,-60.5703
4584.0,-60.5695
4584.1,-60.5686
4584.2,-60.5678
4584.3,-60.5669
4584.4,-60.5661
4584.5,-60.5652
4584.6,-60.5644
4584.7,-60.5635
4584.8,-60.5626
4584.9,-60.5618
4585.0,-60.5609
4585.1,-60.5601
4585.2,-60.5592
4585.3,-60.5584
4585.4,-60.5575
4585.5,-60.5567
4585.6,-60.5558
4585.7,-60.5550
4585.8,-60.5541
4585.9,-60.5533
4586.0,-60.5524
4586.1,-60.5516
4586.2,-60.5507
4586.3,-60.5499
4586.4,-60.5490
4586.5,-60.5482
4586.6,-60.5473
4586.7,-60.5465
4586.8,-60.5456
4586.9,-60.5448
4587.0,-60.5439
4587.1,-60.5431
4587.2,-60.5422
4587.3,-60.5414
4587.4,-60.5405
4587.5,-60.5397
4587.6,-60.5388
4587.7,-60.5380
4587.8,-60.5371
4587.9,-60.5363
4588.0,-60.5355
4588.1,-60.5346
4588.2,-60.5338
4588.3,-60.5329
4588.4,-60.5321
4588.5,-60.5312
4588.6,-60.5304
4588.7,-60.5295
4588.8,-60.5287
4588.9,-60.5279
4589.0,-60.5270
4589.1,-60.5262
4589.2,-60.5253
4589.3,-60.5245
4589.4,-60.5236
4589.5,-60.5228
4589.6,-60.5220
4589.7,-60.5211
4589.8,-60.5203
4589.9,-60.5194
4590.0,-60.5186
4590.1,-60.5178
4590.2,-60.5169
4590.3,-60.5161
4590.4,-60.5152
4590.5,-60.5144
4590.6,-60.5136
4590.7,-60.5127
4590.8,-60.5119
4590.9,-60.5111
4591.0,-60.5102
4591.1,-60.5094
4591.2,-60.5086
4591.3,-60.5077
4591.4,-60.5069
4591.5,-60.5060
4591.6,-60.5052
4591.7,-60.5044
4591.8,-60.5035
4591.9,-60.5027
4592.0,-60.5019
4592.1,-60.5010
4592.2,-60.5002
4592.3,-60.4994
4592.4,-60.4985
4592.5,-60.4977
4592.6,-60.4969
4592.7,-60.4960
4592.8,-60.4952
4592.9,-60.4944
4593.0,-60.4935
4593.1,-60.4927
4593.2,-60.4919
4593.3,-60.4911
4593.4,-60.4902
4593.5,-60.4894
4593.6,-60.4886
4593.7,-60.4877
4593.8,-60.4869
4593.9,-60.4861
4594.0,-60.4852
4594.1,-60.4844
4594.2,-60.4836
4594.3,-60.4828
4594.4,-60.4819
4594.5,-60.4811
4594.6,-60.4803
4594.7,-60.4795
4594.8,-60.4786
4594.9,-60.4778
4595.0,-60.4770
4595.1,-60.4762
4595.2,-60.4753
4595.3,-60.4745
4595.4,-60.4737
4595.5,-60.4729
4595.6,-60.4720
4595.7,-60.4712
4595.8,-60.4704
4595.9,-60.4696
4596.0,-60.4687
4596.1,-60.4679
4596.2,-60.4671
4596.3,-60.4663
4596.4,-60.4654
4596.5,-60.4646
4596.6,-60.4638
4596.7,-60.4630
4596.8,-60.4622
4596.9,-60.4613
4597.0,-60.4605
4597.1,-60.4597
4597.2,-60.4589
4597.3,-60.4581
4597.4,-60.4572
4597.5,-60.4564
4597.6,-60.4556
4597.7,-60.4548
4597.8,-60.4540
4597.9,-60.4531
4598.0,-60.4523
4598.1,-60.4515
4598.2,-60.4507
4598.3,-60.4499
4598.4,-60.4491
4598.5,-60.4482
4598.6,-60.4474
4598.7,-60.4466
4598.8,-60.4458
4598.9,-60.4450
4599.0,-60.4442
4599.1,-60.4434
4599.2,-60.4425
4599.3,-60.4417
4599.4,-60.4409
4599.5,-60.4401
4599.6,-60.4393
4599.7,-60.4385
4599.8,-60.4377
4599.9,-60.4368
4600.0,-60.4360
4600.1,-60.4352
4600.2,-60.4344
4600.3,-60.4336
4600.4,-60.4328
4600.5,-60.4320
4600.6,-60.4312
4600.7,-60.4304
4600.8,-60.4295
4600.9,-60.4287
4601.0,-60.4279
4601.1,-60.4271
4601.2,-60.4263
4601.3,-60.4255
4601.4,-60.4247
4601.5,-60.4239
4601.6,-60.4231
4601.7,-60.4223
4601.8,-60.4215
4601.9,-60.4207
4602.0,-60.4198
4602.1,-60.4190
4602.2,-60.4182
4602.3,-60.4174
4602.4,-60.4166
4602.5,-60.4158
4602.6,-60.4150
4602.7,-60.4142
4602.8,-60.4134
4602.9,-60.4126
4603.0,-60.4118
4603.1,-60.4110
4603.2,-60.4102
4603.3,-60.4094
4603.4,-60.4086
4603.5,-60.4078
4603.6,-60.4070
4603.7,-60.4062
4603.8,-60.4054
4603.9,-60.4046
4604.0,-60.4038
4604.1,-60.4030
4604.2,-60.4022
4604.3,-60.4014
4604.4,-60.4006
4604.5,-60.3998
4604.6,-60.3990
4604.7,-60.3982
4604.8,-60.3974
4604.9,-60.3966
4605.0,-60.3958
4605.1,-60.3950
4605.2,-60.3942
4605.3,-60.3934
4605.4,-60.3926
4605.5,-60.3918
4605.6,-60.3910
4605.7,-60.3902
4605.8,-60.3894
4605.9,-60.3886
4606.0,-60.3878
4606.1,-60.3870
4606.2,-60.3862
4606.3,-60.3854
4606.4,-60.3846
4606.5,-60.3838
4606.6,-60.3830
4606.7,-60.3822
4606.8,-60.3814
4606.9,-60.3806
4607.0,-60.3799
4607.1,-60.3791
4607.2,-60.3783
4607.3,-60.3775
4607.4,-60.3767
4607.5,-60.3759
4607.6,-60.3751
4607.7,-60.3743
4607.8,-60.3735
4607.9,-60.3727
4608.0,-60.3719
4608.1,-60.3711
4608.2,-60.3704
4608.3,-60.3696
4608.4,-60.3688
4608.5,-60.3680
4608.6,-60.3672
4608.7,-60.3664
4608.8,-60.3656
4608.9,-60.3648
4609.0,-60.3640
4609.1,-60.3633
4609.2,-60.3625
4609.3,-60.3617
4609.4,-60.3609
4609.5,-60.3601
4609.6,-60.3593
4609.7,-60.3585
4609.8,-60.3577
4609.9,-60.3570
4610.0,-60.3562
4610.1,-60.3554
4610.2,-60.3546
4610.3,-60.3538
4610.4,-60.3530
4610.5,-60.3522
4610.6,-60.3515
4610.7,-60.3507
4610.8,-60.3499
4610.9,-60.3491
4611.0,-60.3483
4611.1,-60.3475
4611.2,-60.3468
4611.3,-60.3460
4611.4,-60.3452
4611.5,-60.3444
4611.6,-60.3436
4611.7,-60.3429
4611.8,-60.3421
4611.9,-60.3413
4612.0,-60.3405
4612.1,-60.3397
4612.2,-60.3390
4612.3,-60.3382
4612.4,-60.3374
4612.5,-60.3366
4612.6,-60.3358
4612.7,-60.3351
4612.8,-60.3343
4612.9,-60.3335
4613.0,-60.3327
4613.1,-60.3320
4613.2,-60.3312
4613.3,-60.3304
4613.4,-60.3296
4613.5,-60.3288
4613.6,-60.3281
4613.7,-60.3273
4613.8,-60.3265
4613.9,-60.3257
4614.0,-60.3250
4614.1,-60.3242
4614.2,-60.3234
4614.3,-60.3226
4614.4,-60.3219
4614.5,-60.3211
4614.6,-60.3203
4614.7,-60.3195
4614.8,-60.3188
4614.9,-60.3180
4615.0,-60.3172
4615.1,-60.3165
4615.2,-60.3157
4615.3,-60.3149
4615.4,-60.3141
4615.5,-60.3134
4615.6,-60.3126
4615.7,-60.3118
4615.8,-60.3111
4615.9,-60.3103
4616.0,-60.3095
4616.1,-60.3087
4616.2,-60.3080
4616.3,-60.3072
4616.4,-60.3064
4616.5,-60.3057
4616.6,-60.3049
4616.7,-60.3041
4616.8,-60.3034
4616.9,-60.3026
4617.0,-60.3018
4617.1,-60.3011
4617.2,-60.3003
4617.3,-60.2995
4617.4,-60.2988
4617.5,-60.2980
4617.6,-60.2972
4617.7,-60.2965
4617.8,-60.2957
4617.9,-60.2949
4618.0,-60.2942
4618.1,-60.2934
4618.2,-60.2926
4618.3,-60.2919
4618.4,-60.2911
4618.5,-60.2904
4618.6,-60.2896
4618.7,-60.2888
4618.8,-60.2881
4618.9,-60.2873
4619.0,-60.2865
4619.1,-60.2858
4619.2,-60.2850
4619.3,-60.2843
4619.4,-60.2835
4619.5,-60.2827
4619.6,-60.2820
4619.7,-60.2812
4619.8,-60.2804
4619.9,-60.2797
4620.0,-60.2789
4620.1,-60.2782
4620.2,-60.2774
4620.3,-60.2767
4620.4,-60.2759
4620.5,-60.2751
4620.6,-60.2744
4620.7,-60.2736
4620.8,-60.2729
4620.9,-60.2721
4621.0,-60.2713
4621.1,-60.2706
4621.2,-60.2698
4621.3,-60.2691
4621.4,-60.2683
4621.5,-60.2676
4621.6,-60.2668
4621.7,-60.2661
4621.8,-60.2653
4621.9,-60.2645
4622.0,-60.2638
4622.1,-60.2630
4622.2,-60.2623
4622.3,-60.2615
4622.4,-60.2608
4622.5,-60.2600
4622.6,-60.2593
4622.7,-60.2585
4622.8,-60.2578
4622.9,-60.2570
4623.0,-60.2563
4623.1,-60.2555
4623.2,-60.2547
4623.3,-60.2540
4623.4,-60.2532
4623.5,-60.2525
4623.6,-60.2517
4623.7,-60.2510
4623.8,-60.2502
4623.9,-60.2495
4624.0,-60.2487
4624.1,-60.2480
4624.2,-60.2472
4624.3,-60.2465
4624.4,-60.2457
4624.5,-60.2450
4624.6,-60.2443
4624.7,-60.2435
4624.8,-60.2428
4624.9,-60.2420
4625.0,-60.2413
4625.1,-60.2405
4625.2,-60.2398
4625.3,-60.2390
4625.4,-60.2383
4625.5,-60.2375
4625.6,-60.2368
4625.7,-60.2360
4625.8,-60.2353
4625.9,-60.2345
4626.0,-60.2338
4626.1,-60.2331
4626.2,-60.2323
4626.3,-60.2316
4626.4,-60.2308
4626.5,-60.2301
4626.6,-60.2293
4626.7,-60.2286
4626.8,-60.2279
4626.9,-60.2271
4627.0,-60.2264
4627.1,-60.2256
4627.2,-60.2249
4627.3,-60.2241
4627.4,-60.2234
4627.5,-60.2227
4627.6,-60.2219
4627.7,-60.2212
4627.8,-60.2204
4627.9,-60.2197
4628.0,-60.2190
4628.1,-60.2182
4628.2,-60.2175
4628.3,-60.2167
4628.4,-60.2160
4628.5,-60.2153
4628.6,-60.2145
4628.7,-60.2138
4628.8,-60.2131
4628.9,-60.2123
4629.0,-60.2116
4629.1,-60.2108
4629.2,-60.2101
4629.3,-60.2094
4629.4,-60.2086
4629.5,-60.2079
4629.6,-60.2072
4629.7,-60.2064
4629.8,-60.2057
4629.9,-60.2050
4630.0,-60.2042
4630.1,-60.2035
4630.2,-60.2027
4630.3,-60.2020
4630.4,-60.2013
4630.5,-60.2005
4630.6,-60.1998
4630.7,-60.1991
4630.8,-60.1983
4630.9,-60.1976
4631.0,-60.1969
4631.1,-60.1961
4631.2,-60.1954
4631.3,-60.1947
4631.4,-60.1940
4631.5,-60.1932
4631.6,-60.1925
4631.7,-60.1918
4631.8,-60.1910
4631.9,-60.1903
4632.0,-60.1896
4632.1,-60.1888
4632.2,-60.1881
4632.3,-60.1874
4632.4,-60.1867
4632.5,-60.1859
4632.6,-60.1852
4632.7,-60.1845
4632.8,-60.1837
4632.9,-60.1830
4633.0,-60.1823
4633.1,-60.1816
4633.2,-60.1808
4633.3,-60.1801
4633.4,-60.1794
4633.5,-60.1786
4633.6,-60.1779
4633.7,-60.1772
4633.8,-60.1765
4633.9,-60.1757
4634.0,-60.1750
4634.1,-60.1743
4634.2,-60.1736
4634.3,-60.1728
4634.4,-60.1721
4634.5,-60.1714
4634.6,-60.1707
4634.7,-60.1700
4634.8,-60.1692
4634.9,-60.1685
4635.0,-60.1678
4635.1,-60.1671
4635.2,-60.1663
4635.3,-60.1656
4635.4,-60.1649
4635.5,-60.1642
4635.6,-60.1635
4635.7,-60.1627
4635.8,-60.1620
4635.9,-60.1613
4636.0,-60.1606
4636.1,-60.1598
4636.2,-60.1591
4636.3,-60.1584
4636.4,-60.1577
4636.5,-60.1570
4636.6,-60.1563
4636.7,-60.1555
4636.8,-60.1548
4636.9,-60.1541
4637.0,-60.1534
4637.1,-60.1527
4637.2,-60.1519
4637.3,-60.1512
4637.4,-60.1505
4637.5,-60.1498
4637.6,-60.1491
4637.7,-60.1484
4637.8,-60.1476
4637.9,-60.1469
4638.0,-60.1462
4638.1,-60.1455
4638.2,-60.1448
4638.3,-60.1441
4638.4,-60.1434
4638.5,-60.1426
4638.6,-60.1419
4638.7,-60.1412
4638.8,-60.1405
4638.9,-60.1398
4639.0,-60.1391
4639.1,-60.1384
4639.2,-60.1376
4639.3,-60.1369
4639.4,-60.1362
4639.5,-60.1355
4639.6,-60.1348
4639.7,-60.1341
4639.8,-60.1334
4639.9,-60.1327
4640.0,-60.1320
4640.1,-60.1312
4640.2,-60.1305
4640.3,-60.1298
4640.4,-60.1291
4640.5,-60.1284
4640.6,-60.1277
4640.7,-60.1270
4640.8,-60.1263
4640.9,-60.1256
4641.0,-60.1249
4641.1,-60.1242
4641.2,-60.1234
4641.3,-60.1227
4641.4,-60.1220
4641.5,-60.1213
4641.6,-60.1206
4641.7,-60.1199
4641.8,-60.1192
4641.9,-60.1185
4642.0,-60.1178
4642.1,-60.1171
4642.2,-60.1164
4642.3,-60.1157
4642.4,-60.1150
4642.5,-60.1143
4642.6,-60.1136
4642.7,-60.1129
4642.8,-60.1121
4642.9,-60.1114
4643.0,-60.1107
4643.1,-60.1100
4643.2,-60.1093
4643.3,-60.1086
4643.4,-60.1079
4643.5,-60.1072
4643.6,-60.1065
4643.7,-60.1058
4643.8,-60.1051
4643.9,-60.1044
4644.0,-60.1037
4644.1,-60.1030
4644.2,-60.1023
4644.3,-60.1016
4644.4,-60.1009
4644.5,-60.1002
4644.6,-60.0995
4644.7,-60.0988
4644.8,-60.0981
4644.9,-60.0974
4645.0,-60.0967
4645.1,-60.0960
4645.2,-60.0953
4645.3,-60.0946
4645.4,-60.0939
4645.5,-60.0932
4645.6,-60.0925
4645.7,-60.0918
4645.8,-60.0911
4645.9,-60.0904
4646.0,-60.0897
4646.1,-60.0890
4646.2,-60.0883
4646.3,-60.0876
4646.4,-60.0870
4646.5,-60.0863
4646.6,-60.0856
4646.7,-60.0849
4646.8,-60.0842
4646.9,-60.0835
4647.0,-60.0828
4647.1,-60.0821
4647.2,-60.0814
4647.3,-60.0807
4647.4,-60.0800
4647.5,-60.0793
4647.6,-60.0786
4647.7,-60.0779
4647.8,-60.0772
4647.9,-60.0765
4648.0,-60.0759
4648.1,-60.0752
4648.2,-60.0745
4648.3,-60.0738
4648.4,-60.0731
4648.5,-60.0724
4648.6,-60.0717
4648.7,-60.0710
4648.8,-60.0703
4648.9,-60.0696
4649.0,-60.0689
4649.1,-60.0683
4649.2,-60.0676
4649.3,-60.0669
4649.4,-60.0662
4649.5,-60.0655
4649.6,-60.0648
4649.7,-60.0641
4649.8,-60.0634
4649.9,-60.0627
4650.0,-60.0621
4650.1,-60.0614
4650.2,-60.0607
4650.3,-60.0600
4650.4,-60.0593
4650.5,-60.0586
4650.6,-60.0579
4650.7,-60.0573
4650.8,-60.0566
4650.9,-60.0559
4651.0,-60.0552
4651.1,-60.0545
4651.2,-60.0538
4651.3,-60.0531
4651.4,-60.0525
4651.5,-60.0518
4651.6,-60.0511
4651.7,-60.0504
4651.8,-60.0497
4651.9,-60.0490
4652.0,-60.0484
4652.1,-60.0477
4652.2,-60.0470
4652.3,-60.0463
4652.4,-60.0456
4652.5,-60.0449
4652.6,-60.0443
4652.7,-60.0436
4652.8,-60.0429
4652.9,-60.0422
4653.0,-60.0415
4653.1,-60.0409
4653.2,-60.0402
4653.3,-60.0395
4653.4,-60.0388
4653.5,-60.0381
4653.6,-60.0375
4653.7,-60.0368
4653.8,-60.0361
4653.9,-60.0354
4654.0,-60.0347
4654.1,-60.0341
4654.2,-60.0334
4654.3,-60.0327
4654.4,-60.0320
4654.5,-60.0314
4654.6,-60.0307
4654.7,-60.0300
4654.8,-60.0293
4654.9,-60.0287
4655.0,-60.0280
4655.1,-60.0273
4655.2,-60.0266
4655.3,-60.0259
4655.4,-60.0253
4655.5,-60.0246
4655.6,-60.0239
4655.7,-60.0232
4655.8,-60.0226
4655.9,-60.0219
4656.0,-60.0212
4656.1,-60.0206
4656.2,-60.0199
4656.3,-60.0192
4656.4,-60.0185
4656.5,-60.0179
4656.6,-60.0172
4656.7,-60.0165
4656.8,-60.0158
4656.9,-60.0152
4657.0,-60.0145
4657.1,-60.0138
4657.2,-60.0132
4657.3,-60.0125
4657.4,-60.0118
4657.5,-60.0111
4657.6,-60.0105
4657.7,-60.0098
4657.8,-60.0091
4657.9,-60.0085
4658.0,-60.0078
4658.1,-60.0071
4658.2,-60.0065
4658.3,-60.0058
4658.4,-60.0051
4658.5,-60.0045
4658.6,-60.0038
4658.7,-60.0031
4658.8,-60.0025
4658.9,-60.0018
4659.0,-60.0011
4659.1,-60.0004
4659.2,-59.9998
4659.3,-59.9991
4659.4,-59.9984
4659.5,-59.9978
4659.6,-59.9971
4659.7,-59.9965
4659.8,-59.9958
4659.9,-59.9951
4660.0,-59.9945
4660.1,-59.9938
4660.2,-59.9931
4660.3,-59.9925
4660.4,-59.9918
4660.5,-59.9911
4660.6,-59.9905
4660.7,-59.9898
4660.8,-59.9891
4660.9,-59.9885
4661.0,-59.9878
4661.1,-59.9872
4661.2,-59.9865
4661.3,-59.9858
4661.4,-59.9852
4661.5,-59.9845
4661.6,-59.9838
4661.7,-59.9832
4661.8,-59.9825
4661.9,-59.9819
4662.0,-59.9812
4662.1,-59.9805
4662.2,-59.9799
4662.3,-59.9792
4662.4,-59.9786
4662.5,-59.9779
4662.6,-59.9772
4662.7,-59.9766
4662.8,-59.9759
4662.9,-59.9753
4663.0,-59.9746
4663.1,-59.9740
4663.2,-59.9733
4663.3,-59.9726
4663.4,-59.9720
4663.5,-59.9713
4663.6,-59.9707
4663.7,-59.9700
4663.8,-59.9694
4663.9,-59.9687
4664.0,-59.9680
4664.1,-59.9674
4664.2,-59.9667
4664.3,-59.9661
4664.4,-59.9654
4664.5,-59.9648
4664.6,-59.9641
4664.7,-59.9635
4664.8,-59.9628
4664.9,-59.9621
4665.0,-59.9615
4665.1,-59.9608
4665.2,-59.9602
4665.3,-59.9595
4665.4,-59.9589
4665.5,-59.9582
4665.6,-59.9576
4665.7,-59.9569
4665.8,-59.9563
4665.9,-59.9556
4666.0,-59.9550
4666.1,-59.9543
4666.2,-59.9537
4666.3,-59.9530
4666.4,-59.9524
4666.5,-59.9517
4666.6,-59.9511
4666.7,-59.9504
4666.8,-59.9498
4666.9,-59.9491
4667.0,-59.9485
4667.1,-59.9478
4667.2,-59.9472
4667.3,-59.9465
4667.4,-59.9459
4667.5,-59.9452
4667.6,-59.9446
4667.7,-59.9439
4667.8,-59.9433
4667.9,-59.9426
4668.0,-59.9420
4668.1,-59.9413
4668.2,-59.9407
4668.3,-59.9400
4668.4,-59.9394
4668.5,-59.9387
4668.6,-59.9381
4668.7,-59.9374
4668.8,-59.9368
4668.9,-59.9362
4669.0,-59.9355
4669.1,-59.9349
4669.2,-59.9342
4669.3,-59.9336
4669.4,-59.9329
4669.5,-59.9323
4669.6,-59.9316
4669.7,-59.9310
4669.8,-59.9304
4669.9,-59.9297
4670.0,-59.9291
4670.1,-59.9284
4670.2,-59.9278
4670.3,-59.9271
4670.4,-59.9265
4670.5,-59.9259
4670.6,-59.9252
4670.7,-59.9246
4670.8,-59.9239
4670.9,-59.9233
4671.0,-59.9227
4671.1,-59.9220
4671.2,-59.9214
4671.3,-59.9207
4671.4,-59.9201
4671.5,-59.9194
4671.6,-59.9188
4671.7,-59.9182
4671.8,-59.9175
4671.9,-59.9169
4672.0,-59.9163
4672.1,-59.9156
4672.2,-59.9150
4672.3,-59.9143
4672.4,-59.9137
4672.5,-59.9131
4672.6,-59.9124
4672.7,-59.9118
4672.8,-59.9111
4672.9,-59.9105
4673.0,-59.9099
4673.1,-59.9092
4673.2,-59.9086
4673.3,-59.9080
4673.4,-59.9073
4673.5,-59.9067
4673.6,-59.9061
4673.7,-59.9054
4673.8,-59.9048
4673.9,-59.9042
4674.0,-59.9035
4674.1,-59.9029
4674.2,-59.9023
4674.3,-59.9016
4674.4,-59.9010
4674.5,-59.9004
4674.6,-59.8997
4674.7,-59.8991
4674.8,-59.8985
4674.9,-59.8978
4675.0,-59.8972
4675.1,-59.8966
4675.2,-59.8959
4675.3,-59.8953
4675.4,-59.8947
4675.5,-59.8940
4675.6,-59.8934
4675.7,-59.8928
4675.8,-59.8921
4675.9,-59.8915
4676.0,-59.8909
4676.1,-59.8902
4676.2,-59.8896
4676.3,-59.8890
4676.4,-59.8884
4676.5,-59.8877
4676.6,-59.8871
4676.7,-59.8865
4676.8,-59.8858
4676.9,-59.8852
4677.0,-59.8846
4677.1,-59.8840
4677.2,-59.8833
4677.3,-59.8827
4677.4,-59.8821
4677.5,-59.8814
4677.6,-59.8808
4677.7,-59.8802
4677.8,-59.8796
4677.9,-59.8789
4678.0,-59.8783
4678.1,-59.8777
4678.2,-59.8771
4678.3,-59.8764
4678.4,-59.8758
4678.5,-59.8752
4678.6,-59.8746
4678.7,-59.8739
4678.8,-59.8733
4678.9,-59.8727
4679.0,-59.8721
4679.1,-59.8714
4679.2,-59.8708
4679.3,-59.8702
4679.4,-59.8696
4679.5,-59.8689
4679.6,-59.8683
4679.7,-59.8677
4679.8,-59.8671
4679.9,-59.8665
4680.0,-57.8461
4680.1,-57.8398
4680.2,-57.8333
4680.3,-57.8266
4680.4,-57.8196
4680.5,-57.8123
4680.6,-57.8047
4680.7,-57.7968
4680.8,-57.7885
4680.9,-57.7800
4681.0,-57.7711
4681.1,-57.7619
4681.2,-57.7523
4681.3,-57.7423
4681.4,-57.7319
4681.5,-57.7210
4681.6,-57.7098
4681.7,-57.6981
4681.8,-57.6860
4681.9,-57.6733
4682.0,-57.6602
4682.1,-57.6465
4682.2,-57.6323
4682.3,-57.6176
4682.4,-57.6023
4682.5,-57.5863
4682.6,-57.5698
4682.7,-57.5525
4682.8,-57.5346
4682.9,-57.5160
4683.0,-57.4967
4683.1,-57.4767
4683.2,-57.4558
4683.3,-57.4341
4683.4,-57.4116
4683.5,-57.3883
4683.6,-57.3640
4683.7,-57.3388
4683.8,-57.3126
4683.9,-57.2854
4684.0,-57.2572
4684.1,-57.2279
4684.2,-57.1975
4684.3,-57.1659
4684.4,-57.1332
4684.5,-57.0992
4684.6,-57.0639
4684.7,-57.0273
4684.8,-56.9894
4684.9,-56.9500
4685.0,-56.9092
4685.1,-56.8669
4685.2,-56.8230
4685.3,-56.7775
4685.4,-56.7304
4685.5,-56.6815
4685.6,-56.6309
4685.7,-56.5785
4685.8,-56.5242
4685.9,-56.4680
4686.0,-56.4098
4686.1,-56.3496
4686.2,-56.2872
4686.3,-56.2227
4686.4,-56.1560
4686.5,-56.0870
4686.6,-56.0157
4686.7,-55.9420
4686.8,-55.8658
4686.9,-55.7870
4687.0,-55.7057
4687.1,-55.6218
4687.2,-55.5351
4687.3,-55.4457
4687.4,-55.3535
4687.5,-55.2583
4687.6,-55.1603
4687.7,-55.0592
4687.8,-54.9551
4687.9,-54.8478
4688.0,-54.7374
4688.1,-54.6238
4688.2,-54.5070
4688.3,-54.3868
4688.4,-54.2633
4688.5,-54.1364
4688.6,-54.0061
4688.7,-53.8724
4688.8,-53.7352
4688.9,-53.5945
4689.0,-53.4502
4689.1,-53.3025
4689.2,-53.1512
4689.3,-52.9963
4689.4,-52.8380
4689.5,-52.6761
4689.6,-52.5107
4689.7,-52.3417
4689.8,-52.1694
4689.9,-51.9936
4690.0,-51.8143
4690.1,-51.6318
4690.2,-51.4460
4690.3,-51.2569
4690.4,-51.0647
4690.5,-50.8694
4690.6,-50.6711
4690.7,-50.4700
4690.8,-50.2660
4690.9,-50.0593
4691.0,-49.8501
4691.1,-49.6384
4691.2,-49.4244
4691.3,-49.2082
4691.4,-48.9900
4691.5,-48.7698
4691.6,-48.5479
4691.7,-48.3245
4691.8,-48.0996
4691.9,-47.8734
4692.0,-47.6462
4692.1,-47.4180
4692.2,-47.1892
4692.3,-46.9598
4692.4,-46.7300
4692.5,-46.5000
4692.6,-46.2700
4692.7,-46.0402
4692.8,-45.8108
4692.9,-45.5820
4693.0,-45.3538
4693.1,-45.1266
4693.2,-44.9004
4693.3,-44.6755
4693.4,-44.4521
4693.5,-44.2302
4693.6,-44.0100
4693.7,-43.7918
4693.8,-43.5756
4693.9,-43.3616
4694.0,-43.1499
4694.1,-42.9407
4694.2,-42.7340
4694.3,-42.5300
4694.4,-42.3289
4694.5,-42.1306
4694.6,-41.9353
4694.7,-41.7431
4694.8,-41.5540
4694.9,-41.3682
4695.0,-41.1857
4695.1,-41.0064
4695.2,-40.8306
4695.3,-40.6583
4695.4,-40.4893
4695.5,-40.3239
4695.6,-40.1620
4695.7,-40.0037
4695.8,-39.8488
4695.9,-39.6975
4696.0,-39.5498
4696.1,-39.4055
4696.2,-39.2648
4696.3,-39.1276
4696.4,-38.9939
4696.5,-38.8636
4696.6,-38.7367
4696.7,-38.6132
4696.8,-38.4930
4696.9,-38.3762
4697.0,-38.2626
4697.1,-38.1522
4697.2,-38.0449
4697.3,-37.9408
4697.4,-37.8397
4697.5,-37.7417
4697.6,-37.6465
4697.7,-37.5543
4697.8,-37.4649
4697.9,-37.3782
4698.0,-37.2943
4698.1,-37.2130
4698.2,-37.1342
4698.3,-37.0580
4698.4,-36.9843
4698.5,-36.9130
4698.6,-36.8440
4698.7,-36.7773
4698.8,-36.7128
4698.9,-36.6504
4699.0,-36.5902
4699.1,-36.5320
4699.2,-36.4758
4699.3,-36.4215
4699.4,-36.3691
4699.5,-36.3185
4699.6,-36.2696
4699.7,-36.2225
4699.8,-36.1770
4699.9,-36.1331
4700.0,-36.0908
4700.1,-36.0500
4700.2,-36.0106
4700.3,-35.9727
4700.4,-35.9361
4700.5,-35.9008
4700.6,-35.8668
4700.7,-35.8341
4700.8,-35.8025
4700.9,-35.7721
4701.0,-35.7428
4701.1,-35.7146
4701.2,-35.6874
4701.3,-35.6612
4701.4,-35.6360
4701.5,-35.6117
4701.6,-35.5884
4701.7,-35.5659
4701.8,-35.5442
4701.9,-35.5233
4702.0,-35.5033
4702.1,-35.4840
4702.2,-35.4654
4702.3,-35.4475
4702.4,-35.4302
4702.5,-35.4137
4702.6,-35.3977
4702.7,-35.3824
4702.8,-35.3677
4702.9,-35.3535
4703.0,-35.3398
4703.1,-35.3267
4703.2,-35.3140
4703.3,-35.3019
4703.4,-35.2902
4703.5,-35.2790
4703.6,-35.2681
4703.7,-35.2577
4703.8,-35.2477
4703.9,-35.2381
4704.0,-35.2289
4704.1,-35.2200
4704.2,-35.2115
4704.3,-35.2032
4704.4,-35.1953
4704.5,-35.1877
4704.6,-35.1804
4704.7,-35.1734
4704.8,-35.1667
4704.9,-35.1602
4705.0,-35.0000
4705.1,-13.9975
4705.2,7.0025
4705.3,28.0000
4705.4,28.0000
4705.5,28.0000
4705.6,15.1429
4705.7,2.2857
4705.8,-10.5714
4705.9,-23.4286
4706.0,-36.2857
4706.1,-49.1429
4706.2,-62.0000
4706.3,-62.2500
4706.4,-62.5000
4706.5,-62.7500
4706.6,-63.0000
4706.7,-63.2500
4706.8,-63.5000
4706.9,-63.7500
4707.0,-63.4771
4707.1,-63.2846
4707.2,-63.0238
4707.3,-62.6723
4707.4,-62.2022
4707.5,-61.5803
4707.6,-60.7688
4707.7,-59.7285
4707.8,-58.4255
4707.9,-56.8394
4708.0,-54.9751
4708.1,-52.8711
4708.2,-50.6034
4708.3,-48.2770
4708.4,-46.0081
4708.5,-43.9020
4708.6,-42.0345
4708.7,-40.4448
4708.8,-39.1377
4708.9,-38.0932
4709.0,-37.2772
4709.1,-36.6509
4709.2,-36.1765
4709.3,-35.8207
4709.4,-35.5557
4709.5,-34.8346
4709.6,-34.8309
4709.7,-34.8272
4709.8,-34.8235
4709.9,-34.8199
4710.0,-34.8162
4710.1,-34.8125
4710.2,-34.8088
4710.3,-34.8051
4710.4,-34.8015
4710.5,-34.7978
4710.6,-34.7941
4710.7,-34.7904
4710.8,-34.7868
4710.9,-34.7831
4711.0,-34.7794
4711.1,-34.7757
4711.2,-34.7721
4711.3,-34.7684
4711.4,-34.7647
4711.5,-34.7610
4711.6,-34.7574
4711.7,-34.7537
4711.8,-34.7500
4711.9,-34.7463
4712.0,-34.7426
4712.1,-34.7390
4712.2,-34.7353
4712.3,-34.7316
4712.4,-34.7279
4712.5,-34.7243
4712.6,-34.7206
4712.7,-34.7169
4712.8,-34.7132
4712.9,-34.7096
4713.0,-34.7059
4713.1,-34.7022
4713.2,-34.6985
4713.3,-34.6949
4713.4,-34.6912
4713.5,-34.6875
4713.6,-34.6838
4713.7,-34.6801
4713.8,-34.6765
4713.9,-34.6728
4714.0,-34.6691
4714.1,-34.6654
4714.2,-34.6618
4714.3,-34.6581
4714.4,-34.6544
4714.5,-34.6507
4714.6,-34.6471
4714.7,-34.6434
4714.8,-34.6397
4714.9,-34.6360
4715.0,-34.6324
4715.1,-34.6287
4715.2,-34.6250
4715.3,-34.6213
4715.4,-34.6176
4715.5,-34.6140
4715.6,-34.6103
4715.7,-34.6066
4715.8,-34.6029
4715.9,-34.5993
4716.0,-34.5956
4716.1,-34.5919
4716.2,-34.5882
4716.3,-34.5846
4716.4,-34.5809
4716.5,-34.5772
4716.6,-34.5735
4716.7,-34.5699
4716.8,-34.5662
4716.9,-34.5625
4717.0,-34.5588
4717.1,-34.5551
4717.2,-34.5515
4717.3,-34.5478
4717.4,-34.5441
4717.5,-34.5404
4717.6,-34.5368
4717.7,-34.5331
4717.8,-34.5294
4717.9,-34.5257
4718.0,-34.5221
4718.1,-34.5184
4718.2,-34.5147
4718.3,-34.5110
4718.4,-34.5074
4718.5,-34.5037
4718.6,-34.5000
4718.7,-34.4963
4718.8,-34.4926
4718.9,-34.4890
4719.0,-34.4853
4719.1,-34.4816
4719.2,-34.4779
4719.3,-34.4743
4719.4,-34.4706
4719.5,-34.4669
4719.6,-34.4632
4719.7,-34.4596
4719.8,-34.4559
4719.9,-34.4522
4720.0,-34.4485
4720.1,-34.4449
4720.2,-34.4412
4720.3,-34.4375
4720.4,-34.4338
4720.5,-34.4301
4720.6,-34.4265
4720.7,-34.4228
4720.8,-34.4191
4720.9,-34.4154
4721.0,-34.4118
4721.1,-34.4081
4721.2,-34.4044
4721.3,-34.4007
4721.4,-34.3971
4721.5,-34.3934
4721.6,-34.3897
4721.7,-34.3860
4721.8,-34.3824
4721.9,-34.3787
4722.0,-34.3750
4722.1,-34.3713
4722.2,-34.3676
4722.3,-34.3640
4722.4,-34.3603
4722.5,-34.3566
4722.6,-34.3529
4722.7,-34.3493
4722.8,-34.3456
4722.9,-34.3419
4723.0,-34.3382
4723.1,-34.3346
4723.2,-34.3309
4723.3,-34.3272
4723.4,-34.3235
4723.5,-34.3199
4723.6,-34.3162
4723.7,-34.3125
4723.8,-34.3088
4723.9,-34.3051
4724.0,-34.3015
4724.1,-34.2978
4724.2,-34.2941
4724.3,-34.2904
4724.4,-34.2868
4724.5,-34.2831
4724.6,-34.2794
4724.7,-34.2757
4724.8,-34.2721
4724.9,-34.2684
4725.0,-34.2647
4725.1,-34.2610
4725.2,-34.2574
4725.3,-34.2537
4725.4,-34.2500
4725.5,-34.2463
4725.6,-34.2426
4725.7,-34.2390
4725.8,-34.2353
4725.9,-34.2316
4726.0,-34.2279
4726.1,-34.2243
4726.2,-34.2206
4726.3,-34.2169
4726.4,-34.2132
4726.5,-34.2096
4726.6,-34.2059
4726.7,-34.2022
4726.8,-34.1985
4726.9,-34.1949
4727.0,-34.1912
4727.1,-34.1875
4727.2,-34.1838
4727.3,-34.1801
4727.4,-34.1765
4727.5,-34.1728
4727.6,-34.1691
4727.7,-34.1654
4727.8,-34.1618
4727.9,-34.1581
4728.0,-34.1544
4728.1,-34.1507
4728.2,-34.1471
4728.3,-34.1434
4728.4,-34.1397
4728.5,-34.1360
4728.6,-34.1324
4728.7,-34.1287
4728.8,-34.1250
4728.9,-34.1213
4729.0,-34.1176
4729.1,-34.1140
4729.2,-34.1103
4729.3,-31.1492
4729.4,-10.4447
4729.5,10.2574
4729.6,28.0000
4729.7,28.0000
4729.8,26.1633
4729.9,13.3061
4730.0,0.4490
4730.1,-12.4082
4730.2,-25.2653
4730.3,-38.1224
4730.4,-50.9796
4730.5,-62.0357
4730.6,-62.2857
4730.7,-62.5357
4730.8,-62.7857
4730.9,-63.0357
4731.0,-63.2857
4731.1,-63.5357
4731.2,-63.7857
4731.3,-63.4363
4731.4,-63.2290
4731.5,-62.9484
4731.6,-62.5705
4731.7,-62.0660
4731.8,-61.3995
4731.9,-60.5318
4732.0,-59.4229
4732.1,-58.0390
4732.2,-56.3623
4732.3,-54.4022
4732.4,-52.2040
4732.5,-49.8510
4732.6,-47.4545
4732.7,-45.1340
4732.8,-42.9945
4732.9,-41.1093
4733.0,-39.5130
4733.1,-38.2063
4733.2,-37.1658
4733.3,-36.3554
4733.4,-35.7347
4733.5,-35.2653
4733.6,-34.9137
4733.7,-34.6520
4733.8,-33.9412
4733.9,-33.9375
4734.0,-33.9338
4734.1,-33.9301
4734.2,-33.9265
4734.3,-33.9228
4734.4,-33.9191
4734.5,-33.9154
4734.6,-33.9118
4734.7,-33.9081
4734.8,-33.9044
4734.9,-33.9007
4735.0,-33.8971
4735.1,-33.8934
4735.2,-33.8897
4735.3,-33.8860
4735.4,-33.8824
4735.5,-33.8787
4735.6,-33.8750
4735.7,-33.8713
4735.8,-33.8676
4735.9,-33.8640
4736.0,-33.8603
4736.1,-33.8566
4736.2,-33.8529
4736.3,-33.8493
4736.4,-33.8456
4736.5,-33.8419
4736.6,-33.8382
4736.7,-33.8346
4736.8,-33.8309
4736.9,-33.8272
4737.0,-33.8235
4737.1,-33.8199
4737.2,-33.8162
4737.3,-33.8125
4737.4,-33.8088
4737.5,-33.8051
4737.6,-33.8015
4737.7,-33.7978
4737.8,-33.7941
4737.9,-33.7904
4738.0,-33.7868
4738.1,-33.7831
4738.2,-33.7794
4738.3,-33.7757
4738.4,-33.7721
4738.5,-33.7684
4738.6,-33.7647
4738.7,-33.7610
4738.8,-33.7574
4738.9,-33.7537
4739.0,-33.7500
4739.1,-33.7463
4739.2,-33.7426
4739.3,-33.7390
4739.4,-33.7353
4739.5,-33.7316
4739.6,-33.7279
4739.7,-33.7243
4739.8,-33.7206
4739.9,-33.7169
4740.0,-33.7132
4740.1,-33.7096
4740.2,-33.7059
4740.3,-33.7022
4740.4,-33.6985
4740.5,-33.6949
4740.6,-33.6912
4740.7,-33.6875
4740.8,-33.6838
4740.9,-33.6801
4741.0,-33.6765
4741.1,-33.6728
4741.2,-33.6691
4741.3,-33.6654
4741.4,-33.6618
4741.5,-33.6581
4741.6,-33.6544
4741.7,-33.6507
4741.8,-33.6471
4741.9,-33.6434
4742.0,-33.6397
4742.1,-33.6360
4742.2,-33.6324
4742.3,-33.6287
4742.4,-33.6250
4742.5,-33.6213
4742.6,-33.6176
4742.7,-33.6140
4742.8,-33.6103
4742.9,-33.6066
4743.0,-33.6029
4743.1,-33.5993
4743.2,-33.5956
4743.3,-33.5919
4743.4,-33.5882
4743.5,-33.5846
4743.6,-33.5809
4743.7,-33.5772
4743.8,-33.5735
4743.9,-33.5699
4744.0,-33.5662
4744.1,-33.5625
4744.2,-33.5588
4744.3,-33.5551
4744.4,-33.5515
4744.5,-33.5478
4744.6,-33.5441
4744.7,-33.5404
4744.8,-33.5368
4744.9,-33.5331
4745.0,-33.5294
4745.1,-33.5257
4745.2,-33.5221
4745.3,-33.5184
4745.4,-33.5147
4745.5,-33.5110
4745.6,-33.5074
4745.7,-33.5037
4745.8,-33.5000
4745.9,-33.4963
4746.0,-33.4926
4746.1,-33.4890
4746.2,-33.4853
4746.3,-33.4816
4746.4,-33.4779
4746.5,-33.4743
4746.6,-33.4706
4746.7,-33.4669
4746.8,-33.4632
4746.9,-33.4596
4747.0,-33.4559
4747.1,-33.4522
4747.2,-33.4485
4747.3,-33.4449
4747.4,-33.4412
4747.5,-33.4375
4747.6,-33.4338
4747.7,-33.4301
4747.8,-33.4265
4747.9,-33.4228
4748.0,-33.4191
4748.1,-33.4154
4748.2,-33.4118
4748.3,-33.4081
4748.4,-33.4044
4748.5,-33.4007
4748.6,-33.3971
4748.7,-33.3934
4748.8,-33.3897
4748.9,-33.3860
4749.0,-33.3824
4749.1,-33.3787
4749.2,-33.3750
4749.3,-33.3713
4749.4,-33.3676
4749.5,-33.3640
4749.6,-33.3603
4749.7,-33.3566
4749.8,-33.3529
4749.9,-33.3493
4750.0,-33.3456
4750.1,-33.3419
4750.2,-33.3382
4750.3,-33.3346
4750.4,-33.3309
4750.5,-33.3272
4750.6,-33.3235
4750.7,-33.3199
4750.8,-33.3162
4750.9,-33.3125
4751.0,-33.3088
4751.1,-33.3051
4751.2,-33.3015
4751.3,-33.2978
4751.4,-33.2941
4751.5,-33.2904
4751.6,-33.2868
4751.7,-33.2831
4751.8,-33.2794
4751.9,-33.2757
4752.0,-33.2721
4752.1,-33.2684
4752.2,-33.2647
4752.3,-33.2610
4752.4,-33.2574
4752.5,-33.2537
4752.6,-33.2500
4752.7,-33.2463
4752.8,-33.2426
4752.9,-33.2390
4753.0,-33.2353
4753.1,-33.2316
4753.2,-33.2279
4753.3,-33.2243
4753.4,-33.2206
4753.5,-33.2169
4753.6,-27.3834
4753.7,-6.9769
4753.8,13.4272
4753.9,28.0000
4754.0,28.0000
4754.1,24.3265
4754.2,11.4694
4754.3,-1.3878
4754.4,-14.2449
4754.5,-27.1020
4754.6,-39.9592
4754.7,-52.8163
4754.8,-62.0714
4754.9,-62.3214
4755.0,-62.5714
4755.1,-62.8214
4755.2,-63.0714
4755.3,-63.3214
4755.4,-63.5714
4755.5,-63.8214
4755.6,-63.3928
4755.7,-63.1699
4755.8,-62.8682
4755.9,-62.4625
4756.0,-61.9214
4756.1,-61.2081
4756.2,-60.2815
4756.3,-59.1010
4756.4,-57.6335
4756.5,-55.8639
4756.6,-53.8066
4756.7,-51.5142
4756.8,-49.0774
4756.9,-46.6133
4757.0,-44.2445
4757.1,-42.0752
4757.2,-40.1752
4757.3,-38.5748
4757.4,-37.2704
4757.5,-36.2354
4757.6,-35.4314
4757.7,-34.8170
4757.8,-34.3531
4757.9,-34.0060
4758.0,-33.7478
4758.1,-33.0478
4758.2,-33.0441
4758.3,-33.0404
4758.4,-33.0368
4758.5,-33.0331
4758.6,-33.0294
4758.7,-33.0257
4758.8,-33.0221
4758.9,-33.0184
4759.0,-33.0147
4759.1,-33.0110
4759.2,-33.0074
4759.3,-33.0037
4759.4,-33.0000
4759.5,-32.9963
4759.6,-32.9926
4759.7,-32.9890
4759.8,-32.9853
4759.9,-32.9816
4760.0,-32.9779
4760.1,-32.9743
4760.2,-32.9706
4760.3,-32.9669
4760.4,-32.9632
4760.5,-32.9596
4760.6,-32.9559
4760.7,-32.9522
4760.8,-32.9485
4760.9,-32.9449
4761.0,-32.9412
4761.1,-32.9375
4761.2,-32.9338
4761.3,-32.9301
4761.4,-32.9265
4761.5,-32.9228
4761.6,-32.9191
4761.7,-32.9154
4761.8,-32.9118
4761.9,-32.9081
4762.0,-32.9044
4762.1,-32.9007
4762.2,-32.8971
4762.3,-32.8934
4762.4,-32.8897
4762.5,-32.8860
4762.6,-32.8824
4762.7,-32.8787
4762.8,-32.8750
4762.9,-32.8713
4763.0,-32.8676
4763.1,-32.8640
4763.2,-32.8603
4763.3,-32.8566
4763.4,-32.8529
4763.5,-32.8493
4763.6,-32.8456
4763.7,-32.8419
4763.8,-32.8382
4763.9,-32.8346
4764.0,-32.8309
4764.1,-32.8272
4764.2,-32.8235
4764.3,-32.8199
4764.4,-32.8162
4764.5,-32.8125
4764.6,-32.8088
4764.7,-32.8051
4764.8,-32.8015
4764.9,-32.7978
4765.0,-32.7941
4765.1,-32.7904
4765.2,-32.7868
4765.3,-32.7831
4765.4,-32.7794
4765.5,-32.7757
4765.6,-32.7721
4765.7,-32.7684
4765.8,-32.7647
4765.9,-32.7610
4766.0,-32.7574
4766.1,-32.7537
4766.2,-32.7500
4766.3,-32.7463
4766.4,-32.7426
4766.5,-32.7390
4766.6,-32.7353
4766.7,-32.7316
4766.8,-32.7279
4766.9,-32.7243
4767.0,-32.7206
4767.1,-32.7169
4767.2,-32.7132
4767.3,-32.7096
4767.4,-32.7059
4767.5,-32.7022
4767.6,-32.6985
4767.7,-32.6949
4767.8,-32.6912
4767.9,-32.6875
4768.0,-32.6838
4768.1,-32.6801
4768.2,-32.6765
4768.3,-32.6728
4768.4,-32.6691
4768.5,-32.6654
4768.6,-32.6618
4768.7,-32.6581
4768.8,-32.6544
4768.9,-32.6507
4769.0,-32.6471
4769.1,-32.6434
4769.2,-32.6397
4769.3,-32.6360
4769.4,-32.6324
4769.5,-32.6287
4769.6,-32.6250
4769.7,-32.6213
4769.8,-32.6176
4769.9,-32.6140
4770.0,-32.6103
4770.1,-32.6066
4770.2,-32.6029
4770.3,-32.5993
4770.4,-32.5956
4770.5,-32.5919
4770.6,-32.5882
4770.7,-32.5846
4770.8,-32.5809
4770.9,-32.5772
4771.0,-32.5735
4771.1,-32.5699
4771.2,-32.5662
4771.3,-32.5625
4771.4,-32.5588
4771.5,-32.5551
4771.6,-32.5515
4771.7,-32.5478
4771.8,-32.5441
4771.9,-32.5404
4772.0,-32.5368
4772.1,-32.5331
4772.2,-32.5294
4772.3,-32.5257
4772.4,-32.5221
4772.5,-32.5184
4772.6,-32.5147
4772.7,-32.5110
4772.8,-32.5074
4772.9,-32.5037
4773.0,-32.5000
4773.1,-32.4963
4773.2,-32.4926
4773.3,-32.4890
4773.4,-32.4853
4773.5,-32.4816
4773.6,-32.4779
4773.7,-32.4743
4773.8,-32.4706
4773.9,-32.4669
4774.0,-32.4632
4774.1,-32.4596
4774.2,-32.4559
4774.3,-32.4522
4774.4,-32.4485
4774.5,-32.4449
4774.6,-32.4412
4774.7,-32.4375
4774.8,-32.4338
4774.9,-32.4301
4775.0,-32.4265
4775.1,-32.4228
4775.2,-32.4191
4775.3,-32.4154
4775.4,-32.4118
4775.5,-32.4081
4775.6,-32.4044
4775.7,-32.4007
4775.8,-32.3971
4775.9,-32.3934
4776.0,-32.3897
4776.1,-32.3860
4776.2,-32.3824
4776.3,-32.3787
4776.4,-32.3750
4776.5,-32.3713
4776.6,-32.3676
4776.7,-32.3640
4776.8,-32.3603
4776.9,-32.3566
4777.0,-32.3529
4777.1,-32.3493
4777.2,-32.3456
4777.3,-32.3419
4777.4,-32.3382
4777.5,-32.3346
4777.6,-32.3309
4777.7,-32.3272
4777.8,-32.3235
4777.9,-23.7027
4778.0,-3.5942
4778.1,16.5119
4778.2,28.0000
4778.3,28.0000
4778.4,22.4898
4778.5,9.6327
4778.6,-3.2245
4778.7,-16.0816
4778.8,-28.9388
4778.9,-41.7959
4779.0,-54.6531
4779.1,-62.1071
4779.2,-62.3571
4779.3,-62.6071
4779.4,-62.8571
4779.5,-63.1071
4779.6,-63.3571
4779.7,-63.6071
4779.8,-63.8571
4779.9,-63.3466
4780.0,-63.1071
4780.1,-62.7831
4780.2,-62.3478
4780.3,-61.7683
4780.4,-61.0056
4780.5,-60.0174
4780.6,-58.7624
4780.7,-57.2084
4780.8,-55.3437
4780.9,-53.1881
4781.0,-50.8018
4781.1,-48.2828
4781.2,-45.7541
4781.3,-43.3404
4781.4,-41.1447
4781.5,-39.2329
4781.6,-37.6308
4781.7,-36.3305
4781.8,-35.3022
4781.9,-34.5056
4782.0,-33.8980
4782.1,-33.4399
4782.2,-33.0976
4782.3,-32.8432
4782.4,-32.1544
4782.5,-32.1507
4782.6,-32.1471
4782.7,-32.1434
4782.8,-32.1397
4782.9,-32.1360
4783.0,-32.1324
4783.1,-32.1287
4783.2,-32.1250
4783.3,-32.1213
4783.4,-32.1176
4783.5,-32.1140
4783.6,-32.1103
4783.7,-32.1066
4783.8,-32.1029
4783.9,-32.0993
4784.0,-32.0956
4784.1,-32.0919
4784.2,-32.0882
4784.3,-32.0846
4784.4,-32.0809
4784.5,-32.0772
4784.6,-32.0735
4784.7,-32.0699
4784.8,-32.0662
4784.9,-32.0625
4785.0,-32.0588
4785.1,-32.0551
4785.2,-32.0515
4785.3,-32.0478
4785.4,-32.0441
4785.5,-32.0404
4785.6,-32.0368
4785.7,-32.0331
4785.8,-32.0294
4785.9,-32.0257
4786.0,-32.0221
4786.1,-32.0184
4786.2,-32.0147
4786.3,-32.0110
4786.4,-32.0074
4786.5,-32.0037
4786.6,-32.0000
4786.7,-31.9963
4786.8,-31.9926
4786.9,-31.9890
4787.0,-31.9853
4787.1,-31.9816
4787.2,-31.9779
4787.3,-31.9743
4787.4,-31.9706
4787.5,-31.9669
4787.6,-31.9632
4787.7,-31.9596
4787.8,-31.9559
4787.9,-31.9522
4788.0,-31.9485
4788.1,-31.9449
4788.2,-31.9412
4788.3,-31.9375
4788.4,-31.9338
4788.5,-31.9301
4788.6,-31.9265
4788.7,-31.9228
4788.8,-31.9191
4788.9,-31.9154
4789.0,-31.9118
4789.1,-31.9081
4789.2,-31.9044
4789.3,-31.9007
4789.4,-31.8971
4789.5,-31.8934
4789.6,-31.8897
4789.7,-31.8860
4789.8,-31.8824
4789.9,-31.8787
4790.0,-31.8750
4790.1,-31.8713
4790.2,-31.8676
4790.3,-31.8640
4790.4,-31.8603
4790.5,-31.8566
4790.6,-31.8529
4790.7,-31.8493
4790.8,-31.8456
4790.9,-31.8419
4791.0,-31.8382
4791.1,-31.8346
4791.2,-31.8309
4791.3,-31.8272
4791.4,-31.8235
4791.5,-31.8199
4791.6,-31.8162
4791.7,-31.8125
4791.8,-31.8088
4791.9,-31.8051
4792.0,-31.8015
4792.1,-31.7978
4792.2,-31.7941
4792.3,-31.7904
4792.4,-31.7868
4792.5,-31.7831
4792.6,-31.7794
4792.7,-31.7757
4792.8,-31.7721
4792.9,-31.7684
4793.0,-31.7647
4793.1,-31.7610
4793.2,-31.7574
4793.3,-31.7537
4793.4,-31.7500
4793.5,-31.7463
4793.6,-31.7426
4793.7,-31.7390
4793.8,-31.7353
4793.9,-31.7316
4794.0,-31.7279
4794.1,-31.7243
4794.2,-31.7206
4794.3,-31.7169
4794.4,-31.7132
4794.5,-31.7096
4794.6,-31.7059
4794.7,-31.7022
4794.8,-31.6985
4794.9,-31.6949
4795.0,-31.6912
4795.1,-31.6875
4795.2,-31.6838
4795.3,-31.6801
4795.4,-31.6765
4795.5,-31.6728
4795.6,-31.6691
4795.7,-31.6654
4795.8,-31.6618
4795.9,-31.6581
4796.0,-31.6544
4796.1,-31.6507
4796.2,-31.6471
4796.3,-31.6434
4796.4,-31.6397
4796.5,-31.6360
4796.6,-31.6324
4796.7,-31.6287
4796.8,-31.6250
4796.9,-31.6213
4797.0,-31.6176
4797.1,-31.6140
4797.2,-31.6103
4797.3,-31.6066
4797.4,-31.6029
4797.5,-31.5993
4797.6,-31.5956
4797.7,-31.5919
4797.8,-31.5882
4797.9,-31.5846
4798.0,-31.5809
4798.1,-31.5772
4798.2,-31.5735
4798.3,-31.5699
4798.4,-31.5662
4798.5,-31.5625
4798.6,-31.5588
4798.7,-31.5551
4798.8,-31.5515
4798.9,-31.5478
4799.0,-31.5441
4799.1,-31.5404
4799.2,-31.5368
4799.3,-31.5331
4799.4,-31.5294
4799.5,-31.5257
4799.6,-31.5221
4799.7,-31.5184
4799.8,-31.5147
4799.9,-31.5110
4800.0,-31.5074
4800.1,-31.5037
4800.2,-31.5000
4800.3,-31.4963
4800.4,-31.4926
4800.5,-31.4890
4800.6,-31.4853
4800.7,-31.4816
4800.8,-31.4779
4800.9,-31.4743
4801.0,-31.4706
4801.1,-31.4669
4801.2,-31.4632
4801.3,-31.4596
4801.4,-31.4559
4801.5,-31.4522
4801.6,-31.4485
4801.7,-31.4449
4801.8,-31.4412
4801.9,-31.4375
4802.0,-31.4338
4802.1,-31.4301
4802.2,-20.1071
4802.3,-0.2966
4802.4,19.5116
4802.5,28.0000
4802.6,28.0000
4802.7,20.6531
4802.8,7.7959
4802.9,-5.0612
4803.0,-17.9184
4803.1,-30.7755
4803.2,-43.6327
4803.3,-56.4898
4803.4,-62.1429
4803.5,-62.3929
4803.6,-62.6429
4803.7,-62.8929
4803.8,-63.1429
4803.9,-63.3929
4804.0,-63.6429
4804.1,-63.8929
4804.2,-63.2975
4804.3,-63.0403
4804.4,-62.6927
4804.5,-62.2262
4804.6,-61.6061
4804.7,-60.7915
4804.8,-59.7389
4804.9,-58.4064
4805.0,-56.7633
4805.1,-54.8013
4805.2,-52.5466
4805.3,-50.0668
4805.4,-47.4676
4805.5,-44.8773
4805.6,-42.4222
4805.7,-40.2034
4805.8,-38.2829
4805.9,-36.6813
4806.0,-35.3869
4806.1,-34.3665
4806.2,-33.5780
4806.3,-32.9778
4806.4,-32.5260
4806.5,-32.1887
4806.6,-31.9383
4806.7,-31.2610
4806.8,-31.2574
4806.9,-31.2537
4807.0,-31.2500
4807.1,-31.2463
4807.2,-31.2426
4807.3,-31.2390
4807.4,-31.2353
4807.5,-31.2316
4807.6,-31.2279
4807.7,-31.2243
4807.8,-31.2206
4807.9,-31.2169
4808.0,-31.2132
4808.1,-31.2096
4808.2,-31.2059
4808.3,-31.2022
4808.4,-31.1985
4808.5,-31.1949
4808.6,-31.1912
4808.7,-31.1875
4808.8,-31.1838
4808.9,-31.1801
4809.0,-31.1765
4809.1,-31.1728
4809.2,-31.1691
4809.3,-31.1654
4809.4,-31.1618
4809.5,-31.1581
4809.6,-31.1544
4809.7,-31.1507
4809.8,-31.1471
4809.9,-31.1434
4810.0,-31.1397
4810.1,-31.1360
4810.2,-31.1324
4810.3,-31.1287
4810.4,-31.1250
4810.5,-31.1213
4810.6,-31.1176
4810.7,-31.1140
4810.8,-31.1103
4810.9,-31.1066
4811.0,-31.1029
4811.1,-31.0993
4811.2,-31.0956
4811.3,-31.0919
4811.4,-31.0882
4811.5,-31.0846
4811.6,-31.0809
4811.7,-31.0772
4811.8,-31.0735
4811.9,-31.0699
4812.0,-31.0662
4812.1,-31.0625
4812.2,-31.0588
4812.3,-31.0551
4812.4,-31.0515
4812.5,-31.0478
4812.6,-31.0441
4812.7,-31.0404
4812.8,-31.0368
4812.9,-31.0331
4813.0,-31.0294
4813.1,-31.0257
4813.2,-31.0221
4813.3,-31.0184
4813.4,-31.0147
4813.5,-31.0110
4813.6,-31.0074
4813.7,-31.0037
4813.8,-31.0000
4813.9,-30.9963
4814.0,-30.9926
4814.1,-30.9890
4814.2,-30.9853
4814.3,-30.9816
4814.4,-30.9779
4814.5,-30.9743
4814.6,-30.9706
4814.7,-30.9669
4814.8,-30.9632
4814.9,-30.9596
4815.0,-30.9559
4815.1,-30.9522
4815.2,-30.9485
4815.3,-30.9449
4815.4,-30.9412
4815.5,-30.9375
4815.6,-30.9338
4815.7,-30.9301
4815.8,-30.9265
4815.9,-30.9228
4816.0,-30.9191
4816.1,-30.9154
4816.2,-30.9118
4816.3,-30.9081
4816.4,-30.9044
4816.5,-30.9007
4816.6,-30.8971
4816.7,-30.8934
4816.8,-30.8897
4816.9,-30.8860
4817.0,-30.8824
4817.1,-30.8787
4817.2,-30.8750
4817.3,-30.8713
4817.4,-30.8676
4817.5,-30.8640
4817.6,-30.8603
4817.7,-30.8566
4817.8,-30.8529
4817.9,-30.8493
4818.0,-30.8456
4818.1,-30.8419
4818.2,-30.8382
4818.3,-30.8346
4818.4,-30.8309
4818.5,-30.8272
4818.6,-30.8235
4818.7,-30.8199
4818.8,-30.8162
4818.9,-30.8125
4819.0,-30.8088
4819.1,-30.8051
4819.2,-30.8015
4819.3,-30.7978
4819.4,-30.7941
4819.5,-30.7904
4819.6,-30.7868
4819.7,-30.7831
4819.8,-30.7794
4819.9,-30.7757
4820.0,-30.7721
4820.1,-30.7684
4820.2,-30.7647
4820.3,-30.7610
4820.4,-30.7574
4820.5,-30.7537
4820.6,-30.7500
4820.7,-30.7463
4820.8,-30.7426
4820.9,-30.7390
4821.0,-30.7353
4821.1,-30.7316
4821.2,-30.7279
4821.3,-30.7243
4821.4,-30.7206
4821.5,-30.7169
4821.6,-30.7132
4821.7,-30.7096
4821.8,-30.7059
4821.9,-30.7022
4822.0,-30.6985
4822.1,-30.6949
4822.2,-30.6912
4822.3,-30.6875
4822.4,-30.6838
4822.5,-30.6801
4822.6,-30.6765
4822.7,-30.6728
4822.8,-30.6691
4822.9,-30.6654
4823.0,-30.6618
4823.1,-30.6581
4823.2,-30.6544
4823.3,-30.6507
4823.4,-30.6471
4823.5,-30.6434
4823.6,-30.6397
4823.7,-30.6360
4823.8,-30.6324
4823.9,-30.6287
4824.0,-30.6250
4824.1,-30.6213
4824.2,-30.6176
4824.3,-30.6140
4824.4,-30.6103
4824.5,-30.6066
4824.6,-30.6029
4824.7,-30.5993
4824.8,-30.5956
4824.9,-30.5919
4825.0,-30.5882
4825.1,-30.5846
4825.2,-30.5809
4825.3,-30.5772
4825.4,-30.5735
4825.5,-30.5699
4825.6,-30.5662
4825.7,-30.5625
4825.8,-30.5588
4825.9,-30.5551
4826.0,-30.5515
4826.1,-30.5478
4826.2,-30.5441
4826.3,-30.5404
4826.4,-30.5368
4826.5,-16.5966
4826.6,2.9160
4826.7,22.4261
4826.8,28.0000
4826.9,28.0000
4827.0,18.8163
4827.1,5.9592
4827.2,-6.8980
4827.3,-19.7551
4827.4,-32.6122
4827.5,-45.4694
4827.6,-58.3265
4827.7,-62.1786
4827.8,-62.4286
4827.9,-62.6786
4828.0,-62.9286
4828.1,-63.1786
4828.2,-63.4286
4828.3,-63.6786
4828.4,-63.9286
4828.5,-63.2453
4828.6,-62.9693
4828.7,-62.5967
4828.8,-62.0973
4828.9,-61.4343
4829.0,-60.5654
4829.1,-59.4454
4829.2,-58.0324
4829.3,-56.2975
4829.4,-54.2363
4829.5,-51.8817
4829.6,-49.3093
4829.7,-46.6322
4829.8,-43.9835
4829.9,-41.4905
4830.0,-39.2522
4830.1,-37.3257
4830.2,-35.7270
4830.3,-34.4399
4830.4,-33.4286
4830.5,-32.6490
4830.6,-32.0566
4830.7,-31.6114
4830.8,-31.2793
4830.9,-31.0329
4831.0,-30.3676
4831.1,-30.3640
4831.2,-30.3603
4831.3,-30.3566
4831.4,-30.3529
4831.5,-30.3493
4831.6,-30.3456
4831.7,-30.3419
4831.8,-30.3382
4831.9,-30.3346
4832.0,-30.3309
4832.1,-30.3272
4832.2,-30.3235
4832.3,-30.3199
4832.4,-30.3162
4832.5,-30.3125
4832.6,-30.3088
4832.7,-30.3051
4832.8,-30.3015
4832.9,-30.2978
4833.0,-30.2941
4833.1,-30.2904
4833.2,-30.2868
4833.3,-30.2831
4833.4,-30.2794
4833.5,-30.2757
4833.6,-30.2721
4833.7,-30.2684
4833.8,-30.2647
4833.9,-30.2610
4834.0,-30.2574
4834.1,-30.2537
4834.2,-30.2500
4834.3,-30.2463
4834.4,-30.2426
4834.5,-30.2390
4834.6,-30.2353
4834.7,-30.2316
4834.8,-30.2279
4834.9,-30.2243
4835.0,-30.2206
4835.1,-30.2169
4835.2,-30.2132
4835.3,-30.2096
4835.4,-30.2059
4835.5,-30.2022
4835.6,-30.1985
4835.7,-30.1949
4835.8,-30.1912
4835.9,-30.1875
4836.0,-30.1838
4836.1,-30.1801
4836.2,-30.1765
4836.3,-30.1728
4836.4,-30.1691
4836.5,-30.1654
4836.6,-30.1618
4836.7,-30.1581
4836.8,-30.1544
4836.9,-30.1507
4837.0,-30.1471
4837.1,-30.1434
4837.2,-30.1397
4837.3,-30.1360
4837.4,-30.1324
4837.5,-30.1287
4837.6,-30.1250
4837.7,-30.1213
4837.8,-30.1176
4837.9,-30.1140
4838.0,-30.1103
4838.1,-30.1066
4838.2,-30.1029
4838.3,-30.0993
4838.4,-30.0956
4838.5,-30.0919
4838.6,-30.0882
4838.7,-30.0846
4838.8,-30.0809
4838.9,-30.0772
4839.0,-30.0735
4839.1,-30.0699
4839.2,-30.0662
4839.3,-30.0625
4839.4,-30.0588
4839.5,-30.0551
4839.6,-30.0515
4839.7,-30.0478
4839.8,-30.0441
4839.9,-30.0404
4840.0,-30.0368
4840.1,-30.0331
4840.2,-30.0294
4840.3,-30.0257
4840.4,-30.0221
4840.5,-30.0184
4840.6,-30.0147
4840.7,-30.0110
4840.8,-30.0074
4840.9,-30.0037
4841.0,-30.0000
4841.1,-30.0382
4841.2,-30.0765
4841.3,-30.1147
4841.4,-30.1529
4841.5,-30.1912
4841.6,-30.2294
4841.7,-30.2676
4841.8,-30.3059
4841.9,-30.3441
4842.0,-30.3824
4842.1,-30.4206
4842.2,-30.4588
4842.3,-30.4971
4842.4,-30.5353
4842.5,-30.5735
4842.6,-30.6118
4842.7,-30.6500
4842.8,-30.6882
4842.9,-30.7265
4843.0,-30.7647
4843.1,-30.8029
4843.2,-30.8412
4843.3,-30.8794
4843.4,-30.9176
4843.5,-30.9559
4843.6,-30.9941
4843.7,-31.0324
4843.8,-31.0706
4843.9,-31.1088
4844.0,-31.1471
4844.1,-31.1853
4844.2,-31.2235
4844.3,-31.2618
4844.4,-31.3000
4844.5,-31.3382
4844.6,-31.3765
4844.7,-31.4147
4844.8,-31.4529
4844.9,-31.4912
4845.0,-31.5294
4845.1,-31.5676
4845.2,-31.6059
4845.3,-31.6441
4845.4,-31.6824
4845.5,-31.7206
4845.6,-31.7588
4845.7,-31.7971
4845.8,-31.8353
4845.9,-31.8735
4846.0,-31.9118
4846.1,-31.9500
4846.2,-31.9882
4846.3,-32.0265
4846.4,-32.0647
4846.5,-32.1029
4846.6,-32.1412
4846.7,-32.1794
4846.8,-32.2176
4846.9,-32.2559
4847.0,-32.2941
4847.1,-32.3324
4847.2,-32.3706
4847.3,-32.4088
4847.4,-32.4471
4847.5,-32.4853
4847.6,-32.5235
4847.7,-32.5618
4847.8,-32.6000
4847.9,-32.6382
4848.0,-32.6765
4848.1,-32.7147
4848.2,-32.7529
4848.3,-32.7912
4848.4,-32.8294
4848.5,-32.8676
4848.6,-32.9059
4848.7,-32.9441
4848.8,-32.9824
4848.9,-33.0206
4849.0,-33.0588
4849.1,-33.0971
4849.2,-33.1353
4849.3,-33.1735
4849.4,-33.2118
4849.5,-33.2500
4849.6,-33.2882
4849.7,-33.3265
4849.8,-33.3647
4849.9,-33.4029
4850.0,-33.4412
4850.1,-33.4794
4850.2,-33.5176
4850.3,-33.5559
4850.4,-33.5941
4850.5,-33.6324
4850.6,-33.6706
4850.7,-33.7088
4850.8,-16.1050
4850.9,4.4627
4851.0,25.0560
4851.1,28.0000
4851.2,28.0000
4851.3,16.9796
4851.4,4.1224
4851.5,-8.7347
4851.6,-21.5918
4851.7,-34.4490
4851.8,-47.3061
4851.9,-60.1633
4852.0,-62.2143
4852.1,-62.4643
4852.2,-62.7143
4852.3,-62.9643
4852.4,-63.2143
4852.5,-63.4643
4852.6,-63.7143
4852.7,-63.9643
4852.8,-63.3062
4852.9,-63.0541
4853.0,-62.7147
4853.1,-62.2609
4853.2,-61.6604
4853.3,-60.8763
4853.4,-59.8699
4853.5,-58.6069
4853.6,-57.0654
4853.7,-55.2471
4853.8,-53.1867
4853.9,-50.9558
4854.0,-48.6568
4854.1,-46.4054
4854.2,-44.3088
4854.3,-42.4467
4854.4,-40.8620
4854.5,-39.5627
4854.6,-38.5307
4854.7,-37.7326
4854.8,-37.1294
4854.9,-36.6826
4855.0,-36.3580
4855.1,-36.1271
4855.2,-35.9669
4855.3,-35.4676
4855.4,-35.5059
4855.5,-35.5441
4855.6,-35.5824
4855.7,-35.6206
4855.8,-35.6588
4855.9,-35.6971
4856.0,-35.7353
4856.1,-35.7735
4856.2,-35.8118
4856.3,-35.8500
4856.4,-35.8882
4856.5,-35.9265
4856.6,-35.9647
4856.7,-36.0029
4856.8,-36.0412
4856.9,-36.0794
4857.0,-36.1176
4857.1,-36.1559
4857.2,-36.1941
4857.3,-36.2324
4857.4,-36.2706
4857.5,-36.3088
4857.6,-36.3471
4857.7,-36.3853
4857.8,-36.4235
4857.9,-36.4618
4858.0,-36.5000
4858.1,-36.5382
4858.2,-36.5765
4858.3,-36.6147
4858.4,-36.6529
4858.5,-36.6912
4858.6,-36.7294
4858.7,-36.7676
4858.8,-36.8059
4858.9,-36.8441
4859.0,-36.8824
4859.1,-36.9206
4859.2,-36.9588
4859.3,-36.9971
4859.4,-37.0353
4859.5,-37.0735
4859.6,-37.1118
4859.7,-37.1500
4859.8,-37.1882
4859.9,-37.2265
4860.0,-37.2647
4860.1,-37.3029
4860.2,-37.3412
4860.3,-37.3794
4860.4,-37.4176
4860.5,-37.4559
4860.6,-37.4941
4860.7,-37.5324
4860.8,-37.5706
4860.9,-37.6088
4861.0,-37.6471
4861.1,-37.6853
4861.2,-37.7235
4861.3,-37.7618
4861.4,-37.8000
4861.5,-37.8382
4861.6,-37.8765
4861.7,-37.9147
4861.8,-37.9529
4861.9,-37.9912
4862.0,-38.0294
4862.1,-38.0676
4862.2,-38.1059
4862.3,-38.1441
4862.4,-38.1824
4862.5,-38.2206
4862.6,-38.2588
4862.7,-38.2971
4862.8,-38.3353
4862.9,-38.3735
4863.0,-38.4118
4863.1,-38.4500
4863.2,-38.4882
4863.3,-38.5265
4863.4,-38.5647
4863.5,-38.6029
4863.6,-38.6412
4863.7,-38.6794
4863.8,-38.7176
4863.9,-38.7559
4864.0,-38.7941
4864.1,-38.8324
4864.2,-38.8706
4864.3,-38.9088
4864.4,-38.9471
4864.5,-38.9853
4864.6,-39.0235
4864.7,-39.0618
4864.8,-39.1000
4864.9,-39.1382
4865.0,-39.1765
4865.1,-39.2147
4865.2,-39.2529
4865.3,-39.2912
4865.4,-39.3294
4865.5,-39.3676
4865.6,-39.4059
4865.7,-39.4441
4865.8,-39.4824
4865.9,-39.5206
4866.0,-39.5588
4866.1,-39.5971
4866.2,-39.6353
4866.3,-39.6735
4866.4,-39.7118
4866.5,-39.7500
4866.6,-39.7882
4866.7,-39.8265
4866.8,-39.8647
4866.9,-39.9029
4867.0,-39.9412
4867.1,-39.9794
4867.2,-40.0176
4867.3,-40.0559
4867.4,-40.0941
4867.5,-40.1324
4867.6,-40.1706
4867.7,-40.2088
4867.8,-40.2471
4867.9,-40.2853
4868.0,-40.3235
4868.1,-40.3618
4868.2,-40.4000
4868.3,-40.4382
4868.4,-40.4765
4868.5,-40.5147
4868.6,-40.5529
4868.7,-40.5912
4868.8,-40.6294
4868.9,-40.6676
4869.0,-40.7059
4869.1,-40.7441
4869.2,-40.7824
4869.3,-40.8206
4869.4,-40.8588
4869.5,-40.8971
4869.6,-40.9353
4869.7,-40.9735
4869.8,-41.0118
4869.9,-41.0500
4870.0,-41.0882
4870.1,-41.1265
4870.2,-41.1647
4870.3,-41.2029
4870.4,-41.2412
4870.5,-41.2794
4870.6,-41.3176
4870.7,-41.3559
4870.8,-41.3941
4870.9,-41.4324
4871.0,-41.4706
4871.1,-41.5088
4871.2,-41.5471
4871.3,-41.5853
4871.4,-41.6235
4871.5,-41.6618
4871.6,-41.7000
4871.7,-41.7382
4871.8,-41.7765
4871.9,-41.8147
4872.0,-41.8529
4872.1,-41.8912
4872.2,-41.9294
4872.3,-41.9676
4872.4,-42.0059
4872.5,-42.0441
4872.6,-42.0824
4872.7,-42.1206
4872.8,-42.1588
4872.9,-42.1971
4873.0,-42.2353
4873.1,-42.2735
4873.2,-42.3118
4873.3,-42.3500
4873.4,-42.3882
4873.5,-42.4265
4873.6,-42.4647
4873.7,-42.5029
4873.8,-42.5412
4873.9,-42.5794
4874.0,-42.6176
4874.1,-42.6559
4874.2,-42.6941
4874.3,-42.7324
4874.4,-42.7706
4874.5,-42.8088
4874.6,-42.8471
4874.7,-42.8853
4874.8,-42.9235
4874.9,-42.9618
4875.0,-43.0000
4875.1,-43.2682
4875.2,-43.5343
4875.3,-43.7984
4875.4,-44.0605
4875.5,-44.3206
4875.6,-44.5787
4875.7,-44.8348
4875.8,-45.0889
4875.9,-45.3411
4876.0,-45.5914
4876.1,-45.8397
4876.2,-46.0861
4876.3,-46.3307
4876.4,-46.5734
4876.5,-46.8142
4876.6,-47.0532
4876.7,-47.2903
4876.8,-47.5256
4876.9,-47.7591
4877.0,-47.9909
4877.1,-48.2208
4877.2,-48.4490
4877.3,-48.6755
4877.4,-48.9002
4877.5,-49.1231
4877.6,-49.3444
4877.7,-49.5640
4877.8,-49.7819
4877.9,-49.9981
4878.0,-50.2127
4878.1,-50.4256
4878.2,-50.6369
4878.3,-50.8466
4878.4,-51.0547
4878.5,-51.2612
4878.6,-51.4661
4878.7,-51.6694
4878.8,-51.8711
4878.9,-52.0714
4879.0,-52.2700
4879.1,-52.4672
4879.2,-52.6629
4879.3,-52.8570
4879.4,-53.0497
4879.5,-53.2409
4879.6,-53.4306
4879.7,-53.6189
4879.8,-53.8057
4879.9,-53.9911
4880.0,-54.1751
4880.1,-54.3576
4880.2,-54.5388
4880.3,-54.7186
4880.4,-54.8970
4880.5,-55.0740
4880.6,-55.2497
4880.7,-55.4240
4880.8,-55.5970
4880.9,-55.7687
4881.0,-55.9390
4881.1,-56.1081
4881.2,-56.2758
4881.3,-56.4423
4881.4,-56.6075
4881.5,-56.7714
4881.6,-56.9341
4881.7,-57.0955
4881.8,-57.2557
4881.9,-57.4147
4882.0,-57.5724
4882.1,-57.7289
4882.2,-57.8843
4882.3,-58.0384
4882.4,-58.1914
4882.5,-58.3432
4882.6,-58.4938
4882.7,-58.6433
4882.8,-58.7916
4882.9,-58.9388
4883.0,-59.0848
4883.1,-59.2298
4883.2,-59.3736
4883.3,-59.5164
4883.4,-59.6580
4883.5,-59.7985
4883.6,-59.9380
4883.7,-60.0764
4883.8,-60.2138
4883.9,-60.3501
4884.0,-60.4853
4884.1,-60.6195
4884.2,-60.7527
4884.3,-60.8849
4884.4,-61.0160
4884.5,-61.1462
4884.6,-61.2753
4884.7,-61.4035
4884.8,-61.5306
4884.9,-61.6568
4885.0,-61.7821
4885.1,-61.9063
4885.2,-62.0297
4885.3,-62.1520
4885.4,-62.2735
4885.5,-62.3940
4885.6,-62.5136
4885.7,-62.6323
4885.8,-62.7500
4885.9,-62.8669
4886.0,-62.9828
4886.1,-63.0979
4886.2,-63.2121
4886.3,-63.3254
4886.4,-63.4379
4886.5,-63.5494
4886.6,-63.6602
4886.7,-63.7701
4886.8,-63.8791
4886.9,-63.9873
4887.0,-64.0947
4887.1,-64.2012
4887.2,-64.3070
4887.3,-64.4119
4887.4,-64.5160
4887.5,-64.6194
4887.6,-64.7219
4887.7,-64.8236
4887.8,-64.9246
4887.9,-65.0248
4888.0,-65.1242
4888.1,-65.2229
4888.2,-65.3208
4888.3,-65.4180
4888.4,-65.5144
4888.5,-65.6100
4888.6,-65.7050
4888.7,-65.7992
4888.8,-65.8927
4888.9,-65.9855
4889.0,-66.0775
4889.1,-66.1689
4889.2,-66.2595
4889.3,-66.3495
4889.4,-66.4388
4889.5,-66.5274
4889.6,-66.6153
4889.7,-66.7025
4889.8,-66.7891
4889.9,-66.8750
4890.0,-66.9603
4890.1,-67.0449
4890.2,-67.1288
4890.3,-67.2121
4890.4,-67.2948
4890.5,-67.3768
4890.6,-67.4582
4890.7,-67.5390
4890.8,-67.6191
4890.9,-67.6987
4891.0,-67.7776
4891.1,-67.8560
4891.2,-67.9337
4891.3,-68.0108
4891.4,-68.0874
4891.5,-68.1633
4891.6,-68.2387
4891.7,-68.3135
4891.8,-68.3877
4891.9,-68.4614
4892.0,-68.5345
4892.1,-68.6070
4892.2,-68.6790
4892.3,-68.7504
4892.4,-68.8213
4892.5,-68.8916
4892.6,-68.9614
4892.7,-69.0307
4892.8,-69.0994
4892.9,-69.1676
4893.0,-69.2353
4893.1,-69.3025
4893.2,-69.3691
4893.3,-69.4352
4893.4,-69.5009
4893.5,-69.5660
4893.6,-69.6306
4893.7,-69.6948
4893.8,-69.7584
4893.9,-69.8216
4894.0,-69.8842
4894.1,-69.9464
4894.2,-70.0081
4894.3,-70.0694
4894.4,-70.1301
4894.5,-70.1904
4894.6,-70.2503
4894.7,-70.3097
4894.8,-70.3686
4894.9,-70.4271
4895.0,-70.4851
4895.1,-70.5427
4895.2,-70.5998
4895.3,-70.6565
4895.4,-70.7128
4895.5,-70.7687
4895.6,-70.8241
4895.7,-70.8791
4895.8,-70.9336
4895.9,-70.9878
4896.0,-71.0415
4896.1,-71.0948
4896.2,-71.1477
4896.3,-71.2002
4896.4,-71.2524
4896.5,-71.3041
4896.6,-71.3554
4896.7,-71.4063
4896.8,-71.4568
4896.9,-71.5069
4897.0,-71.5567
4897.1,-71.6061
4897.2,-71.6551
4897.3,-71.7037
4897.4,-71.7519
4897.5,-71.7998
4897.6,-71.8473
4897.7,-71.8945
4897.8,-71.9413
4897.9,-71.9877
4898.0,-72.0338
4898.1,-72.0795
4898.2,-72.1248
4898.3,-72.1699
4898.4,-72.2145
4898.5,-72.2589
4898.6,-72.3029
4898.7,-72.3465
4898.8,-72.3898
4898.9,-72.4328
4899.0,-72.4755
4899.1,-72.5178
4899.2,-72.5598
4899.3,-72.6015
4899.4,-72.6429
4899.5,-72.6839
4899.6,-72.7247
4899.7,-72.7651
4899.8,-72.8052
4899.9,-72.8450
4900.0,-72.8845
4900.1,-72.9237
4900.2,-72.9626
4900.3,-73.0012
4900.4,-73.0395
4900.5,-73.0775
4900.6,-73.1153
4900.7,-73.1527
4900.8,-73.1898
4900.9,-73.2267
4901.0,-73.2633
4901.1,-73.2996
4901.2,-73.3356
4901.3,-73.3713
4901.4,-73.4068
4901.5,-73.4420
4901.6,-73.4769
4901.7,-73.5116
4901.8,-73.5460
4901.9,-73.5801
4902.0,-73.6140
4902.1,-73.6476
4902.2,-73.6809
4902.3,-73.7140
4902.4,-73.7469
4902.5,-73.7795
4902.6,-73.8118
4902.7,-73.8439
4902.8,-73.8757
4902.9,-73.9073
4903.0,-73.9387
4903.1,-73.9698
4903.2,-74.0007
4903.3,-74.0314
4903.4,-74.0618
4903.5,-74.0919
4903.6,-74.1219
4903.7,-74.1516
4903.8,-74.1811
4903.9,-74.2104
4904.0,-74.2394
4904.1,-74.2682
4904.2,-74.2968
4904.3,-74.3252
4904.4,-74.3533
4904.5,-74.3813
4904.6,-74.4090
4904.7,-74.4365
4904.8,-74.4638
4904.9,-74.4909
4905.0,-74.5178
4905.1,-74.5445
4905.2,-74.5710
4905.3,-74.5973
4905.4,-74.6233
4905.5,-74.6492
4905.6,-74.6749
4905.7,-74.7004
4905.8,-74.7257
4905.9,-74.7507
4906.0,-74.7756
4906.1,-74.8004
4906.2,-74.8249
4906.3,-74.8492
4906.4,-74.8733
4906.5,-74.8973
4906.6,-74.9211
4906.7,-74.9447
4906.8,-74.9681
4906.9,-74.9913
4907.0,-75.0144
4907.1,-75.0373
4907.2,-75.0600
4907.3,-75.0825
4907.4,-75.1048
4907.5,-75.1270
4907.6,-75.1490
4907.7,-75.1709
4907.8,-75.1926
4907.9,-75.2141
4908.0,-75.2354
4908.1,-75.2566
4908.2,-75.2776
4908.3,-75.2985
4908.4,-75.3192
4908.5,-75.3397
4908.6,-75.3601
4908.7,-75.3804
4908.8,-75.4004
4908.9,-75.4203
4909.0,-75.4401
4909.1,-75.4597
4909.2,-75.4792
4909.3,-75.4985
4909.4,-75.5177
4909.5,-75.5367
4909.6,-75.5556
4909.7,-75.5743
4909.8,-75.5929
4909.9,-75.6113
4910.0,-75.6296
4910.1,-75.6478
4910.2,-75.6658
4910.3,-75.6837
4910.4,-75.7015
4910.5,-75.7191
4910.6,-75.7366
4910.7,-75.7539
4910.8,-75.7711
4910.9,-75.7882
4911.0,-75.8051
4911.1,-75.8220
4911.2,-75.8387
4911.3,-75.8552
4911.4,-75.8716
4911.5,-75.8880
4911.6,-75.9041
4911.7,-75.9202
4911.8,-75.9361
4911.9,-75.9520
4912.0,-75.9676
4912.1,-75.9832
4912.2,-75.9987
4912.3,-76.0140
4912.4,-76.0292
4912.5,-76.0443
4912.6,-76.0593
4912.7,-76.0742
4912.8,-76.0889
4912.9,-76.1036
4913.0,-76.1181
4913.1,-76.1325
4913.2,-76.1469
4913.3,-76.1611
4913.4,-76.1751
4913.5,-76.1891
4913.6,-76.2030
4913.7,-76.2168
4913.8,-76.2304
4913.9,-76.2440
4914.0,-76.2575
4914.1,-76.2708
4914.2,-76.2841
4914.3,-76.2972
4914.4,-76.3103
4914.5,-76.3232
4914.6,-76.3361
4914.7,-76.3488
4914.8,-76.3615
4914.9,-76.3740
4915.0,-76.3865
4915.1,-76.3988
4915.2,-76.4111
4915.3,-76.4233
4915.4,-76.4354
4915.5,-76.4473
4915.6,-76.4592
4915.7,-76.4711
4915.8,-76.4828
4915.9,-76.4944
4916.0,-76.5059
4916.1,-76.5174
4916.2,-76.5287
4916.3,-76.5400
4916.4,-76.5512
4916.5,-76.5623
4916.6,-76.5733
4916.7,-76.5843
4916.8,-76.5951
4916.9,-76.6059
4917.0,-76.6166
4917.1,-76.6272
4917.2,-76.6377
4917.3,-76.6481
4917.4,-76.6585
4917.5,-76.6688
4917.6,-76.6790
4917.7,-76.6891
4917.8,-76.6991
4917.9,-76.7091
4918.0,-76.7190
4918.1,-76.7288
4918.2,-76.7385
4918.3,-76.7482
4918.4,-76.7578
4918.5,-76.7673
4918.6,-76.7768
4918.7,-76.7861
4918.8,-76.7954
4918.9,-76.8047
4919.0,-76.8138
4919.1,-76.8229
4919.2,-76.8319
4919.3,-76.8409
4919.4,-76.8498
4919.5,-76.8586
4919.6,-76.8673
4919.7,-76.8760
4919.8,-76.8846
4919.9,-76.8932
4920.0,-76.9016
4920.1,-76.9101
4920.2,-76.9184
4920.3,-76.9267
4920.4,-76.9349
4920.5,-76.9431
4920.6,-76.9512
4920.7,-76.9592
4920.8,-76.9672
4920.9,-76.9751
4921.0,-76.9830
4921.1,-76.9908
4921.2,-76.9985
4921.3,-77.0062
4921.4,-77.0138
4921.5,-77.0213
4921.6,-77.0288
4921.7,-77.0363
4921.8,-77.0437
4921.9,-77.0510
4922.0,-77.0583
4922.1,-77.0655
4922.2,-77.0726
4922.3,-77.0798
4922.4,-77.0868
4922.5,-77.0938
4922.6,-77.1007
4922.7,-77.1076
4922.8,-77.1145
4922.9,-77.1213
4923.0,-77.1280
4923.1,-77.1347
4923.2,-77.1413
4923.3,-77.1479
4923.4,-77.1544
4923.5,-77.1609
4923.6,-77.1673
4923.7,-77.1737
4923.8,-77.1800
4923.9,-77.1863
4924.0,-77.1926
4924.1,-77.1987
4924.2,-77.2049
4924.3,-77.2110
4924.4,-77.2170
4924.5,-77.2230
4924.6,-77.2290
4924.7,-77.2349
4924.8,-77.2407
4924.9,-77.2466
4925.0,-77.2523
4925.1,-77.2581
4925.2,-77.2638
4925.3,-77.2694
4925.4,-77.2750
4925.5,-77.2805
4925.6,-77.2861
4925.7,-77.2915
4925.8,-77.2970
4925.9,-77.3023
4926.0,-77.3077
4926.1,-77.3130
4926.2,-77.3183
4926.3,-77.3235
4926.4,-77.3287
4926.5,-77.3338
4926.6,-77.3389
4926.7,-77.3440
4926.8,-77.3490
4926.9,-77.3540
4927.0,-77.3590
4927.1,-77.3639
4927.2,-77.3687
4927.3,-77.3736
4927.4,-77.3784
4927.5,-77.3831
4927.6,-77.3879
4927.7,-77.3926
4927.8,-77.3972
4927.9,-77.4018
4928.0,-77.4064
4928.1,-77.4110
4928.2,-77.4155
4928.3,-77.4200
4928.4,-77.4244
4928.5,-77.4288
4928.6,-77.4332
4928.7,-77.4375
4928.8,-77.4418
4928.9,-77.4461
4929.0,-77.4504
4929.1,-77.4546
4929.2,-77.4588
4929.3,-77.4629
4929.4,-77.4670
4929.5,-77.4711
4929.6,-77.4752
4929.7,-77.4792
4929.8,-77.4832
4929.9,-77.4871
4930.0,-77.4911
4930.1,-77.4950
4930.2,-77.4988
4930.3,-77.5027
4930.4,-77.5065
4930.5,-77.5103
4930.6,-77.5140
4930.7,-77.5177
4930.8,-77.5214
4930.9,-77.5251
4931.0,-77.5287
4931.1,-77.5324
4931.2,-77.5359
4931.3,-77.5395
4931.4,-77.5430
4931.5,-77.5465
4931.6,-77.5500
4931.7,-77.5534
4931.8,-77.5569
4931.9,-77.5603
4932.0,-77.5636
4932.1,-77.5670
4932.2,-77.5703
4932.3,-77.5736
4932.4,-77.5769
4932.5,-77.5801
4932.6,-77.5833
4932.7,-77.5865
4932.8,-77.5897
4932.9,-77.5928
4933.0,-77.5959
4933.1,-77.5990
4933.2,-77.6021
4933.3,-77.6052
4933.4,-77.6082
4933.5,-77.6112
4933.6,-77.6142
4933.7,-77.6171
4933.8,-77.6201
4933.9,-77.6230
4934.0,-77.6259
4934.1,-77.6287
4934.2,-77.6316
4934.3,-77.6344
4934.4,-77.6372
4934.5,-77.6400
4934.6,-77.6427
4934.7,-77.6455
4934.8,-77.6482
4934.9,-77.6509
4935.0,-77.6536
4935.1,-77.6562
4935.2,-77.6588
4935.3,-77.6615
4935.4,-77.6641
4935.5,-77.6666
4935.6,-77.6692
4935.7,-77.6717
4935.8,-77.6742
4935.9,-77.6767
4936.0,-77.6792
4936.1,-77.6817
4936.2,-77.6841
4936.3,-77.6865
4936.4,-77.6889
4936.5,-77.6913
4936.6,-77.6937
4936.7,-77.6960
4936.8,-77.6984
4936.9,-77.7007
4937.0,-77.7030
4937.1,-77.7052
4937.2,-77.7075
4937.3,-77.7097
4937.4,-77.7120
4937.5,-77.7142
4937.6,-77.7164
4937.7,-77.7185
4937.8,-77.7207
4937.9,-77.7228
4938.0,-77.7250
4938.1,-77.7271
4938.2,-77.7292
4938.3,-77.7312
4938.4,-77.7333
4938.5,-77.7353
4938.6,-77.7374
4938.7,-77.7394
4938.8,-77.7414
4938.9,-77.7433
4939.0,-77.7453
4939.1,-77.7473
4939.2,-77.7492
4939.3,-77.7511
4939.4,-77.7530
4939.5,-77.7549
4939.6,-77.7568
4939.7,-77.7587
4939.8,-77.7605
4939.9,-77.7624
4940.0,-78.0000
4940.1,-77.9867
4940.2,-77.9735
4940.3,-77.9604
4940.4,-77.9474
4940.5,-77.9344
4940.6,-77.9216
4940.7,-77.9088
4940.8,-77.8961
4940.9,-77.8835
4941.0,-77.8710
4941.1,-77.8586
4941.2,-77.8462
4941.3,-77.8340
4941.4,-77.8218
4941.5,-77.8097
4941.6,-77.7977
4941.7,-77.7857
4941.8,-77.7738
4941.9,-77.7621
4942.0,-77.7503
4942.1,-77.7387
4942.2,-77.7272
4942.3,-77.7157
4942.4,-77.7043
4942.5,-77.6930
4942.6,-77.6817
4942.7,-77.6705
4942.8,-77.6594
4942.9,-77.6484
4943.0,-77.6375
4943.1,-77.6266
4943.2,-77.6158
4943.3,-77.6050
4943.4,-77.5944
4943.5,-77.5838
4943.6,-77.5733
4943.7,-77.5628
4943.8,-77.5524
4943.9,-77.5421
4944.0,-77.5319
4944.1,-77.5217
4944.2,-77.5116
4944.3,-77.5015
4944.4,-77.4915
4944.5,-77.4816
4944.6,-77.4718
4944.7,-77.4620
4944.8,-77.4523
4944.9,-77.4426
4945.0,-77.4331
4945.1,-77.4235
4945.2,-77.4141
4945.3,-77.4047
4945.4,-77.3954
4945.5,-77.3861
4945.6,-77.3769
4945.7,-77.3677
4945.8,-77.3586
4945.9,-77.3496
4946.0,-77.3406
4946.1,-77.3317
4946.2,-77.3229
4946.3,-77.3141
4946.4,-77.3054
4946.5,-77.2967
4946.6,-77.2881
4946.7,-77.2795
4946.8,-77.2710
4946.9,-77.2626
4947.0,-77.2542
4947.1,-77.2458
4947.2,-77.2376
4947.3,-77.2293
4947.4,-77.2212
4947.5,-77.2131
4947.6,-77.2050
4947.7,-77.1970
4947.8,-77.1890
4947.9,-77.1811
4948.0,-77.1733
4948.1,-77.1655
4948.2,-77.1578
4948.3,-77.1501
4948.4,-77.1424
4948.5,-77.1348
4948.6,-77.1273
4948.7,-77.1198
4948.8,-77.1124
4948.9,-77.1050
4949.0,-77.0976
4949.1,-77.0903
4949.2,-77.0831
4949.3,-77.0759
4949.4,-77.0687
4949.5,-77.0616
4949.6,-77.0546
4949.7,-77.0476
4949.8,-77.0406
4949.9,-77.0337
4950.0,-77.0268
4950.1,-77.0200
4950.2,-77.0132
4950.3,-77.0065
4950.4,-76.9998
4950.5,-76.9932
4950.6,-76.9866
4950.7,-76.9800
4950.8,-76.9735
4950.9,-76.9670
4951.0,-76.9606
4951.1,-76.9542
4951.2,-76.9479
4951.3,-76.9416
4951.4,-76.9353
4951.5,-76.9291
4951.6,-76.9229
4951.7,-76.9168
4951.8,-76.9107
4951.9,-76.9047
4952.0,-76.8987
4952.1,-76.8927
4952.2,-76.8868
4952.3,-76.8809
4952.4,-76.8750
4952.5,-76.8692
4952.6,-76.8634
4952.7,-76.8577
4952.8,-76.8520
4952.9,-76.8463
4953.0,-76.8407
4953.1,-76.8351
4953.2,-76.8296
4953.3,-76.8241
4953.4,-76.8186
4953.5,-76.8131
4953.6,-76.8077
4953.7,-76.8024
4953.8,-76.7970
4953.9,-76.7917
4954.0,-76.7865
4954.1,-76.7813
4954.2,-76.7761
4954.3,-76.7709
4954.4,-76.7658
4954.5,-76.7607
4954.6,-76.7556
4954.7,-76.7506
4954.8,-76.7456
4954.9,-76.7407
4955.0,-76.7358
4955.1,-76.7309
4955.2,-76.7260
4955.3,-76.7212
4955.4,-76.7164
4955.5,-76.7116
4955.6,-76.7069
4955.7,-76.7022
4955.8,-76.6975
4955.9,-76.6929
4956.0,-76.6883
4956.1,-76.6837
4956.2,-76.6792
4956.3,-76.6747
4956.4,-76.6702
4956.5,-76.6657
4956.6,-76.6613
4956.7,-76.6569
4956.8,-76.6526
4956.9,-76.6482
4957.0,-76.6439
4957.1,-76.6396
4957.2,-76.6354
4957.3,-76.6312
4957.4,-76.6270
4957.5,-76.6228
4957.6,-76.6187
4957.7,-76.6146
4957.8,-76.6105
4957.9,-76.6064
4958.0,-76.6024
4958.1,-76.5984
4958.2,-76.5944
4958.3,-76.5905
4958.4,-76.5865
4958.5,-76.5826
4958.6,-76.5788
4958.7,-76.5749
4958.8,-76.5711
4958.9,-76.5673
4959.0,-76.5635
4959.1,-76.5598
4959.2,-76.5561
4959.3,-76.5524
4959.4,-76.5487
4959.5,-76.5451
4959.6,-76.5414
4959.7,-76.5378
4959.8,-76.5343
4959.9,-76.5307
4960.0,-76.5272
4960.1,-76.5237
4960.2,-76.5202
4960.3,-76.5168
4960.4,-76.5133
4960.5,-76.5099
4960.6,-76.5065
4960.7,-76.5032
4960.8,-76.4998
4960.9,-76.4965
4961.0,-76.4932
4961.1,-76.4899
4961.2,-76.4867
4961.3,-76.4834
4961.4,-76.4802
4961.5,-76.4770
4961.6,-76.4739
4961.7,-76.4707
4961.8,-76.4676
4961.9,-76.4645
4962.0,-76.4614
4962.1,-76.4583
4962.2,-76.4553
4962.3,-76.4523
4962.4,-76.4492
4962.5,-76.4463
4962.6,-76.4433
4962.7,-76.4403
4962.8,-76.4374
4962.9,-76.4345
4963.0,-76.4316
4963.1,-76.4288
4963.2,-76.4259
4963.3,-76.4231
4963.4,-76.4203
4963.5,-76.4175
4963.6,-76.4147
4963.7,-76.4120
4963.8,-76.4092
4963.9,-76.4065
4964.0,-76.4038
4964.1,-76.4011
4964.2,-76.3984
4964.3,-76.3958
4964.4,-76.3932
4964.5,-76.3906
4964.6,-76.3880
4964.7,-76.3854
4964.8,-76.3828
4964.9,-76.3803
4965.0,-76.3778
4965.1,-76.3752
4965.2,-76.3727
4965.3,-76.3703
4965.4,-76.3678
4965.5,-76.3654
4965.6,-76.3629
4965.7,-76.3605
4965.8,-76.3581
4965.9,-76.3558
4966.0,-76.3534
4966.1,-76.3510
4966.2,-76.3487
4966.3,-76.3464
4966.4,-76.3441
4966.5,-76.3418
4966.6,-76.3395
4966.7,-76.3373
4966.8,-76.3350
4966.9,-76.3328
4967.0,-76.3306
4967.1,-76.3284
4967.2,-76.3262
4967.3,-76.3241
4967.4,-76.3219
4967.5,-76.3198
4967.6,-76.3176
4967.7,-76.3155
4967.8,-76.3134
4967.9,-76.3113
4968.0,-76.3093
4968.1,-76.3072
4968.2,-76.3052
4968.3,-76.3032
4968.4,-76.3011
4968.5,-76.2991
4968.6,-76.2971
4968.7,-76.2952
4968.8,-76.2932
4968.9,-76.2913
4969.0,-76.2893
4969.1,-76.2874
4969.2,-76.2855
4969.3,-76.2836
4969.4,-76.2817
4969.5,-76.2798
4969.6,-76.2780
4969.7,-76.2761
4969.8,-76.2743
4969.9,-76.2725
4970.0,-76.2707
4970.1,-76.2689
4970.2,-76.2671
4970.3,-76.2653
4970.4,-76.2635
4970.5,-76.2618
4970.6,-76.2601
4970.7,-76.2583
4970.8,-76.2566
4970.9,-76.2549
4971.0,-76.2532
4971.1,-76.2515
4971.2,-76.2499
4971.3,-76.2482
4971.4,-76.2466
4971.5,-76.2449
4971.6,-76.2433
4971.7,-76.2417
4971.8,-76.2401
4971.9,-76.2385
4972.0,-76.2369
4972.1,-76.2353
4972.2,-76.2337
4972.3,-76.2322
4972.4,-76.2307
4972.5,-76.2291
4972.6,-76.2276
4972.7,-76.2261
4972.8,-76.2246
4972.9,-76.2231
4973.0,-76.2216
4973.1,-76.2201
4973.2,-76.2187
4973.3,-76.2172
4973.4,-76.2158
4973.5,-76.2143
4973.6,-76.2129
4973.7,-76.2115
4973.8,-76.2101
4973.9,-76.2087
4974.0,-76.2073
4974.1,-76.2059
4974.2,-76.2046
4974.3,-76.2032
4974.4,-76.2019
4974.5,-76.2005
4974.6,-76.1992
4974.7,-76.1979
4974.8,-76.1965
4974.9,-76.1952
4975.0,-76.1939
4975.1,-76.1927
4975.2,-76.1914
4975.3,-76.1901
4975.4,-76.1888
4975.5,-76.1876
4975.6,-76.1863
4975.7,-76.1851
4975.8,-76.1839
4975.9,-76.1826
4976.0,-76.1814
4976.1,-76.1802
4976.2,-76.1790
4976.3,-76.1778
4976.4,-76.1767
4976.5,-76.1755
4976.6,-76.1743
4976.7,-76.1732
4976.8,-76.1720
4976.9,-76.1709
4977.0,-76.1697
4977.1,-76.1686
4977.2,-76.1675
4977.3,-76.1664
4977.4,-76.1653
4977.5,-76.1642
4977.6,-76.1631
4977.7,-76.1620
4977.8,-76.1609
4977.9,-76.1598
4978.0,-76.1588
4978.1,-76.1577
4978.2,-76.1567
4978.3,-76.1556
4978.4,-76.1546
4978.5,-76.1536
4978.6,-76.1526
4978.7,-76.1515
4978.8,-76.1505
4978.9,-76.1495
4979.0,-76.1485
4979.1,-76.1476
4979.2,-76.1466
4979.3,-76.1456
4979.4,-76.1446
4979.5,-76.1437
4979.6,-76.1427
4979.7,-76.1418
4979.8,-76.1408
4979.9,-76.1399
4980.0,-76.1390
4980.1,-76.1380
4980.2,-76.1371
4980.3,-76.1362
4980.4,-76.1353
4980.5,-76.1344
4980.6,-76.1335
4980.7,-76.1326
4980.8,-76.1317
4980.9,-76.1309
4981.0,-76.1300
4981.1,-76.1291
4981.2,-76.1283
4981.3,-76.1274
4981.4,-76.1266
4981.5,-76.1257
4981.6,-76.1249
4981.7,-76.1241
4981.8,-76.1233
4981.9,-76.1224
4982.0,-76.1216
4982.1,-76.1208
4982.2,-76.1200
4982.3,-76.1192
4982.4,-76.1184
4982.5,-76.1176
4982.6,-76.1169
4982.7,-76.1161
4982.8,-76.1153
4982.9,-76.1145
4983.0,-76.1138
4983.1,-76.1130
4983.2,-76.1123
4983.3,-76.1115
4983.4,-76.1108
4983.5,-76.1100
4983.6,-76.1093
4983.7,-76.1086
4983.8,-76.1079
4983.9,-76.1072
4984.0,-76.1064
4984.1,-76.1057
4984.2,-76.1050
4984.3,-76.1043
4984.4,-76.1036
4984.5,-76.1029
4984.6,-76.1023
4984.7,-76.1016
4984.8,-76.1009
4984.9,-76.1002
4985.0,-76.0996
4985.1,-76.0989
4985.2,-76.0983
4985.3,-76.0976
4985.4,-76.0970
4985.5,-76.0963
4985.6,-76.0957
4985.7,-76.0950
4985.8,-76.0944
4985.9,-76.0938
4986.0,-76.0932
4986.1,-76.0925
4986.2,-76.0919
4986.3,-76.0913
4986.4,-76.0907
4986.5,-76.0901
4986.6,-76.0895
4986.7,-76.0889
4986.8,-76.0883
4986.9,-76.0877
4987.0,-76.0871
4987.1,-76.0866
4987.2,-76.0860
4987.3,-76.0854
4987.4,-76.0849
4987.5,-76.0843
4987.6,-76.0837
4987.7,-76.0832
4987.8,-76.0826
4987.9,-76.0821
4988.0,-76.0815
4988.1,-76.0810
4988.2,-76.0804
4988.3,-76.0799
4988.4,-76.0794
4988.5,-76.0789
4988.6,-76.0783
4988.7,-76.0778
4988.8,-76.0773
4988.9,-76.0768
4989.0,-76.0763
4989.1,-76.0758
4989.2,-76.0753
4989.3,-76.0748
4989.4,-76.0743
4989.5,-76.0738
4989.6,-76.0733
4989.7,-76.0728
4989.8,-76.0723
4989.9,-76.0718
4990.0,-76.0713
4990.1,-76.0709
4990.2,-76.0704
4990.3,-76.0699
4990.4,-76.0695
4990.5,-76.0690
4990.6,-76.0686
4990.7,-76.0681
4990.8,-76.0676
4990.9,-76.0672
4991.0,-76.0667
4991.1,-76.0663
4991.2,-76.0659
4991.3,-76.0654
4991.4,-76.0650
4991.5,-76.0646
4991.6,-76.0641
4991.7,-76.0637
4991.8,-76.0633
4991.9,-76.0629
4992.0,-76.0624
4992.1,-76.0620
4992.2,-76.0616
4992.3,-76.0612
4992.4,-76.0608
4992.5,-76.0604
4992.6,-76.0600
4992.7,-76.0596
4992.8,-76.0592
4992.9,-76.0588
4993.0,-76.0584
4993.1,-76.0580
4993.2,-76.0576
4993.3,-76.0573
4993.4,-76.0569
4993.5,-76.0565
4993.6,-76.0561
4993.7,-76.0558
4993.8,-76.0554
4993.9,-76.0550
4994.0,-76.0546
4994.1,-76.0543
4994.2,-76.0539
4994.3,-76.0536
4994.4,-76.0532
4994.5,-76.0529
4994.6,-76.0525
4994.7,-76.0522
4994.8,-76.0518
4994.9,-76.0515
4995.0,-76.0511
4995.1,-76.0508
4995.2,-76.0504
4995.3,-76.0501
4995.4,-76.0498
4995.5,-76.0494
4995.6,-76.0491
4995.7,-76.0488
4995.8,-76.0485
4995.9,-76.0481
4996.0,-76.0478
4996.1,-76.0475
4996.2,-76.0472
4996.3,-76.0469
4996.4,-76.0466
4996.5,-76.0463
4996.6,-76.0460
4996.7,-76.0456
4996.8,-76.0453
4996.9,-76.0450
4997.0,-76.0447
4997.1,-76.0444
4997.2,-76.0441
4997.3,-76.0439
4997.4,-76.0436
4997.5,-76.0433
4997.6,-76.0430
4997.7,-76.0427
4997.8,-76.0424
4997.9,-76.0421
4998.0,-76.0419
4998.1,-76.0416
4998.2,-76.0413
4998.3,-76.0410
4998.4,-76.0408
4998.5,-76.0405
4998.6,-76.0402
4998.7,-76.0399
4998.8,-76.0397
4998.9,-76.0394
4999.0,-76.0392
4999.1,-76.0389
4999.2,-76.0386
4999.3,-76.0384
4999.4,-76.0381
4999.5,-76.0379
4999.6,-76.0376
4999.7,-76.0374
4999.8,-76.0371
4999.9,-76.0369
